Workbook

Sheet Fill table
B2: ~TFM_FILL-R:w=BaseCoalPlants; Hcol=Region
B3: Scenario | C3: Attribute | D3: Year | E3: Attrib_Cond | F3: Val_Cond | G3: AllRegions | H3: Pset_PN | I3: Pset_PD
C4: ACT_COST | G4: 1 | H4: ECSTM* | I4: Residual*
C5: ENV_ACT | G5: 1 | H5: ECSTM* | I5: Residual*
C6: NCAP_AFA | G6: 1 | H6: ECSTM* | I6: Residual*
C7: NCAP_COST | G7: 1 | H7: ECSTM* | I7: Residual*
C8: NCAP_DRATE | G8: 1 | H8: ECSTM* | I8: Residual*
C9: NCAP_FOM | G9: 1 | H9: ECSTM* | I9: Residual*
C10: NCAP_PKCNT | G10: 1 | H10: ECSTM* | I10: Residual*
C11: PRC_CAPACT | G11: 1 | H11: ECSTM* | I11: Residual*
C12: EFF | G12: 1 | H12: ECSTM* | I12: Residual*
C13: LIFE | G13: 1 | H13: ECSTM* | I13: Residual*

Sheet BaseCoalPlants
A1: scenario | B1: attribute | C1: process | D1: commodity | E1: lim_type | F1: time_slice | G1: year | H1: commodity_group | I1: currency | J1: stage | K1: sow | L1: R0 | M1: R1 | N1: R2 | O1: R3 | P1: R4 | Q1: R5 | R1: R6 | S1: R7 | T1: R8 | U1: R9 | W1: R1 | X1: R2 | Y1: R3 | Z1: R4 | AA1: R5 | AB1: R6 | AC1: R7 | AD1: R8 | AE1: R9
A2: BASE | B2: ACT_COST | C2: ECSTMRBONR | D2: - | E2: - | F2: - | G2: 2010 | H2: - | I2: USD05 | J2: - | K2: - | M2: 1.0667559 | N2: 1.0667559 | O2: 1.0667559 | P2: 1.0667559 | Q2: 1.0667559 | R2: 1.0667559 | S2: 1.0667559 | T2: 1.0667559 | U2: 1.0667559 | W2: 0.96
A3: BASE | B3: ACT_COST | C3: ECSTMRBOO | D3: - | E3: - | F3: - | G3: 2010 | H3: - | I3: USD05 | J3: - | K3: - | M3: 2.11944 | N3: 1.8767671 | O3: 1.9392488 | P3: 1.840528 | Q3: 1.6386527 | R3: 1.7277413 | S3: 1.8940162 | T3: 1.8849702 | U3: 1.8196099
A4: BASE | B4: ACT_COST | C4: ECSTMRBOR | D4: - | E4: - | F4: - | G4: 2010 | H4: - | I4: USD05 | J4: - | K4: - | M4: 2.11944 | N4: 1.8767671 | O4: 1.9392488 | P4: 1.840528 | Q4: 1.6386527 | R4: 1.7277413 | S4: 1.8940162 | T4: 1.8849702 | U4: 1.8196099
A5: BASE | B5: ACT_COST | C5: ECSTMRBUO | D5: - | E5: - | F5: - | G5: 2010 | H5: - | I5: USD05 | J5: - | K5: - | M5: 2.11944 | N5: 1.8767671 | O5: 1.9392488 | P5: 1.840528 | Q5: 1.6386527 | R5: 1.7277413 | S5: 1.8940162 | T5: 1.8849702 | U5: 1.8196099
A6: BASE | B6: ACT_COST | C6: ECSTMRBUR | D6: - | E6: - | F6: - | G6: 2010 | H6: - | I6: USD05 | J6: - | K6: - | M6: 2.11944 | N6: 1.8767671 | O6: 1.9392488 | P6: 1.840528 | Q6: 1.6386527 | R6: 1.7277413 | S6: 1.8940162 | T6: 1.8849702 | U6: 1.8196099
A7: BASE | B7: ACT_COST | C7: ECSTMRLONR | D7: - | E7: - | F7: - | G7: 2010 | H7: - | I7: USD05 | J7: - | K7: - | M7: 1.0667559 | N7: 1.0667559 | O7: 1.0667559 | P7: 1.0667559 | Q7: 1.0667559 | R7: 1.0667559 | S7: 1.0667559 | T7: 1.0667559 | U7: 1.0667559
A8: BASE | B8: ACT_COST | C8: ECSTMRLOO | D8: - | E8: - | F8: - | G8: 2010 | H8: - | I8: USD05 | J8: - | K8: - | M8: 2.11944 | N8: 1.8767671 | O8: 1.9392488 | P8: 1.840528 | Q8: 1.6386527 | R8: 1.7277413 | S8: 1.8940162 | T8: 1.8849702 | U8: 1.8196099
A9: BASE | B9: ACT_COST | C9: ECSTMRLOR | D9: - | E9: - | F9: - | G9: 2010 | H9: - | I9: USD05 | J9: - | K9: - | M9: 2.11944 | N9: 1.8767671 | O9: 1.9392488 | P9: 1.840528 | Q9: 1.6386527 | R9: 1.7277413 | S9: 1.8940162 | T9: 1.8849702 | U9: 1.8196099
A10: BASE | B10: ACT_COST | C10: ECSTMRLUO | D10: - | E10: - | F10: - | G10: 2010 | H10: - | I10: USD05 | J10: - | K10: - | M10: 2.11944 | N10: 1.8767671 | O10: 1.9392488 | P10: 1.840528 | Q10: 1.6386527 | R10: 1.7277413 | S10: 1.8940162 | T10: 1.8849702 | U10: 1.8196099
A11: BASE | B11: ACT_COST | C11: ECSTMRLUR | D11: - | E11: - | F11: - | G11: 2010 | H11: - | I11: USD05 | J11: - | K11: - | M11: 2.11944 | N11: 1.8767671 | O11: 1.9392488 | P11: 1.840528 | Q11: 1.6386527 | R11: 1.7277413 | S11: 1.8940162 | T11: 1.8849702 | U11: 1.8196099
A12: BASE | B12: ACT_COST | C12: ECSTMRSONR | D12: - | E12: - | F12: - | G12: 2010 | H12: - | I12: USD05 | J12: - | K12: - | M12: 1.0667559 | N12: 1.0667559 | O12: 1.0667559 | P12: 1.0667559 | Q12: 1.0667559 | R12: 1.0667559 | S12: 1.0667559 | T12: 1.0667559 | U12: 1.0667559
A13: BASE | B13: ACT_COST | C13: ECSTMRSOO | D13: - | E13: - | F13: - | G13: 2010 | H13: - | I13: USD05 | J13: - | K13: - | M13: 2.11944 | N13: 1.8767671 | O13: 1.9392488 | P13: 1.840528 | Q13: 1.6386527 | R13: 1.7277413 | S13: 1.8940162 | T13: 1.8849702 | U13: 1.8196099
A14: BASE | B14: ACT_COST | C14: ECSTMRSOR | D14: - | E14: - | F14: - | G14: 2010 | H14: - | I14: USD05 | J14: - | K14: - | M14: 2.11944 | N14: 1.8767671 | O14: 1.9392488 | P14: 1.840528 | Q14: 1.6386527 | R14: 1.7277413 | S14: 1.8940162 | T14: 1.8849702 | U14: 1.8196099 | W14: =M14*$W$2 -> 2.0346624 | X14: =N14*$W$2 -> 1.8016964 | Y14: =O14*$W$2 -> 1.8616789 | Z14: =P14*$W$2 -> 1.7669069 | AA14: =Q14*$W$2 -> 1.5731066 | AB14: =R14*$W$2 -> 1.6586317 | AC14: =S14*$W$2 -> 1.8182555 | AD14: =T14*$W$2 -> 1.8095714 | AE14: =U14*$W$2 -> 1.7468255
A15: BASE | B15: ACT_COST | C15: ECSTMRSUO | D15: - | E15: - | F15: - | G15: 2010 | H15: - | I15: USD05 | J15: - | K15: - | M15: 2.11944 | N15: 1.8767671 | O15: 1.9392488 | P15: 1.840528 | Q15: 1.6386527 | R15: 1.7277413 | S15: 1.8940162 | T15: 1.8849702 | U15: 1.8196099 | W15: =M15*$W$2 -> 2.0346624 | X15: =N15*$W$2 -> 1.8016964 | Y15: =O15*$W$2 -> 1.8616789 | Z15: =P15*$W$2 -> 1.7669069 | AA15: =Q15*$W$2 -> 1.5731066 | AB15: =R15*$W$2 -> 1.6586317 | AC15: =S15*$W$2 -> 1.8182555 | AD15: =T15*$W$2 -> 1.8095714 | AE15: =U15*$W$2 -> 1.7468255
A16: BASE | B16: ACT_COST | C16: ECSTMRSUR | D16: - | E16: - | F16: - | G16: 2010 | H16: - | I16: USD05 | J16: - | K16: - | M16: 2.11944 | N16: 1.8767671 | O16: 1.9392488 | P16: 1.840528 | Q16: 1.6386527 | R16: 1.7277413 | S16: 1.8940162 | T16: 1.8849702 | U16: 1.8196099 | W16: =M16*$W$2 -> 2.0346624 | X16: =N16*$W$2 -> 1.8016964 | Y16: =O16*$W$2 -> 1.8616789 | Z16: =P16*$W$2 -> 1.7669069 | AA16: =Q16*$W$2 -> 1.5731066 | AB16: =R16*$W$2 -> 1.6586317 | AC16: =S16*$W$2 -> 1.8182555 | AD16: =T16*$W$2 -> 1.8095714 | AE16: =U16*$W$2 -> 1.7468255
A17: BASE | B17: EFF | C17: ECSTMRBOO | D17: - | E17: - | F17: ANNUAL | G17: 1950 | H17: - | I17: - | J17: - | K17: - | Q17: 0.33590808 | W17: =M17*$W$2 -> 0 | X17: =N17*$W$2 -> 0 | Y17: =O17*$W$2 -> 0 | Z17: =P17*$W$2 -> 0 | AA17: =Q17*$W$2 -> 0.32247176 | AB17: =R17*$W$2 -> 0 | AC17: =S17*$W$2 -> 0 | AD17: =T17*$W$2 -> 0 | AE17: =U17*$W$2 -> 0
A18: BASE | B18: EFF | C18: ECSTMRBOO | D18: - | E18: - | F18: ANNUAL | G18: 1951 | H18: - | I18: - | J18: - | K18: - | O18: 0.31613139 | Q18: 0.32620802 | R18: 0.28527456 | W18: =M18*$W$2 -> 0 | X18: =N18*$W$2 -> 0 | Y18: =O18*$W$2 -> 0.30348614 | Z18: =P18*$W$2 -> 0 | AA18: =Q18*$W$2 -> 0.3131597 | AB18: =R18*$W$2 -> 0.27386358 | AC18: =S18*$W$2 -> 0 | AD18: =T18*$W$2 -> 0 | AE18: =U18*$W$2 -> 0
A19: BASE | B19: EFF | C19: ECSTMRBOO | D19: - | E19: - | F19: ANNUAL | G19: 1952 | H19: - | I19: - | J19: - | K19: - | N19: 0.32415979 | O19: 0.32551009 | Q19: 0.32898732 | R19: 0.30698622 | W19: =M19*$W$2 -> 0 | X19: =N19*$W$2 -> 0.3111934 | Y19: =O19*$W$2 -> 0.31248969 | Z19: =P19*$W$2 -> 0 | AA19: =Q19*$W$2 -> 0.31582783 | AB19: =R19*$W$2 -> 0.29470677 | AC19: =S19*$W$2 -> 0 | AD19: =T19*$W$2 -> 0 | AE19: =U19*$W$2 -> 0
A20: BASE | B20: EFF | C20: ECSTMRBOO | D20: - | E20: - | F20: ANNUAL | G20: 1953 | H20: - | I20: - | J20: - | K20: - | N20: 0.31304606 | O20: 0.32760391 | Q20: 0.33734748 | R20: 0.32791965 | W20: =M20*$W$2 -> 0 | X20: =N20*$W$2 -> 0.30052422 | Y20: =O20*$W$2 -> 0.31449975 | Z20: =P20*$W$2 -> 0 | AA20: =Q20*$W$2 -> 0.32385358 | AB20: =R20*$W$2 -> 0.31480286 | AC20: =S20*$W$2 -> 0 | AD20: =T20*$W$2 -> 0 | AE20: =U20*$W$2 -> 0
A21: BASE | B21: EFF | C21: ECSTMRBOO | D21: - | E21: - | F21: ANNUAL | G21: 1954 | H21: - | I21: - | J21: - | K21: - | N21: 0.31772383 | O21: 0.33146073 | Q21: 0.3276621 | R21: 0.3356156 | W21: =M21*$W$2 -> 0 | X21: =N21*$W$2 -> 0.30501488 | Y21: =O21*$W$2 -> 0.3182023 | Z21: =P21*$W$2 -> 0 | AA21: =Q21*$W$2 -> 0.31455562 | AB21: =R21*$W$2 -> 0.32219098 | AC21: =S21*$W$2 -> 0 | AD21: =T21*$W$2 -> 0 | AE21: =U21*$W$2 -> 0
A22: BASE | B22: EFF | C22: ECSTMRBOO | D22: - | E22: - | F22: ANNUAL | G22: 1955 | H22: - | I22: - | J22: - | K22: - | N22: 0.34471384 | O22: 0.33901574 | Q22: 0.33273772 | R22: 0.33764607 | W22: =M22*$W$2 -> 0 | X22: =N22*$W$2 -> 0.33092528 | Y22: =O22*$W$2 -> 0.32545511 | Z22: =P22*$W$2 -> 0 | AA22: =Q22*$W$2 -> 0.31942821 | AB22: =R22*$W$2 -> 0.32414023 | AC22: =S22*$W$2 -> 0 | AD22: =T22*$W$2 -> 0 | AE22: =U22*$W$2 -> 0
A23: BASE | B23: EFF | C23: ECSTMRBOO | D23: - | E23: - | F23: ANNUAL | G23: 1956 | H23: - | I23: - | J23: - | K23: - | Q23: 0.33942006 | R23: 0.34838868 | W23: =M23*$W$2 -> 0 | X23: =N23*$W$2 -> 0 | Y23: =O23*$W$2 -> 0 | Z23: =P23*$W$2 -> 0 | AA23: =Q23*$W$2 -> 0.32584325 | AB23: =R23*$W$2 -> 0.33445313 | AC23: =S23*$W$2 -> 0 | AD23: =T23*$W$2 -> 0 | AE23: =U23*$W$2 -> 0
A24: BASE | B24: EFF | C24: ECSTMRBOO | D24: - | E24: - | F24: ANNUAL | G24: 1957 | H24: - | I24: - | J24: - | K24: - | O24: 0.3542601 | Q24: 0.34318037 | R24: 0.34534179 | W24: =M24*$W$2 -> 0 | X24: =N24*$W$2 -> 0 | Y24: =O24*$W$2 -> 0.3400897 | Z24: =P24*$W$2 -> 0 | AA24: =Q24*$W$2 -> 0.32945315 | AB24: =R24*$W$2 -> 0.33152812 | AC24: =S24*$W$2 -> 0 | AD24: =T24*$W$2 -> 0 | AE24: =U24*$W$2 -> 0
A25: BASE | B25: EFF | C25: ECSTMRBOO | D25: - | E25: - | F25: ANNUAL | G25: 1958 | H25: - | I25: - | J25: - | K25: - | M25: 0.32439607 | N25: 0.34303015 | O25: 0.35597945 | Q25: 0.33487423 | R25: 0.3434648 | W25: =M25*$W$2 -> 0.31142023 | X25: =N25*$W$2 -> 0.32930894 | Y25: =O25*$W$2 -> 0.34174027 | Z25: =P25*$W$2 -> 0 | AA25: =Q25*$W$2 -> 0.32147926 | AB25: =R25*$W$2 -> 0.32972621 | AC25: =S25*$W$2 -> 0 | AD25: =T25*$W$2 -> 0 | AE25: =U25*$W$2 -> 0
A26: BASE | B26: EFF | C26: ECSTMRBOO | D26: - | E26: - | F26: ANNUAL | G26: 1959 | H26: - | I26: - | J26: - | K26: - | N26: 0.32834381 | O26: 0.33372141 | Q26: 0.33329796 | R26: 0.34901639 | W26: =M26*$W$2 -> 0 | X26: =N26*$W$2 -> 0.31521006 | Y26: =O26*$W$2 -> 0.32037255 | Z26: =P26*$W$2 -> 0 | AA26: =Q26*$W$2 -> 0.31996605 | AB26: =R26*$W$2 -> 0.33505573 | AC26: =S26*$W$2 -> 0 | AD26: =T26*$W$2 -> 0 | AE26: =U26*$W$2 -> 0
A27: BASE | B27: EFF | C27: ECSTMRBOO | D27: - | E27: - | F27: ANNUAL | G27: 1960 | H27: - | I27: - | J27: - | K27: - | M27: 0.30418845 | N27: 0.33922864 | O27: 0.33527628 | Q27: 0.32485043 | W27: =M27*$W$2 -> 0.29202092 | X27: =N27*$W$2 -> 0.32565949 | Y27: =O27*$W$2 -> 0.32186523 | Z27: =P27*$W$2 -> 0 | AA27: =Q27*$W$2 -> 0.31185641 | AB27: =R27*$W$2 -> 0 | AC27: =S27*$W$2 -> 0 | AD27: =T27*$W$2 -> 0 | AE27: =U27*$W$2 -> 0
A28: BASE | B28: EFF | C28: ECSTMRBOO | D28: - | E28: - | F28: ANNUAL | G28: 1961 | H28: - | I28: - | J28: - | K28: - | N28: 0.36451001 | O28: 0.33137169 | Q28: 0.33671875 | R28: 0.33728598 | W28: =M28*$W$2 -> 0 | X28: =N28*$W$2 -> 0.34992961 | Y28: =O28*$W$2 -> 0.31811682 | Z28: =P28*$W$2 -> 0 | AA28: =Q28*$W$2 -> 0.32325 | AB28: =R28*$W$2 -> 0.32379454 | AC28: =S28*$W$2 -> 0 | AD28: =T28*$W$2 -> 0 | AE28: =U28*$W$2 -> 0
A29: BASE | B29: EFF | C29: ECSTMRBOO | D29: - | E29: - | F29: ANNUAL | G29: 1962 | H29: - | I29: - | J29: - | K29: - | N29: 0.33208281 | O29: 0.33499529 | Q29: 0.33104983 | R29: 0.31374791 | W29: =M29*$W$2 -> 0 | X29: =N29*$W$2 -> 0.3187995 | Y29: =O29*$W$2 -> 0.32159548 | Z29: =P29*$W$2 -> 0 | AA29: =Q29*$W$2 -> 0.31780784 | AB29: =R29*$W$2 -> 0.30119799 | AC29: =S29*$W$2 -> 0 | AD29: =T29*$W$2 -> 0 | AE29: =U29*$W$2 -> 0
A30: BASE | B30: EFF | C30: ECSTMRBOO | D30: - | E30: - | F30: ANNUAL | G30: 1963 | H30: - | I30: - | J30: - | K30: - | M30: 0.37456886 | N30: 0.32807637 | Q30: 0.34367925 | W30: =M30*$W$2 -> 0.3595861 | X30: =N30*$W$2 -> 0.31495331 | Y30: =O30*$W$2 -> 0 | Z30: =P30*$W$2 -> 0 | AA30: =Q30*$W$2 -> 0.32993208 | AB30: =R30*$W$2 -> 0 | AC30: =S30*$W$2 -> 0 | AD30: =T30*$W$2 -> 0 | AE30: =U30*$W$2 -> 0
A31: BASE | B31: EFF | C31: ECSTMRBOO | D31: - | E31: - | F31: ANNUAL | G31: 1964 | H31: - | I31: - | J31: - | K31: - | M31: 0.37456886 | N31: 0.3095242 | O31: 0.30973244 | Q31: 0.33556918 | R31: 0.36660102 | W31: =M31*$W$2 -> 0.3595861 | X31: =N31*$W$2 -> 0.29714324 | Y31: =O31*$W$2 -> 0.29734314 | Z31: =P31*$W$2 -> 0 | AA31: =Q31*$W$2 -> 0.32214642 | AB31: =R31*$W$2 -> 0.35193698 | AC31: =S31*$W$2 -> 0 | AD31: =T31*$W$2 -> 0 | AE31: =U31*$W$2 -> 0
A32: BASE | B32: EFF | C32: ECSTMRBOO | D32: - | E32: - | F32: ANNUAL | G32: 1965 | H32: - | I32: - | J32: - | K32: - | N32: 0.37106593 | O32: 0.30288676 | Q32: 0.33565195 | R32: 0.34316777 | W32: =M32*$W$2 -> 0 | X32: =N32*$W$2 -> 0.35622329 | Y32: =O32*$W$2 -> 0.29077129 | Z32: =P32*$W$2 -> 0 | AA32: =Q32*$W$2 -> 0.32222587 | AB32: =R32*$W$2 -> 0.32944106 | AC32: =S32*$W$2 -> 0 | AD32: =T32*$W$2 -> 0 | AE32: =U32*$W$2 -> 0
A33: BASE | B33: EFF | C33: ECSTMRBOO | D33: - | E33: - | F33: ANNUAL | G33: 1966 | H33: - | I33: - | J33: - | K33: - | Q33: 0.33843194 | R33: 0.32775848 | W33: =M33*$W$2 -> 0 | X33: =N33*$W$2 -> 0 | Y33: =O33*$W$2 -> 0 | Z33: =P33*$W$2 -> 0 | AA33: =Q33*$W$2 -> 0.32489466 | AB33: =R33*$W$2 -> 0.31464814 | AC33: =S33*$W$2 -> 0 | AD33: =T33*$W$2 -> 0 | AE33: =U33*$W$2 -> 0
A34: BASE | B34: EFF | C34: ECSTMRBOO | D34: - | E34: - | F34: ANNUAL | G34: 1967 | H34: - | I34: - | J34: - | K34: - | N34: 0.30299434 | O34: 0.35902698 | Q34: 0.33650849 | R34: 0.3784321 | W34: =M34*$W$2 -> 0 | X34: =N34*$W$2 -> 0.29087457 | Y34: =O34*$W$2 -> 0.3446659 | Z34: =P34*$W$2 -> 0 | AA34: =Q34*$W$2 -> 0.32304815 | AB34: =R34*$W$2 -> 0.36329482 | AC34: =S34*$W$2 -> 0 | AD34: =T34*$W$2 -> 0 | AE34: =U34*$W$2 -> 0
A35: BASE | B35: EFF | C35: ECSTMRBOO | D35: - | E35: - | F35: ANNUAL | G35: 1968 | H35: - | I35: - | J35: - | K35: - | M35: 0.32776124 | O35: 0.34704219 | Q35: 0.35991164 | R35: 0.35243981 | W35: =M35*$W$2 -> 0.31465079 | X35: =N35*$W$2 -> 0 | Y35: =O35*$W$2 -> 0.3331605 | Z35: =P35*$W$2 -> 0 | AA35: =Q35*$W$2 -> 0.34551518 | AB35: =R35*$W$2 -> 0.33834222 | AC35: =S35*$W$2 -> 0 | AD35: =T35*$W$2 -> 0 | AE35: =U35*$W$2 -> 0
A36: BASE | B36: EFF | C36: ECSTMRBOO | D36: - | E36: - | F36: ANNUAL | G36: 1969 | H36: - | I36: - | J36: - | K36: - | M36: 0.37456886 | O36: 0.34964951 | Q36: 0.35500006 | R36: 0.33865618 | W36: =M36*$W$2 -> 0.3595861 | X36: =N36*$W$2 -> 0 | Y36: =O36*$W$2 -> 0.33566353 | Z36: =P36*$W$2 -> 0 | AA36: =Q36*$W$2 -> 0.34080005 | AB36: =R36*$W$2 -> 0.32510994 | AC36: =S36*$W$2 -> 0 | AD36: =T36*$W$2 -> 0 | AE36: =U36*$W$2 -> 0
A37: BASE | B37: EFF | C37: ECSTMRBOO | D37: - | E37: - | F37: ANNUAL | G37: 1970 | H37: - | I37: - | J37: - | K37: - | N37: 0.34855182 | O37: 0.34532756 | Q37: 0.31394817 | R37: 0.31128647 | W37: =M37*$W$2 -> 0 | X37: =N37*$W$2 -> 0.33460974 | Y37: =O37*$W$2 -> 0.33151446 | Z37: =P37*$W$2 -> 0 | AA37: =Q37*$W$2 -> 0.30139025 | AB37: =R37*$W$2 -> 0.29883501 | AC37: =S37*$W$2 -> 0 | AD37: =T37*$W$2 -> 0 | AE37: =U37*$W$2 -> 0
A38: BASE | B38: EFF | C38: ECSTMRBOO | D38: - | E38: - | F38: ANNUAL | G38: 1971 | H38: - | I38: - | J38: - | K38: - | O38: 0.36149843 | R38: 0.3507882 | W38: =M38*$W$2 -> 0 | X38: =N38*$W$2 -> 0 | Y38: =O38*$W$2 -> 0.34703849 | Z38: =P38*$W$2 -> 0 | AA38: =Q38*$W$2 -> 0 | AB38: =R38*$W$2 -> 0.33675667 | AC38: =S38*$W$2 -> 0 | AD38: =T38*$W$2 -> 0 | AE38: =U38*$W$2 -> 0
A39: BASE | B39: EFF | C39: ECSTMRBOO | D39: - | E39: - | F39: ANNUAL | G39: 1972 | H39: - | I39: - | J39: - | K39: - | O39: 0.35101125 | Q39: 0.34419228 | R39: 0.34941638 | W39: =M39*$W$2 -> 0 | X39: =N39*$W$2 -> 0 | Y39: =O39*$W$2 -> 0.3369708 | Z39: =P39*$W$2 -> 0 | AA39: =Q39*$W$2 -> 0.33042459 | AB39: =R39*$W$2 -> 0.33543973 | AC39: =S39*$W$2 -> 0 | AD39: =T39*$W$2 -> 0 | AE39: =U39*$W$2 -> 0
A40: BASE | B40: EFF | C40: ECSTMRBOO | D40: - | E40: - | F40: ANNUAL | G40: 1973 | H40: - | I40: - | J40: - | K40: - | O40: 0.3536165 | Q40: 0.32050236 | R40: 0.35012084 | W40: =M40*$W$2 -> 0 | X40: =N40*$W$2 -> 0 | Y40: =O40*$W$2 -> 0.33947184 | Z40: =P40*$W$2 -> 0 | AA40: =Q40*$W$2 -> 0.30768227 | AB40: =R40*$W$2 -> 0.33611601 | AC40: =S40*$W$2 -> 0 | AD40: =T40*$W$2 -> 0 | AE40: =U40*$W$2 -> 0
A41: BASE | B41: EFF | C41: ECSTMRBOO | D41: - | E41: - | F41: ANNUAL | G41: 1974 | H41: - | I41: - | J41: - | K41: - | O41: 0.36710042 | Q41: 0.36557985 | R41: 0.30728089 | W41: =M41*$W$2 -> 0 | X41: =N41*$W$2 -> 0 | Y41: =O41*$W$2 -> 0.3524164 | Z41: =P41*$W$2 -> 0 | AA41: =Q41*$W$2 -> 0.35095665 | AB41: =R41*$W$2 -> 0.29498966 | AC41: =S41*$W$2 -> 0 | AD41: =T41*$W$2 -> 0 | AE41: =U41*$W$2 -> 0
A42: BASE | B42: EFF | C42: ECSTMRBOO | D42: - | E42: - | F42: ANNUAL | G42: 1975 | H42: - | I42: - | J42: - | K42: - | O42: 0.34488804 | Q42: 0.36577578 | W42: =M42*$W$2 -> 0 | X42: =N42*$W$2 -> 0 | Y42: =O42*$W$2 -> 0.33109252 | Z42: =P42*$W$2 -> 0 | AA42: =Q42*$W$2 -> 0.35114475 | AB42: =R42*$W$2 -> 0 | AC42: =S42*$W$2 -> 0 | AD42: =T42*$W$2 -> 0 | AE42: =U42*$W$2 -> 0
A43: BASE | B43: EFF | C43: ECSTMRBOO | D43: - | E43: - | F43: ANNUAL | G43: 1976 | H43: - | I43: - | J43: - | K43: - | O43: 0.32588313 | Q43: 0.32143202 | W43: =M43*$W$2 -> 0 | X43: =N43*$W$2 -> 0 | Y43: =O43*$W$2 -> 0.31284781 | Z43: =P43*$W$2 -> 0 | AA43: =Q43*$W$2 -> 0.30857473 | AB43: =R43*$W$2 -> 0 | AC43: =S43*$W$2 -> 0 | AD43: =T43*$W$2 -> 0 | AE43: =U43*$W$2 -> 0
A44: BASE | B44: EFF | C44: ECSTMRBOO | D44: - | E44: - | F44: ANNUAL | G44: 1977 | H44: - | I44: - | J44: - | K44: - | O44: 0.31956567 | W44: =M44*$W$2 -> 0 | X44: =N44*$W$2 -> 0 | Y44: =O44*$W$2 -> 0.30678305 | Z44: =P44*$W$2 -> 0 | AA44: =Q44*$W$2 -> 0 | AB44: =R44*$W$2 -> 0 | AC44: =S44*$W$2 -> 0 | AD44: =T44*$W$2 -> 0 | AE44: =U44*$W$2 -> 0
A45: BASE | B45: EFF | C45: ECSTMRBOO | D45: - | E45: - | F45: ANNUAL | G45: 1978 | H45: - | I45: - | J45: - | K45: - | O45: 0.32130368 | R45: 0.32179576 | W45: =M45*$W$2 -> 0 | X45: =N45*$W$2 -> 0 | Y45: =O45*$W$2 -> 0.30845153 | Z45: =P45*$W$2 -> 0 | AA45: =Q45*$W$2 -> 0 | AB45: =R45*$W$2 -> 0.30892393 | AC45: =S45*$W$2 -> 0 | AD45: =T45*$W$2 -> 0 | AE45: =U45*$W$2 -> 0
A46: BASE | B46: EFF | C46: ECSTMRBOO | D46: - | E46: - | F46: ANNUAL | G46: 1979 | H46: - | I46: - | J46: - | K46: - | Q46: 0.33411557 | R46: 0.30617517 | W46: =M46*$W$2 -> 0 | X46: =N46*$W$2 -> 0 | Y46: =O46*$W$2 -> 0 | Z46: =P46*$W$2 -> 0 | AA46: =Q46*$W$2 -> 0.32075094 | AB46: =R46*$W$2 -> 0.29392816 | AC46: =S46*$W$2 -> 0 | AD46: =T46*$W$2 -> 0 | AE46: =U46*$W$2 -> 0
A47: BASE | B47: EFF | C47: ECSTMRBOO | D47: - | E47: - | F47: ANNUAL | G47: 1980 | H47: - | I47: - | J47: - | K47: - | Q47: 0.33051447 | R47: 0.29838425 | W47: =M47*$W$2 -> 0 | X47: =N47*$W$2 -> 0 | Y47: =O47*$W$2 -> 0 | Z47: =P47*$W$2 -> 0 | AA47: =Q47*$W$2 -> 0.31729389 | AB47: =R47*$W$2 -> 0.28644888 | AC47: =S47*$W$2 -> 0 | AD47: =T47*$W$2 -> 0 | AE47: =U47*$W$2 -> 0
A48: BASE | B48: EFF | C48: ECSTMRBOO | D48: - | E48: - | F48: ANNUAL | G48: 1981 | H48: - | I48: - | J48: - | K48: - | N48: 0.37106593 | W48: =M48*$W$2 -> 0 | X48: =N48*$W$2 -> 0.35622329 | Y48: =O48*$W$2 -> 0 | Z48: =P48*$W$2 -> 0 | AA48: =Q48*$W$2 -> 0 | AB48: =R48*$W$2 -> 0 | AC48: =S48*$W$2 -> 0 | AD48: =T48*$W$2 -> 0 | AE48: =U48*$W$2 -> 0
A49: BASE | B49: EFF | C49: ECSTMRBOO | D49: - | E49: - | F49: ANNUAL | G49: 1982 | H49: - | I49: - | J49: - | K49: - | Q49: 0.3533888 | R49: 0.3176913 | W49: =M49*$W$2 -> 0 | X49: =N49*$W$2 -> 0 | Y49: =O49*$W$2 -> 0 | Z49: =P49*$W$2 -> 0 | AA49: =Q49*$W$2 -> 0.33925325 | AB49: =R49*$W$2 -> 0.30498365 | AC49: =S49*$W$2 -> 0 | AD49: =T49*$W$2 -> 0 | AE49: =U49*$W$2 -> 0
A50: BASE | B50: EFF | C50: ECSTMRBOO | D50: - | E50: - | F50: ANNUAL | G50: 1984 | H50: - | I50: - | J50: - | K50: - | N50: 0.37018033 | Q50: 0.3560065 | W50: =M50*$W$2 -> 0 | X50: =N50*$W$2 -> 0.35537312 | Y50: =O50*$W$2 -> 0 | Z50: =P50*$W$2 -> 0 | AA50: =Q50*$W$2 -> 0.34176624 | AB50: =R50*$W$2 -> 0 | AC50: =S50*$W$2 -> 0 | AD50: =T50*$W$2 -> 0 | AE50: =U50*$W$2 -> 0
A51: BASE | B51: EFF | C51: ECSTMRBOO | D51: - | E51: - | F51: ANNUAL | G51: 1985 | H51: - | I51: - | J51: - | K51: - | Q51: 0.29924777 | W51: =M51*$W$2 -> 0 | X51: =N51*$W$2 -> 0 | Y51: =O51*$W$2 -> 0 | Z51: =P51*$W$2 -> 0 | AA51: =Q51*$W$2 -> 0.28727786 | AB51: =R51*$W$2 -> 0 | AC51: =S51*$W$2 -> 0 | AD51: =T51*$W$2 -> 0 | AE51: =U51*$W$2 -> 0
A52: BASE | B52: EFF | C52: ECSTMRBOO | D52: - | E52: - | F52: ANNUAL | G52: 1986 | H52: - | I52: - | J52: - | K52: - | O52: 0.31742533 | W52: =M52*$W$2 -> 0 | X52: =N52*$W$2 -> 0 | Y52: =O52*$W$2 -> 0.30472831 | Z52: =P52*$W$2 -> 0 | AA52: =Q52*$W$2 -> 0 | AB52: =R52*$W$2 -> 0 | AC52: =S52*$W$2 -> 0 | AD52: =T52*$W$2 -> 0 | AE52: =U52*$W$2 -> 0
A53: BASE | B53: EFF | C53: ECSTMRBOO | D53: - | E53: - | F53: ANNUAL | G53: 1987 | H53: - | I53: - | J53: - | K53: - | N53: 0.3587674 | W53: =M53*$W$2 -> 0 | X53: =N53*$W$2 -> 0.3444167 | Y53: =O53*$W$2 -> 0 | Z53: =P53*$W$2 -> 0 | AA53: =Q53*$W$2 -> 0 | AB53: =R53*$W$2 -> 0 | AC53: =S53*$W$2 -> 0 | AD53: =T53*$W$2 -> 0 | AE53: =U53*$W$2 -> 0
A54: BASE | B54: EFF | C54: ECSTMRBOO | D54: - | E54: - | F54: ANNUAL | G54: 1990 | H54: - | I54: - | J54: - | K54: - | R54: 0.28191691 | W54: =M54*$W$2 -> 0 | X54: =N54*$W$2 -> 0 | Y54: =O54*$W$2 -> 0 | Z54: =P54*$W$2 -> 0 | AA54: =Q54*$W$2 -> 0 | AB54: =R54*$W$2 -> 0.27064023 | AC54: =S54*$W$2 -> 0 | AD54: =T54*$W$2 -> 0 | AE54: =U54*$W$2 -> 0
A55: BASE | B55: EFF | C55: ECSTMRBOO | D55: - | E55: - | F55: ANNUAL | G55: 1994 | H55: - | I55: - | J55: - | K55: - | N55: 0.34502753 | W55: =M55*$W$2 -> 0 | X55: =N55*$W$2 -> 0.33122643 | Y55: =O55*$W$2 -> 0 | Z55: =P55*$W$2 -> 0 | AA55: =Q55*$W$2 -> 0 | AB55: =R55*$W$2 -> 0 | AC55: =S55*$W$2 -> 0 | AD55: =T55*$W$2 -> 0 | AE55: =U55*$W$2 -> 0
A56: BASE | B56: EFF | C56: ECSTMRBOO | D56: - | E56: - | F56: ANNUAL | G56: 2000 | H56: - | I56: - | J56: - | K56: - | O56: 0.33678664 | W56: =M56*$W$2 -> 0 | X56: =N56*$W$2 -> 0 | Y56: =O56*$W$2 -> 0.32331518 | Z56: =P56*$W$2 -> 0 | AA56: =Q56*$W$2 -> 0 | AB56: =R56*$W$2 -> 0 | AC56: =S56*$W$2 -> 0 | AD56: =T56*$W$2 -> 0 | AE56: =U56*$W$2 -> 0
A57: BASE | B57: EFF | C57: ECSTMRBOO | D57: - | E57: - | F57: ANNUAL | G57: 2002 | H57: - | I57: - | J57: - | K57: - | Q57: 0.35082736 | W57: =M57*$W$2 -> 0 | X57: =N57*$W$2 -> 0 | Y57: =O57*$W$2 -> 0 | Z57: =P57*$W$2 -> 0 | AA57: =Q57*$W$2 -> 0.33679426 | AB57: =R57*$W$2 -> 0 | AC57: =S57*$W$2 -> 0 | AD57: =T57*$W$2 -> 0 | AE57: =U57*$W$2 -> 0
A58: BASE | B58: EFF | C58: ECSTMRBOR | D58: - | E58: - | F58: ANNUAL | G58: 1950 | H58: - | I58: - | J58: - | K58: - | Q58: 0.30576364 | W58: =M58*$W$2 -> 0 | X58: =N58*$W$2 -> 0 | Y58: =O58*$W$2 -> 0 | Z58: =P58*$W$2 -> 0 | AA58: =Q58*$W$2 -> 0.2935331 | AB58: =R58*$W$2 -> 0 | AC58: =S58*$W$2 -> 0 | AD58: =T58*$W$2 -> 0 | AE58: =U58*$W$2 -> 0
A59: BASE | B59: EFF | C59: ECSTMRBOR | D59: - | E59: - | F59: ANNUAL | G59: 1952 | H59: - | I59: - | J59: - | K59: - | Q59: 0.30557198 | W59: =M59*$W$2 -> 0 | X59: =N59*$W$2 -> 0 | Y59: =O59*$W$2 -> 0 | Z59: =P59*$W$2 -> 0 | AA59: =Q59*$W$2 -> 0.2933491 | AB59: =R59*$W$2 -> 0 | AC59: =S59*$W$2 -> 0 | AD59: =T59*$W$2 -> 0 | AE59: =U59*$W$2 -> 0
A60: BASE | B60: EFF | C60: ECSTMRBOR | D60: - | E60: - | F60: ANNUAL | G60: 1955 | H60: - | I60: - | J60: - | K60: - | Q60: 0.31449975 | W60: =M60*$W$2 -> 0 | X60: =N60*$W$2 -> 0 | Y60: =O60*$W$2 -> 0 | Z60: =P60*$W$2 -> 0 | AA60: =Q60*$W$2 -> 0.30191976 | AB60: =R60*$W$2 -> 0 | AC60: =S60*$W$2 -> 0 | AD60: =T60*$W$2 -> 0 | AE60: =U60*$W$2 -> 0
A61: BASE | B61: EFF | C61: ECSTMRBOR | D61: - | E61: - | F61: ANNUAL | G61: 1956 | H61: - | I61: - | J61: - | K61: - | O61: 0.31308581 | W61: =M61*$W$2 -> 0 | X61: =N61*$W$2 -> 0 | Y61: =O61*$W$2 -> 0.30056238 | Z61: =P61*$W$2 -> 0 | AA61: =Q61*$W$2 -> 0 | AB61: =R61*$W$2 -> 0 | AC61: =S61*$W$2 -> 0 | AD61: =T61*$W$2 -> 0 | AE61: =U61*$W$2 -> 0
A62: BASE | B62: EFF | C62: ECSTMRBOR | D62: - | E62: - | F62: ANNUAL | G62: 1957 | H62: - | I62: - | J62: - | K62: - | Q62: 0.32399566 | T62: 0.31327186 | W62: =M62*$W$2 -> 0 | X62: =N62*$W$2 -> 0 | Y62: =O62*$W$2 -> 0 | Z62: =P62*$W$2 -> 0 | AA62: =Q62*$W$2 -> 0.31103583 | AB62: =R62*$W$2 -> 0 | AC62: =S62*$W$2 -> 0 | AD62: =T62*$W$2 -> 0.30074099 | AE62: =U62*$W$2 -> 0
A63: BASE | B63: EFF | C63: ECSTMRBOR | D63: - | E63: - | F63: ANNUAL | G63: 1958 | H63: - | I63: - | J63: - | K63: - | Q63: 0.34448887 | W63: =M63*$W$2 -> 0 | X63: =N63*$W$2 -> 0 | Y63: =O63*$W$2 -> 0 | Z63: =P63*$W$2 -> 0 | AA63: =Q63*$W$2 -> 0.33070931 | AB63: =R63*$W$2 -> 0 | AC63: =S63*$W$2 -> 0 | AD63: =T63*$W$2 -> 0 | AE63: =U63*$W$2 -> 0
A64: BASE | B64: EFF | C64: ECSTMRBOR | D64: - | E64: - | F64: ANNUAL | G64: 1959 | H64: - | I64: - | J64: - | K64: - | T64: 0.32591426 | W64: =M64*$W$2 -> 0 | X64: =N64*$W$2 -> 0 | Y64: =O64*$W$2 -> 0 | Z64: =P64*$W$2 -> 0 | AA64: =Q64*$W$2 -> 0 | AB64: =R64*$W$2 -> 0 | AC64: =S64*$W$2 -> 0 | AD64: =T64*$W$2 -> 0.31287769 | AE64: =U64*$W$2 -> 0
A65: BASE | B65: EFF | C65: ECSTMRBOR | D65: - | E65: - | F65: ANNUAL | G65: 1960 | H65: - | I65: - | J65: - | K65: - | Q65: 0.36282002 | W65: =M65*$W$2 -> 0 | X65: =N65*$W$2 -> 0 | Y65: =O65*$W$2 -> 0 | Z65: =P65*$W$2 -> 0 | AA65: =Q65*$W$2 -> 0.34830722 | AB65: =R65*$W$2 -> 0 | AC65: =S65*$W$2 -> 0 | AD65: =T65*$W$2 -> 0 | AE65: =U65*$W$2 -> 0
A66: BASE | B66: EFF | C66: ECSTMRBOR | D66: - | E66: - | F66: ANNUAL | G66: 1961 | H66: - | I66: - | J66: - | K66: - | Q66: 0.35652725 | W66: =M66*$W$2 -> 0 | X66: =N66*$W$2 -> 0 | Y66: =O66*$W$2 -> 0 | Z66: =P66*$W$2 -> 0 | AA66: =Q66*$W$2 -> 0.34226616 | AB66: =R66*$W$2 -> 0 | AC66: =S66*$W$2 -> 0 | AD66: =T66*$W$2 -> 0 | AE66: =U66*$W$2 -> 0
A67: BASE | B67: EFF | C67: ECSTMRBOR | D67: - | E67: - | F67: ANNUAL | G67: 1962 | H67: - | I67: - | J67: - | K67: - | Q67: 0.34175793 | T67: 0.33635508 | W67: =M67*$W$2 -> 0 | X67: =N67*$W$2 -> 0 | Y67: =O67*$W$2 -> 0 | Z67: =P67*$W$2 -> 0 | AA67: =Q67*$W$2 -> 0.32808762 | AB67: =R67*$W$2 -> 0 | AC67: =S67*$W$2 -> 0 | AD67: =T67*$W$2 -> 0.32290088 | AE67: =U67*$W$2 -> 0
A68: BASE | B68: EFF | C68: ECSTMRBOR | D68: - | E68: - | F68: ANNUAL | G68: 1963 | H68: - | I68: - | J68: - | K68: - | R68: 0.34999742 | W68: =M68*$W$2 -> 0 | X68: =N68*$W$2 -> 0 | Y68: =O68*$W$2 -> 0 | Z68: =P68*$W$2 -> 0 | AA68: =Q68*$W$2 -> 0 | AB68: =R68*$W$2 -> 0.33599752 | AC68: =S68*$W$2 -> 0 | AD68: =T68*$W$2 -> 0 | AE68: =U68*$W$2 -> 0
A69: BASE | B69: EFF | C69: ECSTMRBOR | D69: - | E69: - | F69: ANNUAL | G69: 1964 | H69: - | I69: - | J69: - | K69: - | Q69: 0.3347429 | T69: 0.36336091 | W69: =M69*$W$2 -> 0 | X69: =N69*$W$2 -> 0 | Y69: =O69*$W$2 -> 0 | Z69: =P69*$W$2 -> 0 | AA69: =Q69*$W$2 -> 0.32135319 | AB69: =R69*$W$2 -> 0 | AC69: =S69*$W$2 -> 0 | AD69: =T69*$W$2 -> 0.34882647 | AE69: =U69*$W$2 -> 0
A70: BASE | B70: EFF | C70: ECSTMRBOR | D70: - | E70: - | F70: ANNUAL | G70: 1965 | H70: - | I70: - | J70: - | K70: - | T70: 0.31216655 | W70: =M70*$W$2 -> 0 | X70: =N70*$W$2 -> 0 | Y70: =O70*$W$2 -> 0 | Z70: =P70*$W$2 -> 0 | AA70: =Q70*$W$2 -> 0 | AB70: =R70*$W$2 -> 0 | AC70: =S70*$W$2 -> 0 | AD70: =T70*$W$2 -> 0.29967989 | AE70: =U70*$W$2 -> 0
A71: BASE | B71: EFF | C71: ECSTMRBOR | D71: - | E71: - | F71: ANNUAL | G71: 1966 | H71: - | I71: - | J71: - | K71: - | Q71: 0.3625887 | W71: =M71*$W$2 -> 0 | X71: =N71*$W$2 -> 0 | Y71: =O71*$W$2 -> 0 | Z71: =P71*$W$2 -> 0 | AA71: =Q71*$W$2 -> 0.34808515 | AB71: =R71*$W$2 -> 0 | AC71: =S71*$W$2 -> 0 | AD71: =T71*$W$2 -> 0 | AE71: =U71*$W$2 -> 0
A72: BASE | B72: EFF | C72: ECSTMRBOR | D72: - | E72: - | F72: ANNUAL | G72: 1967 | H72: - | I72: - | J72: - | K72: - | N72: 0.35135114 | Q72: 0.34516334 | W72: =M72*$W$2 -> 0 | X72: =N72*$W$2 -> 0.33729709 | Y72: =O72*$W$2 -> 0 | Z72: =P72*$W$2 -> 0 | AA72: =Q72*$W$2 -> 0.33135681 | AB72: =R72*$W$2 -> 0 | AC72: =S72*$W$2 -> 0 | AD72: =T72*$W$2 -> 0 | AE72: =U72*$W$2 -> 0
A73: BASE | B73: EFF | C73: ECSTMRBOR | D73: - | E73: - | F73: ANNUAL | G73: 1968 | H73: - | I73: - | J73: - | K73: - | N73: 0.36063436 | Q73: 0.35298335 | T73: 0.33593976 | W73: =M73*$W$2 -> 0 | X73: =N73*$W$2 -> 0.34620898 | Y73: =O73*$W$2 -> 0 | Z73: =P73*$W$2 -> 0 | AA73: =Q73*$W$2 -> 0.33886401 | AB73: =R73*$W$2 -> 0 | AC73: =S73*$W$2 -> 0 | AD73: =T73*$W$2 -> 0.32250217 | AE73: =U73*$W$2 -> 0
A74: BASE | B74: EFF | C74: ECSTMRBOR | D74: - | E74: - | F74: ANNUAL | G74: 1969 | H74: - | I74: - | J74: - | K74: - | N74: 0.35510253 | R74: 0.36255018 | W74: =M74*$W$2 -> 0 | X74: =N74*$W$2 -> 0.34089843 | Y74: =O74*$W$2 -> 0 | Z74: =P74*$W$2 -> 0 | AA74: =Q74*$W$2 -> 0 | AB74: =R74*$W$2 -> 0.34804817 | AC74: =S74*$W$2 -> 0 | AD74: =T74*$W$2 -> 0 | AE74: =U74*$W$2 -> 0
A75: BASE | B75: EFF | C75: ECSTMRBOR | D75: - | E75: - | F75: ANNUAL | G75: 1970 | H75: - | I75: - | J75: - | K75: - | N75: 0.35835166 | Q75: 0.33760625 | R75: 0.33842331 | W75: =M75*$W$2 -> 0 | X75: =N75*$W$2 -> 0.34401759 | Y75: =O75*$W$2 -> 0 | Z75: =P75*$W$2 -> 0 | AA75: =Q75*$W$2 -> 0.324102 | AB75: =R75*$W$2 -> 0.32488638 | AC75: =S75*$W$2 -> 0 | AD75: =T75*$W$2 -> 0 | AE75: =U75*$W$2 -> 0
A76: BASE | B76: EFF | C76: ECSTMRBOR | D76: - | E76: - | F76: ANNUAL | G76: 1971 | H76: - | I76: - | J76: - | K76: - | N76: 0.34609593 | Q76: 0.3490191 | R76: 0.33493544 | W76: =M76*$W$2 -> 0 | X76: =N76*$W$2 -> 0.33225209 | Y76: =O76*$W$2 -> 0 | Z76: =P76*$W$2 -> 0 | AA76: =Q76*$W$2 -> 0.33505834 | AB76: =R76*$W$2 -> 0.32153802 | AC76: =S76*$W$2 -> 0 | AD76: =T76*$W$2 -> 0 | AE76: =U76*$W$2 -> 0
A77: BASE | B77: EFF | C77: ECSTMRBOR | D77: - | E77: - | F77: ANNUAL | G77: 1972 | H77: - | I77: - | J77: - | K77: - | Q77: 0.34040983 | W77: =M77*$W$2 -> 0 | X77: =N77*$W$2 -> 0 | Y77: =O77*$W$2 -> 0 | Z77: =P77*$W$2 -> 0 | AA77: =Q77*$W$2 -> 0.32679344 | AB77: =R77*$W$2 -> 0 | AC77: =S77*$W$2 -> 0 | AD77: =T77*$W$2 -> 0 | AE77: =U77*$W$2 -> 0
A78: BASE | B78: EFF | C78: ECSTMRBOR | D78: - | E78: - | F78: ANNUAL | G78: 1973 | H78: - | I78: - | J78: - | K78: - | N78: 0.34044919 | Q78: 0.34302895 | R78: 0.32423577 | W78: =M78*$W$2 -> 0 | X78: =N78*$W$2 -> 0.32683123 | Y78: =O78*$W$2 -> 0 | Z78: =P78*$W$2 -> 0 | AA78: =Q78*$W$2 -> 0.32930779 | AB78: =R78*$W$2 -> 0.31126634 | AC78: =S78*$W$2 -> 0 | AD78: =T78*$W$2 -> 0 | AE78: =U78*$W$2 -> 0
A79: BASE | B79: EFF | C79: ECSTMRBOR | D79: - | E79: - | F79: ANNUAL | G79: 1974 | H79: - | I79: - | J79: - | K79: - | O79: 0.34412286 | Q79: 0.35777279 | R79: 0.31259823 | T79: 0.32162716 | W79: =M79*$W$2 -> 0 | X79: =N79*$W$2 -> 0 | Y79: =O79*$W$2 -> 0.33035795 | Z79: =P79*$W$2 -> 0 | AA79: =Q79*$W$2 -> 0.34346188 | AB79: =R79*$W$2 -> 0.3000943 | AC79: =S79*$W$2 -> 0 | AD79: =T79*$W$2 -> 0.30876207 | AE79: =U79*$W$2 -> 0
A80: BASE | B80: EFF | C80: ECSTMRBOR | D80: - | E80: - | F80: ANNUAL | G80: 1975 | H80: - | I80: - | J80: - | K80: - | O80: 0.34496595 | Q80: 0.35287157 | T80: 0.31890862 | W80: =M80*$W$2 -> 0 | X80: =N80*$W$2 -> 0 | Y80: =O80*$W$2 -> 0.33116731 | Z80: =P80*$W$2 -> 0 | AA80: =Q80*$W$2 -> 0.33875671 | AB80: =R80*$W$2 -> 0 | AC80: =S80*$W$2 -> 0 | AD80: =T80*$W$2 -> 0.30615228 | AE80: =U80*$W$2 -> 0
A81: BASE | B81: EFF | C81: ECSTMRBOR | D81: - | E81: - | F81: ANNUAL | G81: 1976 | H81: - | I81: - | J81: - | K81: - | N81: 0.33605695 | O81: 0.32421114 | Q81: 0.35998758 | T81: 0.30634649 | W81: =M81*$W$2 -> 0 | X81: =N81*$W$2 -> 0.32261467 | Y81: =O81*$W$2 -> 0.3112427 | Z81: =P81*$W$2 -> 0 | AA81: =Q81*$W$2 -> 0.34558808 | AB81: =R81*$W$2 -> 0 | AC81: =S81*$W$2 -> 0 | AD81: =T81*$W$2 -> 0.29409263 | AE81: =U81*$W$2 -> 0
A82: BASE | B82: EFF | C82: ECSTMRBOR | D82: - | E82: - | F82: ANNUAL | G82: 1977 | H82: - | I82: - | J82: - | K82: - | N82: 0.34708268 | Q82: 0.33431197 | R82: 0.34646174 | T82: 0.32946442 | W82: =M82*$W$2 -> 0 | X82: =N82*$W$2 -> 0.33319937 | Y82: =O82*$W$2 -> 0 | Z82: =P82*$W$2 -> 0 | AA82: =Q82*$W$2 -> 0.32093949 | AB82: =R82*$W$2 -> 0.33260327 | AC82: =S82*$W$2 -> 0 | AD82: =T82*$W$2 -> 0.31628584 | AE82: =U82*$W$2 -> 0
A83: BASE | B83: EFF | C83: ECSTMRBOR | D83: - | E83: - | F83: ANNUAL | G83: 1978 | H83: - | I83: - | J83: - | K83: - | O83: 0.35124264 | Q83: 0.35582088 | R83: 0.29377317 | T83: 0.32099026 | W83: =M83*$W$2 -> 0 | X83: =N83*$W$2 -> 0 | Y83: =O83*$W$2 -> 0.33719294 | Z83: =P83*$W$2 -> 0 | AA83: =Q83*$W$2 -> 0.34158805 | AB83: =R83*$W$2 -> 0.28202224 | AC83: =S83*$W$2 -> 0 | AD83: =T83*$W$2 -> 0.30815065 | AE83: =U83*$W$2 -> 0
A84: BASE | B84: EFF | C84: ECSTMRBOR | D84: - | E84: - | F84: ANNUAL | G84: 1979 | H84: - | I84: - | J84: - | K84: - | N84: 0.34548165 | O84: 0.33680716 | Q84: 0.33375609 | R84: 0.31432593 | W84: =M84*$W$2 -> 0 | X84: =N84*$W$2 -> 0.33166239 | Y84: =O84*$W$2 -> 0.32333488 | Z84: =P84*$W$2 -> 0 | AA84: =Q84*$W$2 -> 0.32040585 | AB84: =R84*$W$2 -> 0.30175289 | AC84: =S84*$W$2 -> 0 | AD84: =T84*$W$2 -> 0 | AE84: =U84*$W$2 -> 0
A85: BASE | B85: EFF | C85: ECSTMRBOR | D85: - | E85: - | F85: ANNUAL | G85: 1980 | H85: - | I85: - | J85: - | K85: - | Q85: 0.34369699 | T85: 0.32304389 | W85: =M85*$W$2 -> 0 | X85: =N85*$W$2 -> 0 | Y85: =O85*$W$2 -> 0 | Z85: =P85*$W$2 -> 0 | AA85: =Q85*$W$2 -> 0.32994911 | AB85: =R85*$W$2 -> 0 | AC85: =S85*$W$2 -> 0 | AD85: =T85*$W$2 -> 0.31012213 | AE85: =U85*$W$2 -> 0
A86: BASE | B86: EFF | C86: ECSTMRBOR | D86: - | E86: - | F86: ANNUAL | G86: 1981 | H86: - | I86: - | J86: - | K86: - | Q86: 0.32712562 | R86: 0.33635623 | T86: 0.34177907 | W86: =M86*$W$2 -> 0 | X86: =N86*$W$2 -> 0 | Y86: =O86*$W$2 -> 0 | Z86: =P86*$W$2 -> 0 | AA86: =Q86*$W$2 -> 0.3140406 | AB86: =R86*$W$2 -> 0.32290198 | AC86: =S86*$W$2 -> 0 | AD86: =T86*$W$2 -> 0.32810791 | AE86: =U86*$W$2 -> 0
A87: BASE | B87: EFF | C87: ECSTMRBOR | D87: - | E87: - | F87: ANNUAL | G87: 1982 | H87: - | I87: - | J87: - | K87: - | O87: 0.34471601 | Q87: 0.33592462 | W87: =M87*$W$2 -> 0 | X87: =N87*$W$2 -> 0 | Y87: =O87*$W$2 -> 0.33092737 | Z87: =P87*$W$2 -> 0 | AA87: =Q87*$W$2 -> 0.32248763 | AB87: =R87*$W$2 -> 0 | AC87: =S87*$W$2 -> 0 | AD87: =T87*$W$2 -> 0 | AE87: =U87*$W$2 -> 0
A88: BASE | B88: EFF | C88: ECSTMRBOR | D88: - | E88: - | F88: ANNUAL | G88: 1983 | H88: - | I88: - | J88: - | K88: - | O88: 0.32377317 | Q88: 0.32034569 | T88: 0.3142755 | W88: =M88*$W$2 -> 0 | X88: =N88*$W$2 -> 0 | Y88: =O88*$W$2 -> 0.31082224 | Z88: =P88*$W$2 -> 0 | AA88: =Q88*$W$2 -> 0.30753186 | AB88: =R88*$W$2 -> 0 | AC88: =S88*$W$2 -> 0 | AD88: =T88*$W$2 -> 0.30170448 | AE88: =U88*$W$2 -> 0
A89: BASE | B89: EFF | C89: ECSTMRBOR | D89: - | E89: - | F89: ANNUAL | G89: 1984 | H89: - | I89: - | J89: - | K89: - | Q89: 0.35286857 | R89: 0.34513222 | W89: =M89*$W$2 -> 0 | X89: =N89*$W$2 -> 0 | Y89: =O89*$W$2 -> 0 | Z89: =P89*$W$2 -> 0 | AA89: =Q89*$W$2 -> 0.33875383 | AB89: =R89*$W$2 -> 0.33132693 | AC89: =S89*$W$2 -> 0 | AD89: =T89*$W$2 -> 0 | AE89: =U89*$W$2 -> 0
A90: BASE | B90: EFF | C90: ECSTMRBOR | D90: - | E90: - | F90: ANNUAL | G90: 1985 | H90: - | I90: - | J90: - | K90: - | T90: 0.31162761 | W90: =M90*$W$2 -> 0 | X90: =N90*$W$2 -> 0 | Y90: =O90*$W$2 -> 0 | Z90: =P90*$W$2 -> 0 | AA90: =Q90*$W$2 -> 0 | AB90: =R90*$W$2 -> 0 | AC90: =S90*$W$2 -> 0 | AD90: =T90*$W$2 -> 0.2991625 | AE90: =U90*$W$2 -> 0
A91: BASE | B91: EFF | C91: ECSTMRBOR | D91: - | E91: - | F91: ANNUAL | G91: 1986 | H91: - | I91: - | J91: - | K91: - | O91: 0.31788321 | R91: 0.33566027 | S91: 0.23533257 | T91: 0.33639347 | W91: =M91*$W$2 -> 0 | X91: =N91*$W$2 -> 0 | Y91: =O91*$W$2 -> 0.30516788 | Z91: =P91*$W$2 -> 0 | AA91: =Q91*$W$2 -> 0 | AB91: =R91*$W$2 -> 0.32223386 | AC91: =S91*$W$2 -> 0.22591927 | AD91: =T91*$W$2 -> 0.32293773 | AE91: =U91*$W$2 -> 0
A92: BASE | B92: EFF | C92: ECSTMRBOR | D92: - | E92: - | F92: ANNUAL | G92: 1987 | H92: - | I92: - | J92: - | K92: - | Q92: 0.33798667 | T92: 0.35919182 | W92: =M92*$W$2 -> 0 | X92: =N92*$W$2 -> 0 | Y92: =O92*$W$2 -> 0 | Z92: =P92*$W$2 -> 0 | AA92: =Q92*$W$2 -> 0.3244672 | AB92: =R92*$W$2 -> 0 | AC92: =S92*$W$2 -> 0 | AD92: =T92*$W$2 -> 0.34482415 | AE92: =U92*$W$2 -> 0
A93: BASE | B93: EFF | C93: ECSTMRBOR | D93: - | E93: - | F93: ANNUAL | G93: 1988 | H93: - | I93: - | J93: - | K93: - | Q93: 0.31921327 | W93: =M93*$W$2 -> 0 | X93: =N93*$W$2 -> 0 | Y93: =O93*$W$2 -> 0 | Z93: =P93*$W$2 -> 0 | AA93: =Q93*$W$2 -> 0.30644474 | AB93: =R93*$W$2 -> 0 | AC93: =S93*$W$2 -> 0 | AD93: =T93*$W$2 -> 0 | AE93: =U93*$W$2 -> 0
A94: BASE | B94: EFF | C94: ECSTMRBOR | D94: - | E94: - | F94: ANNUAL | G94: 1990 | H94: - | I94: - | J94: - | K94: - | R94: 0.32962928 | U94: 0.31245511 | W94: =M94*$W$2 -> 0 | X94: =N94*$W$2 -> 0 | Y94: =O94*$W$2 -> 0 | Z94: =P94*$W$2 -> 0 | AA94: =Q94*$W$2 -> 0 | AB94: =R94*$W$2 -> 0.31644411 | AC94: =S94*$W$2 -> 0 | AD94: =T94*$W$2 -> 0 | AE94: =U94*$W$2 -> 0.29995691
A95: BASE | B95: EFF | C95: ECSTMRBOR | D95: - | E95: - | F95: ANNUAL | G95: 1991 | H95: - | I95: - | J95: - | K95: - | O95: 0.35456383 | Q95: 0.36135998 | T95: 0.29416571 | W95: =M95*$W$2 -> 0 | X95: =N95*$W$2 -> 0 | Y95: =O95*$W$2 -> 0.34038127 | Z95: =P95*$W$2 -> 0 | AA95: =Q95*$W$2 -> 0.34690558 | AB95: =R95*$W$2 -> 0 | AC95: =S95*$W$2 -> 0 | AD95: =T95*$W$2 -> 0.28239908 | AE95: =U95*$W$2 -> 0
A96: BASE | B96: EFF | C96: ECSTMRBOR | D96: - | E96: - | F96: ANNUAL | G96: 1992 | H96: - | I96: - | J96: - | K96: - | S96: 0.30905077 | W96: =M96*$W$2 -> 0 | X96: =N96*$W$2 -> 0 | Y96: =O96*$W$2 -> 0 | Z96: =P96*$W$2 -> 0 | AA96: =Q96*$W$2 -> 0 | AB96: =R96*$W$2 -> 0 | AC96: =S96*$W$2 -> 0.29668874 | AD96: =T96*$W$2 -> 0 | AE96: =U96*$W$2 -> 0
A97: BASE | B97: EFF | C97: ECSTMRBOR | D97: - | E97: - | F97: ANNUAL | G97: 1993 | H97: - | I97: - | J97: - | K97: - | N97: 0.33030299 | W97: =M97*$W$2 -> 0 | X97: =N97*$W$2 -> 0.31709087 | Y97: =O97*$W$2 -> 0 | Z97: =P97*$W$2 -> 0 | AA97: =Q97*$W$2 -> 0 | AB97: =R97*$W$2 -> 0 | AC97: =S97*$W$2 -> 0 | AD97: =T97*$W$2 -> 0 | AE97: =U97*$W$2 -> 0
A98: BASE | B98: EFF | C98: ECSTMRBOR | D98: - | E98: - | F98: ANNUAL | G98: 1994 | H98: - | I98: - | J98: - | K98: - | N98: 0.34123223 | Q98: 0.32905711 | W98: =M98*$W$2 -> 0 | X98: =N98*$W$2 -> 0.32758294 | Y98: =O98*$W$2 -> 0 | Z98: =P98*$W$2 -> 0 | AA98: =Q98*$W$2 -> 0.31589483 | AB98: =R98*$W$2 -> 0 | AC98: =S98*$W$2 -> 0 | AD98: =T98*$W$2 -> 0 | AE98: =U98*$W$2 -> 0
A99: BASE | B99: EFF | C99: ECSTMRBOR | D99: - | E99: - | F99: ANNUAL | G99: 1995 | H99: - | I99: - | J99: - | K99: - | N99: 0.29506769 | Q99: 0.34214732 | W99: =M99*$W$2 -> 0 | X99: =N99*$W$2 -> 0.28326498 | Y99: =O99*$W$2 -> 0 | Z99: =P99*$W$2 -> 0 | AA99: =Q99*$W$2 -> 0.32846143 | AB99: =R99*$W$2 -> 0 | AC99: =S99*$W$2 -> 0 | AD99: =T99*$W$2 -> 0 | AE99: =U99*$W$2 -> 0
A100: BASE | B100: EFF | C100: ECSTMRBOR | D100: - | E100: - | F100: ANNUAL | G100: 1996 | H100: - | I100: - | J100: - | K100: - | Q100: 0.33351792 | W100: =M100*$W$2 -> 0 | X100: =N100*$W$2 -> 0 | Y100: =O100*$W$2 -> 0 | Z100: =P100*$W$2 -> 0 | AA100: =Q100*$W$2 -> 0.32017721 | AB100: =R100*$W$2 -> 0 | AC100: =S100*$W$2 -> 0 | AD100: =T100*$W$2 -> 0 | AE100: =U100*$W$2 -> 0
...

Sheet LifeExtn techs
C2: ~TFM_INS
C3: Attribute | D3: PSET_PN | E3: CSET_CN | F3: LimType | G3: TimeSlice | H3: Year | I3: Other_Indexes | J3: Curr | K3: Stage | L3: SOW | M3: =BaseCoalPlants!L1 -> R0 | N3: =BaseCoalPlants!M1 -> R1 | O3: =BaseCoalPlants!N1 -> R2 | P3: =BaseCoalPlants!O1 -> R3 | Q3: =BaseCoalPlants!P1 -> R4 | R3: =BaseCoalPlants!Q1 -> R5 | S3: =BaseCoalPlants!R1 -> R6 | T3: =BaseCoalPlants!S1 -> R7 | ... V3: =BaseCoalPlants!U1 -> R9 | X3: Attribute | Y3: PSET_PN | Z3: AllRegions
C4: =IF(BaseCoalPlants!B3="VDA_FLOP",IF(BaseCoalPlants!D3="ELC","*","INPUT"),BaseCoalPlants!B3) -> ACT_COST | D4: =IF(BaseCoalPlants!C3="","\I:",BaseCoalPlants!C3&"_LE") -> ECSTMRBOO_LE | E4: =IF(BaseCoalPlants!D3="-","",BaseCoalPlants!D3) | F4: =IF(BaseCoalPlants!E3="-","",BaseCoalPlants!E3) | G4: =IF(BaseCoalPlants!F3="-","",BaseCoalPlants!F3) | H4: =IF(BaseCoalPlants!G3="-","",BaseCoalPlants!G3) -> 2010 | I4: =IF(BaseCoalPlants!H3="-","",BaseCoalPlants!H3) | J4: =IF(BaseCoalPlants!I3="-","",BaseCoalPlants!I3) -> USD05 | K4: =IF(BaseCoalPlants!J3="-","",BaseCoalPlants!J3) | L4: =IF(BaseCoalPlants!K3="-","",BaseCoalPlants!K3) | M4: =IF(BaseCoalPlants!L3=0,"",BaseCoalPlants!L3) | N4: =IF(BaseCoalPlants!M3=0,"",BaseCoalPlants!M3) -> 2.11944 | O4: =IF(BaseCoalPlants!N3=0,"",BaseCoalPlants!N3) -> 1.8767671 | P4: =IF(BaseCoalPlants!O3=0,"",BaseCoalPlants!O3) -> 1.9392488 | Q4: =IF(BaseCoalPlants!P3=0,"",BaseCoalPlants!P3) -> 1.840528 | R4: =IF(BaseCoalPlants!Q3=0,"",BaseCoalPlants!Q3) -> 1.6386527 | S4: =IF(BaseCoalPlants!R3=0,"",BaseCoalPlants!R3) -> 1.7277413 | T4: =IF(BaseCoalPlants!S3=0,"",BaseCoalPlants!S3) -> 1.8940162 | ... V4: =IF(BaseCoalPlants!U3=0,"",BaseCoalPlants!U3) -> 1.8196099 | X4: START | Y4: *LE | Z4: 2020
C5: =IF(BaseCoalPlants!B4="VDA_FLOP",IF(BaseCoalPlants!D4="ELC","*","INPUT"),BaseCoalPlants!B4) -> ACT_COST | D5: =IF(BaseCoalPlants!C4="","\I:",BaseCoalPlants!C4&"_LE") -> ECSTMRBOR_LE | E5: =IF(BaseCoalPlants!D4="-","",BaseCoalPlants!D4) | F5: =IF(BaseCoalPlants!E4="-","",BaseCoalPlants!E4) | G5: =IF(BaseCoalPlants!F4="-","",BaseCoalPlants!F4) | H5: =IF(BaseCoalPlants!G4="-","",BaseCoalPlants!G4) -> 2010 | I5: =IF(BaseCoalPlants!H4="-","",BaseCoalPlants!H4) | J5: =IF(BaseCoalPlants!I4="-","",BaseCoalPlants!I4) -> USD05 | K5: =IF(BaseCoalPlants!J4="-","",BaseCoalPlants!J4) | L5: =IF(BaseCoalPlants!K4="-","",BaseCoalPlants!K4) | M5: =IF(BaseCoalPlants!L4=0,"",BaseCoalPlants!L4) | N5: =IF(BaseCoalPlants!M4=0,"",BaseCoalPlants!M4) -> 2.11944 | O5: =IF(BaseCoalPlants!N4=0,"",BaseCoalPlants!N4) -> 1.8767671 | P5: =IF(BaseCoalPlants!O4=0,"",BaseCoalPlants!O4) -> 1.9392488 | Q5: =IF(BaseCoalPlants!P4=0,"",BaseCoalPlants!P4) -> 1.840528 | R5: =IF(BaseCoalPlants!Q4=0,"",BaseCoalPlants!Q4) -> 1.6386527 | S5: =IF(BaseCoalPlants!R4=0,"",BaseCoalPlants!R4) -> 1.7277413 | T5: =IF(BaseCoalPlants!S4=0,"",BaseCoalPlants!S4) -> 1.8940162 | ... V5: =IF(BaseCoalPlants!U4=0,"",BaseCoalPlants!U4) -> 1.8196099
C6: =IF(BaseCoalPlants!B5="VDA_FLOP",IF(BaseCoalPlants!D5="ELC","*","INPUT"),BaseCoalPlants!B5) -> ACT_COST | D6: =IF(BaseCoalPlants!C5="","\I:",BaseCoalPlants!C5&"_LE") -> ECSTMRBUO_LE | E6: =IF(BaseCoalPlants!D5="-","",BaseCoalPlants!D5) | F6: =IF(BaseCoalPlants!E5="-","",BaseCoalPlants!E5) | G6: =IF(BaseCoalPlants!F5="-","",BaseCoalPlants!F5) | H6: =IF(BaseCoalPlants!G5="-","",BaseCoalPlants!G5) -> 2010 | I6: =IF(BaseCoalPlants!H5="-","",BaseCoalPlants!H5) | J6: =IF(BaseCoalPlants!I5="-","",BaseCoalPlants!I5) -> USD05 | K6: =IF(BaseCoalPlants!J5="-","",BaseCoalPlants!J5) | L6: =IF(BaseCoalPlants!K5="-","",BaseCoalPlants!K5) | M6: =IF(BaseCoalPlants!L5=0,"",BaseCoalPlants!L5) | N6: =IF(BaseCoalPlants!M5=0,"",BaseCoalPlants!M5) -> 2.11944 | O6: =IF(BaseCoalPlants!N5=0,"",BaseCoalPlants!N5) -> 1.8767671 | P6: =IF(BaseCoalPlants!O5=0,"",BaseCoalPlants!O5) -> 1.9392488 | Q6: =IF(BaseCoalPlants!P5=0,"",BaseCoalPlants!P5) -> 1.840528 | R6: =IF(BaseCoalPlants!Q5=0,"",BaseCoalPlants!Q5) -> 1.6386527 | S6: =IF(BaseCoalPlants!R5=0,"",BaseCoalPlants!R5) -> 1.7277413 | T6: =IF(BaseCoalPlants!S5=0,"",BaseCoalPlants!S5) -> 1.8940162 | ... V6: =IF(BaseCoalPlants!U5=0,"",BaseCoalPlants!U5) -> 1.8196099
C7: =IF(BaseCoalPlants!B6="VDA_FLOP",IF(BaseCoalPlants!D6="ELC","*","INPUT"),BaseCoalPlants!B6) -> ACT_COST | D7: =IF(BaseCoalPlants!C6="","\I:",BaseCoalPlants!C6&"_LE") -> ECSTMRBUR_LE | E7: =IF(BaseCoalPlants!D6="-","",BaseCoalPlants!D6) | F7: =IF(BaseCoalPlants!E6="-","",BaseCoalPlants!E6) | G7: =IF(BaseCoalPlants!F6="-","",BaseCoalPlants!F6) | H7: =IF(BaseCoalPlants!G6="-","",BaseCoalPlants!G6) -> 2010 | I7: =IF(BaseCoalPlants!H6="-","",BaseCoalPlants!H6) | J7: =IF(BaseCoalPlants!I6="-","",BaseCoalPlants!I6) -> USD05 | K7: =IF(BaseCoalPlants!J6="-","",BaseCoalPlants!J6) | L7: =IF(BaseCoalPlants!K6="-","",BaseCoalPlants!K6) | M7: =IF(BaseCoalPlants!L6=0,"",BaseCoalPlants!L6) | N7: =IF(BaseCoalPlants!M6=0,"",BaseCoalPlants!M6) -> 2.11944 | O7: =IF(BaseCoalPlants!N6=0,"",BaseCoalPlants!N6) -> 1.8767671 | P7: =IF(BaseCoalPlants!O6=0,"",BaseCoalPlants!O6) -> 1.9392488 | Q7: =IF(BaseCoalPlants!P6=0,"",BaseCoalPlants!P6) -> 1.840528 | R7: =IF(BaseCoalPlants!Q6=0,"",BaseCoalPlants!Q6) -> 1.6386527 | S7: =IF(BaseCoalPlants!R6=0,"",BaseCoalPlants!R6) -> 1.7277413 | T7: =IF(BaseCoalPlants!S6=0,"",BaseCoalPlants!S6) -> 1.8940162 | ... V7: =IF(BaseCoalPlants!U6=0,"",BaseCoalPlants!U6) -> 1.8196099
C8: =IF(BaseCoalPlants!B8="VDA_FLOP",IF(BaseCoalPlants!D8="ELC","*","INPUT"),BaseCoalPlants!B8) -> ACT_COST | D8: =IF(BaseCoalPlants!C8="","\I:",BaseCoalPlants!C8&"_LE") -> ECSTMRLOO_LE | E8: =IF(BaseCoalPlants!D8="-","",BaseCoalPlants!D8) | F8: =IF(BaseCoalPlants!E8="-","",BaseCoalPlants!E8) | G8: =IF(BaseCoalPlants!F8="-","",BaseCoalPlants!F8) | H8: =IF(BaseCoalPlants!G8="-","",BaseCoalPlants!G8) -> 2010 | I8: =IF(BaseCoalPlants!H8="-","",BaseCoalPlants!H8) | J8: =IF(BaseCoalPlants!I8="-","",BaseCoalPlants!I8) -> USD05 | K8: =IF(BaseCoalPlants!J8="-","",BaseCoalPlants!J8) | L8: =IF(BaseCoalPlants!K8="-","",BaseCoalPlants!K8) | M8: =IF(BaseCoalPlants!L8=0,"",BaseCoalPlants!L8) | N8: =IF(BaseCoalPlants!M8=0,"",BaseCoalPlants!M8) -> 2.11944 | O8: =IF(BaseCoalPlants!N8=0,"",BaseCoalPlants!N8) -> 1.8767671 | P8: =IF(BaseCoalPlants!O8=0,"",BaseCoalPlants!O8) -> 1.9392488 | Q8: =IF(BaseCoalPlants!P8=0,"",BaseCoalPlants!P8) -> 1.840528 | R8: =IF(BaseCoalPlants!Q8=0,"",BaseCoalPlants!Q8) -> 1.6386527 | S8: =IF(BaseCoalPlants!R8=0,"",BaseCoalPlants!R8) -> 1.7277413 | T8: =IF(BaseCoalPlants!S8=0,"",BaseCoalPlants!S8) -> 1.8940162 | ... V8: =IF(BaseCoalPlants!U8=0,"",BaseCoalPlants!U8) -> 1.8196099
C9: =IF(BaseCoalPlants!B9="VDA_FLOP",IF(BaseCoalPlants!D9="ELC","*","INPUT"),BaseCoalPlants!B9) -> ACT_COST | D9: =IF(BaseCoalPlants!C9="","\I:",BaseCoalPlants!C9&"_LE") -> ECSTMRLOR_LE | E9: =IF(BaseCoalPlants!D9="-","",BaseCoalPlants!D9) | F9: =IF(BaseCoalPlants!E9="-","",BaseCoalPlants!E9) | G9: =IF(BaseCoalPlants!F9="-","",BaseCoalPlants!F9) | H9: =IF(BaseCoalPlants!G9="-","",BaseCoalPlants!G9) -> 2010 | I9: =IF(BaseCoalPlants!H9="-","",BaseCoalPlants!H9) | J9: =IF(BaseCoalPlants!I9="-","",BaseCoalPlants!I9) -> USD05 | K9: =IF(BaseCoalPlants!J9="-","",BaseCoalPlants!J9) | L9: =IF(BaseCoalPlants!K9="-","",BaseCoalPlants!K9) | M9: =IF(BaseCoalPlants!L9=0,"",BaseCoalPlants!L9) | N9: =IF(BaseCoalPlants!M9=0,"",BaseCoalPlants!M9) -> 2.11944 | O9: =IF(BaseCoalPlants!N9=0,"",BaseCoalPlants!N9) -> 1.8767671 | P9: =IF(BaseCoalPlants!O9=0,"",BaseCoalPlants!O9) -> 1.9392488 | Q9: =IF(BaseCoalPlants!P9=0,"",BaseCoalPlants!P9) -> 1.840528 | R9: =IF(BaseCoalPlants!Q9=0,"",BaseCoalPlants!Q9) -> 1.6386527 | S9: =IF(BaseCoalPlants!R9=0,"",BaseCoalPlants!R9) -> 1.7277413 | T9: =IF(BaseCoalPlants!S9=0,"",BaseCoalPlants!S9) -> 1.8940162 | ... V9: =IF(BaseCoalPlants!U9=0,"",BaseCoalPlants!U9) -> 1.8196099
C10: =IF(BaseCoalPlants!B10="VDA_FLOP",IF(BaseCoalPlants!D10="ELC","*","INPUT"),BaseCoalPlants!B10) -> ACT_COST | D10: =IF(BaseCoalPlants!C10="","\I:",BaseCoalPlants!C10&"_LE") -> ECSTMRLUO_LE | E10: =IF(BaseCoalPlants!D10="-","",BaseCoalPlants!D10) | F10: =IF(BaseCoalPlants!E10="-","",BaseCoalPlants!E10) | G10: =IF(BaseCoalPlants!F10="-","",BaseCoalPlants!F10) | H10: =IF(BaseCoalPlants!G10="-","",BaseCoalPlants!G10) -> 2010 | I10: =IF(BaseCoalPlants!H10="-","",BaseCoalPlants!H10) | J10: =IF(BaseCoalPlants!I10="-","",BaseCoalPlants!I10) -> USD05 | K10: =IF(BaseCoalPlants!J10="-","",BaseCoalPlants!J10) | L10: =IF(BaseCoalPlants!K10="-","",BaseCoalPlants!K10) | M10: =IF(BaseCoalPlants!L10=0,"",BaseCoalPlants!L10) | N10: =IF(BaseCoalPlants!M10=0,"",BaseCoalPlants!M10) -> 2.11944 | O10: =IF(BaseCoalPlants!N10=0,"",BaseCoalPlants!N10) -> 1.8767671 | P10: =IF(BaseCoalPlants!O10=0,"",BaseCoalPlants!O10) -> 1.9392488 | Q10: =IF(BaseCoalPlants!P10=0,"",BaseCoalPlants!P10) -> 1.840528 | R10: =IF(BaseCoalPlants!Q10=0,"",BaseCoalPlants!Q10) -> 1.6386527 | S10: =IF(BaseCoalPlants!R10=0,"",BaseCoalPlants!R10) -> 1.7277413 | T10: =IF(BaseCoalPlants!S10=0,"",BaseCoalPlants!S10) -> 1.8940162 | ... V10: =IF(BaseCoalPlants!U10=0,"",BaseCoalPlants!U10) -> 1.8196099
C11: =IF(BaseCoalPlants!B13="VDA_FLOP",IF(BaseCoalPlants!D13="ELC","*","INPUT"),BaseCoalPlants!B13) -> ACT_COST | D11: =IF(BaseCoalPlants!C13="","\I:",BaseCoalPlants!C13&"_LE") -> ECSTMRSOO_LE | E11: =IF(BaseCoalPlants!D13="-","",BaseCoalPlants!D13) | F11: =IF(BaseCoalPlants!E13="-","",BaseCoalPlants!E13) | G11: =IF(BaseCoalPlants!F13="-","",BaseCoalPlants!F13) | H11: =IF(BaseCoalPlants!G13="-","",BaseCoalPlants!G13) -> 2010 | I11: =IF(BaseCoalPlants!H13="-","",BaseCoalPlants!H13) | J11: =IF(BaseCoalPlants!I13="-","",BaseCoalPlants!I13) -> USD05 | K11: =IF(BaseCoalPlants!J13="-","",BaseCoalPlants!J13) | L11: =IF(BaseCoalPlants!K13="-","",BaseCoalPlants!K13) | M11: =IF(BaseCoalPlants!L13=0,"",BaseCoalPlants!L13) | N11: =IF(BaseCoalPlants!M13=0,"",BaseCoalPlants!M13) -> 2.11944 | O11: =IF(BaseCoalPlants!N13=0,"",BaseCoalPlants!N13) -> 1.8767671 | P11: =IF(BaseCoalPlants!O13=0,"",BaseCoalPlants!O13) -> 1.9392488 | Q11: =IF(BaseCoalPlants!P13=0,"",BaseCoalPlants!P13) -> 1.840528 | R11: =IF(BaseCoalPlants!Q13=0,"",BaseCoalPlants!Q13) -> 1.6386527 | S11: =IF(BaseCoalPlants!R13=0,"",BaseCoalPlants!R13) -> 1.7277413 | T11: =IF(BaseCoalPlants!S13=0,"",BaseCoalPlants!S13) -> 1.8940162 | ... V11: =IF(BaseCoalPlants!U13=0,"",BaseCoalPlants!U13) -> 1.8196099
C12: =IF(BaseCoalPlants!B14="VDA_FLOP",IF(BaseCoalPlants!D14="ELC","*","INPUT"),BaseCoalPlants!B14) -> ACT_COST | D12: =IF(BaseCoalPlants!C14="","\I:",BaseCoalPlants!C14&"_LE") -> ECSTMRSOR_LE | E12: =IF(BaseCoalPlants!D14="-","",BaseCoalPlants!D14) | F12: =IF(BaseCoalPlants!E14="-","",BaseCoalPlants!E14) | G12: =IF(BaseCoalPlants!F14="-","",BaseCoalPlants!F14) | H12: =IF(BaseCoalPlants!G14="-","",BaseCoalPlants!G14) -> 2010 | I12: =IF(BaseCoalPlants!H14="-","",BaseCoalPlants!H14) | J12: =IF(BaseCoalPlants!I14="-","",BaseCoalPlants!I14) -> USD05 | K12: =IF(BaseCoalPlants!J14="-","",BaseCoalPlants!J14) | L12: =IF(BaseCoalPlants!K14="-","",BaseCoalPlants!K14) | M12: =IF(BaseCoalPlants!L14=0,"",BaseCoalPlants!L14) | N12: =IF(BaseCoalPlants!W14=0,"",BaseCoalPlants!W14) -> 2.0346624 | O12: =IF(BaseCoalPlants!X14=0,"",BaseCoalPlants!X14) -> 1.8016964 | P12: =IF(BaseCoalPlants!Y14=0,"",BaseCoalPlants!Y14) -> 1.8616789 | Q12: =IF(BaseCoalPlants!Z14=0,"",BaseCoalPlants!Z14) -> 1.7669069 | R12: =IF(BaseCoalPlants!AA14=0,"",BaseCoalPlants!AA14) -> 1.5731066 | S12: =IF(BaseCoalPlants!AB14=0,"",BaseCoalPlants!AB14) -> 1.6586317 | T12: =IF(BaseCoalPlants!AC14=0,"",BaseCoalPlants!AC14) -> 1.8182555 | U12: =IF(BaseCoalPlants!AD14=0,"",BaseCoalPlants!AD14) -> 1.8095714 | V12: =IF(BaseCoalPlants!AE14=0,"",BaseCoalPlants!AE14) -> 1.7468255
C13: =IF(BaseCoalPlants!B15="VDA_FLOP",IF(BaseCoalPlants!D15="ELC","*","INPUT"),BaseCoalPlants!B15) -> ACT_COST | D13: =IF(BaseCoalPlants!C15="","\I:",BaseCoalPlants!C15&"_LE") -> ECSTMRSUO_LE | E13: =IF(BaseCoalPlants!D15="-","",BaseCoalPlants!D15) | F13: =IF(BaseCoalPlants!E15="-","",BaseCoalPlants!E15) | G13: =IF(BaseCoalPlants!F15="-","",BaseCoalPlants!F15) | H13: =IF(BaseCoalPlants!G15="-","",BaseCoalPlants!G15) -> 2010 | I13: =IF(BaseCoalPlants!H15="-","",BaseCoalPlants!H15) | J13: =IF(BaseCoalPlants!I15="-","",BaseCoalPlants!I15) -> USD05 | K13: =IF(BaseCoalPlants!J15="-","",BaseCoalPlants!J15) | L13: =IF(BaseCoalPlants!K15="-","",BaseCoalPlants!K15) | M13: =IF(BaseCoalPlants!L15=0,"",BaseCoalPlants!L15) | N13: =IF(BaseCoalPlants!W15=0,"",BaseCoalPlants!W15) -> 2.0346624 | O13: =IF(BaseCoalPlants!X15=0,"",BaseCoalPlants!X15) -> 1.8016964 | P13: =IF(BaseCoalPlants!Y15=0,"",BaseCoalPlants!Y15) -> 1.8616789 | Q13: =IF(BaseCoalPlants!Z15=0,"",BaseCoalPlants!Z15) -> 1.7669069 | R13: =IF(BaseCoalPlants!AA15=0,"",BaseCoalPlants!AA15) -> 1.5731066 | S13: =IF(BaseCoalPlants!AB15=0,"",BaseCoalPlants!AB15) -> 1.6586317 | T13: =IF(BaseCoalPlants!AC15=0,"",BaseCoalPlants!AC15) -> 1.8182555 | U13: =IF(BaseCoalPlants!AD15=0,"",BaseCoalPlants!AD15) -> 1.8095714 | V13: =IF(BaseCoalPlants!AE15=0,"",BaseCoalPlants!AE15) -> 1.7468255
C14: =IF(BaseCoalPlants!B16="VDA_FLOP",IF(BaseCoalPlants!D16="ELC","*","INPUT"),BaseCoalPlants!B16) -> ACT_COST | D14: =IF(BaseCoalPlants!C16="","\I:",BaseCoalPlants!C16&"_LE") -> ECSTMRSUR_LE | E14: =IF(BaseCoalPlants!D16="-","",BaseCoalPlants!D16) | F14: =IF(BaseCoalPlants!E16="-","",BaseCoalPlants!E16) | G14: =IF(BaseCoalPlants!F16="-","",BaseCoalPlants!F16) | H14: =IF(BaseCoalPlants!G16="-","",BaseCoalPlants!G16) -> 2010 | I14: =IF(BaseCoalPlants!H16="-","",BaseCoalPlants!H16) | J14: =IF(BaseCoalPlants!I16="-","",BaseCoalPlants!I16) -> USD05 | K14: =IF(BaseCoalPlants!J16="-","",BaseCoalPlants!J16) | L14: =IF(BaseCoalPlants!K16="-","",BaseCoalPlants!K16) | M14: =IF(BaseCoalPlants!L16=0,"",BaseCoalPlants!L16) | N14: =IF(BaseCoalPlants!W16=0,"",BaseCoalPlants!W16) -> 2.0346624 | O14: =IF(BaseCoalPlants!X16=0,"",BaseCoalPlants!X16) -> 1.8016964 | P14: =IF(BaseCoalPlants!Y16=0,"",BaseCoalPlants!Y16) -> 1.8616789 | Q14: =IF(BaseCoalPlants!Z16=0,"",BaseCoalPlants!Z16) -> 1.7669069 | R14: =IF(BaseCoalPlants!AA16=0,"",BaseCoalPlants!AA16) -> 1.5731066 | S14: =IF(BaseCoalPlants!AB16=0,"",BaseCoalPlants!AB16) -> 1.6586317 | T14: =IF(BaseCoalPlants!AC16=0,"",BaseCoalPlants!AC16) -> 1.8182555 | U14: =IF(BaseCoalPlants!AD16=0,"",BaseCoalPlants!AD16) -> 1.8095714 | V14: =IF(BaseCoalPlants!AE16=0,"",BaseCoalPlants!AE16) -> 1.7468255
C15: =IF(BaseCoalPlants!B17="VDA_FLOP",IF(BaseCoalPlants!D17="ELC","*","INPUT"),BaseCoalPlants!B17) -> EFF | D15: =IF(BaseCoalPlants!C17="","\I:",BaseCoalPlants!C17&"_LE") -> ECSTMRBOO_LE | E15: =IF(BaseCoalPlants!D17="-","",BaseCoalPlants!D17) | F15: =IF(BaseCoalPlants!E17="-","",BaseCoalPlants!E17) | G15: =IF(BaseCoalPlants!F17="-","",BaseCoalPlants!F17) -> ANNUAL | H15: =IF(BaseCoalPlants!G17="-","",BaseCoalPlants!G17) -> 1950 | I15: =IF(BaseCoalPlants!H17="-","",BaseCoalPlants!H17) | J15: =IF(BaseCoalPlants!I17="-","",BaseCoalPlants!I17) | K15: =IF(BaseCoalPlants!J17="-","",BaseCoalPlants!J17) | L15: =IF(BaseCoalPlants!K17="-","",BaseCoalPlants!K17) | M15: =IF(BaseCoalPlants!L17=0,"",BaseCoalPlants!L17) | N15: =IF(BaseCoalPlants!W17=0,"",BaseCoalPlants!W17) | O15: =IF(BaseCoalPlants!X17=0,"",BaseCoalPlants!X17) | P15: =IF(BaseCoalPlants!Y17=0,"",BaseCoalPlants!Y17) | Q15: =IF(BaseCoalPlants!Z17=0,"",BaseCoalPlants!Z17) | R15: =IF(BaseCoalPlants!AA17=0,"",BaseCoalPlants!AA17) -> 0.32247176 | S15: =IF(BaseCoalPlants!AB17=0,"",BaseCoalPlants!AB17) | T15: =IF(BaseCoalPlants!AC17=0,"",BaseCoalPlants!AC17) | U15: =IF(BaseCoalPlants!AD17=0,"",BaseCoalPlants!AD17) | V15: =IF(BaseCoalPlants!AE17=0,"",BaseCoalPlants!AE17)
C16: =IF(BaseCoalPlants!B18="VDA_FLOP",IF(BaseCoalPlants!D18="ELC","*","INPUT"),BaseCoalPlants!B18) -> EFF | D16: =IF(BaseCoalPlants!C18="","\I:",BaseCoalPlants!C18&"_LE") -> ECSTMRBOO_LE | E16: =IF(BaseCoalPlants!D18="-","",BaseCoalPlants!D18) | F16: =IF(BaseCoalPlants!E18="-","",BaseCoalPlants!E18) | G16: =IF(BaseCoalPlants!F18="-","",BaseCoalPlants!F18) -> ANNUAL | H16: =IF(BaseCoalPlants!G18="-","",BaseCoalPlants!G18) -> 1951 | I16: =IF(BaseCoalPlants!H18="-","",BaseCoalPlants!H18) | J16: =IF(BaseCoalPlants!I18="-","",BaseCoalPlants!I18) | K16: =IF(BaseCoalPlants!J18="-","",BaseCoalPlants!J18) | L16: =IF(BaseCoalPlants!K18="-","",BaseCoalPlants!K18) | M16: =IF(BaseCoalPlants!L18=0,"",BaseCoalPlants!L18) | N16: =IF(BaseCoalPlants!W18=0,"",BaseCoalPlants!W18) | O16: =IF(BaseCoalPlants!X18=0,"",BaseCoalPlants!X18) | P16: =IF(BaseCoalPlants!Y18=0,"",BaseCoalPlants!Y18) -> 0.30348614 | Q16: =IF(BaseCoalPlants!Z18=0,"",BaseCoalPlants!Z18) | R16: =IF(BaseCoalPlants!AA18=0,"",BaseCoalPlants!AA18) -> 0.3131597 | S16: =IF(BaseCoalPlants!AB18=0,"",BaseCoalPlants!AB18) -> 0.27386358 | T16: =IF(BaseCoalPlants!AC18=0,"",BaseCoalPlants!AC18) | U16: =IF(BaseCoalPlants!AD18=0,"",BaseCoalPlants!AD18) | V16: =IF(BaseCoalPlants!AE18=0,"",BaseCoalPlants!AE18)
C17: =IF(BaseCoalPlants!B19="VDA_FLOP",IF(BaseCoalPlants!D19="ELC","*","INPUT"),BaseCoalPlants!B19) -> EFF | D17: =IF(BaseCoalPlants!C19="","\I:",BaseCoalPlants!C19&"_LE") -> ECSTMRBOO_LE | E17: =IF(BaseCoalPlants!D19="-","",BaseCoalPlants!D19) | F17: =IF(BaseCoalPlants!E19="-","",BaseCoalPlants!E19) | G17: =IF(BaseCoalPlants!F19="-","",BaseCoalPlants!F19) -> ANNUAL | H17: =IF(BaseCoalPlants!G19="-","",BaseCoalPlants!G19) -> 1952 | I17: =IF(BaseCoalPlants!H19="-","",BaseCoalPlants!H19) | J17: =IF(BaseCoalPlants!I19="-","",BaseCoalPlants!I19) | K17: =IF(BaseCoalPlants!J19="-","",BaseCoalPlants!J19) | L17: =IF(BaseCoalPlants!K19="-","",BaseCoalPlants!K19) | M17: =IF(BaseCoalPlants!L19=0,"",BaseCoalPlants!L19) | N17: =IF(BaseCoalPlants!W19=0,"",BaseCoalPlants!W19) | O17: =IF(BaseCoalPlants!X19=0,"",BaseCoalPlants!X19) -> 0.3111934 | P17: =IF(BaseCoalPlants!Y19=0,"",BaseCoalPlants!Y19) -> 0.31248969 | Q17: =IF(BaseCoalPlants!Z19=0,"",BaseCoalPlants!Z19) | R17: =IF(BaseCoalPlants!AA19=0,"",BaseCoalPlants!AA19) -> 0.31582783 | S17: =IF(BaseCoalPlants!AB19=0,"",BaseCoalPlants!AB19) -> 0.29470677 | T17: =IF(BaseCoalPlants!AC19=0,"",BaseCoalPlants!AC19) | U17: =IF(BaseCoalPlants!AD19=0,"",BaseCoalPlants!AD19) | V17: =IF(BaseCoalPlants!AE19=0,"",BaseCoalPlants!AE19)
C18: =IF(BaseCoalPlants!B20="VDA_FLOP",IF(BaseCoalPlants!D20="ELC","*","INPUT"),BaseCoalPlants!B20) -> EFF | D18: =IF(BaseCoalPlants!C20="","\I:",BaseCoalPlants!C20&"_LE") -> ECSTMRBOO_LE | E18: =IF(BaseCoalPlants!D20="-","",BaseCoalPlants!D20) | F18: =IF(BaseCoalPlants!E20="-","",BaseCoalPlants!E20) | G18: =IF(BaseCoalPlants!F20="-","",BaseCoalPlants!F20) -> ANNUAL | H18: =IF(BaseCoalPlants!G20="-","",BaseCoalPlants!G20) -> 1953 | I18: =IF(BaseCoalPlants!H20="-","",BaseCoalPlants!H20) | J18: =IF(BaseCoalPlants!I20="-","",BaseCoalPlants!I20) | K18: =IF(BaseCoalPlants!J20="-","",BaseCoalPlants!J20) | L18: =IF(BaseCoalPlants!K20="-","",BaseCoalPlants!K20) | M18: =IF(BaseCoalPlants!L20=0,"",BaseCoalPlants!L20) | N18: =IF(BaseCoalPlants!W20=0,"",BaseCoalPlants!W20) | O18: =IF(BaseCoalPlants!X20=0,"",BaseCoalPlants!X20) -> 0.30052422 | P18: =IF(BaseCoalPlants!Y20=0,"",BaseCoalPlants!Y20) -> 0.31449975 | Q18: =IF(BaseCoalPlants!Z20=0,"",BaseCoalPlants!Z20) | R18: =IF(BaseCoalPlants!AA20=0,"",BaseCoalPlants!AA20) -> 0.32385358 | S18: =IF(BaseCoalPlants!AB20=0,"",BaseCoalPlants!AB20) -> 0.31480286 | T18: =IF(BaseCoalPlants!AC20=0,"",BaseCoalPlants!AC20) | U18: =IF(BaseCoalPlants!AD20=0,"",BaseCoalPlants!AD20) | V18: =IF(BaseCoalPlants!AE20=0,"",BaseCoalPlants!AE20)
C19: =IF(BaseCoalPlants!B21="VDA_FLOP",IF(BaseCoalPlants!D21="ELC","*","INPUT"),BaseCoalPlants!B21) -> EFF | D19: =IF(BaseCoalPlants!C21="","\I:",BaseCoalPlants!C21&"_LE") -> ECSTMRBOO_LE | E19: =IF(BaseCoalPlants!D21="-","",BaseCoalPlants!D21) | F19: =IF(BaseCoalPlants!E21="-","",BaseCoalPlants!E21) | G19: =IF(BaseCoalPlants!F21="-","",BaseCoalPlants!F21) -> ANNUAL | H19: =IF(BaseCoalPlants!G21="-","",BaseCoalPlants!G21) -> 1954 | I19: =IF(BaseCoalPlants!H21="-","",BaseCoalPlants!H21) | J19: =IF(BaseCoalPlants!I21="-","",BaseCoalPlants!I21) | K19: =IF(BaseCoalPlants!J21="-","",BaseCoalPlants!J21) | L19: =IF(BaseCoalPlants!K21="-","",BaseCoalPlants!K21) | M19: =IF(BaseCoalPlants!L21=0,"",BaseCoalPlants!L21) | N19: =IF(BaseCoalPlants!W21=0,"",BaseCoalPlants!W21) | O19: =IF(BaseCoalPlants!X21=0,"",BaseCoalPlants!X21) -> 0.30501488 | P19: =IF(BaseCoalPlants!Y21=0,"",BaseCoalPlants!Y21) -> 0.3182023 | Q19: =IF(BaseCoalPlants!Z21=0,"",BaseCoalPlants!Z21) | R19: =IF(BaseCoalPlants!AA21=0,"",BaseCoalPlants!AA21) -> 0.31455562 | S19: =IF(BaseCoalPlants!AB21=0,"",BaseCoalPlants!AB21) -> 0.32219098 | T19: =IF(BaseCoalPlants!AC21=0,"",BaseCoalPlants!AC21) | U19: =IF(BaseCoalPlants!AD21=0,"",BaseCoalPlants!AD21) | V19: =IF(BaseCoalPlants!AE21=0,"",BaseCoalPlants!AE21)
C20: =IF(BaseCoalPlants!B22="VDA_FLOP",IF(BaseCoalPlants!D22="ELC","*","INPUT"),BaseCoalPlants!B22) -> EFF | D20: =IF(BaseCoalPlants!C22="","\I:",BaseCoalPlants!C22&"_LE") -> ECSTMRBOO_LE | E20: =IF(BaseCoalPlants!D22="-","",BaseCoalPlants!D22) | F20: =IF(BaseCoalPlants!E22="-","",BaseCoalPlants!E22) | G20: =IF(BaseCoalPlants!F22="-","",BaseCoalPlants!F22) -> ANNUAL | H20: =IF(BaseCoalPlants!G22="-","",BaseCoalPlants!G22) -> 1955 | I20: =IF(BaseCoalPlants!H22="-","",BaseCoalPlants!H22) | J20: =IF(BaseCoalPlants!I22="-","",BaseCoalPlants!I22) | K20: =IF(BaseCoalPlants!J22="-","",BaseCoalPlants!J22) | L20: =IF(BaseCoalPlants!K22="-","",BaseCoalPlants!K22) | M20: =IF(BaseCoalPlants!L22=0,"",BaseCoalPlants!L22) | N20: =IF(BaseCoalPlants!W22=0,"",BaseCoalPlants!W22) | O20: =IF(BaseCoalPlants!X22=0,"",BaseCoalPlants!X22) -> 0.33092528 | P20: =IF(BaseCoalPlants!Y22=0,"",BaseCoalPlants!Y22) -> 0.32545511 | Q20: =IF(BaseCoalPlants!Z22=0,"",BaseCoalPlants!Z22) | R20: =IF(BaseCoalPlants!AA22=0,"",BaseCoalPlants!AA22) -> 0.31942821 | S20: =IF(BaseCoalPlants!AB22=0,"",BaseCoalPlants!AB22) -> 0.32414023 | T20: =IF(BaseCoalPlants!AC22=0,"",BaseCoalPlants!AC22) | U20: =IF(BaseCoalPlants!AD22=0,"",BaseCoalPlants!AD22) | V20: =IF(BaseCoalPlants!AE22=0,"",BaseCoalPlants!AE22)
C21: =IF(BaseCoalPlants!B23="VDA_FLOP",IF(BaseCoalPlants!D23="ELC","*","INPUT"),BaseCoalPlants!B23) -> EFF | D21: =IF(BaseCoalPlants!C23="","\I:",BaseCoalPlants!C23&"_LE") -> ECSTMRBOO_LE | E21: =IF(BaseCoalPlants!D23="-","",BaseCoalPlants!D23) | F21: =IF(BaseCoalPlants!E23="-","",BaseCoalPlants!E23) | G21: =IF(BaseCoalPlants!F23="-","",BaseCoalPlants!F23) -> ANNUAL | H21: =IF(BaseCoalPlants!G23="-","",BaseCoalPlants!G23) -> 1956 | I21: =IF(BaseCoalPlants!H23="-","",BaseCoalPlants!H23) | J21: =IF(BaseCoalPlants!I23="-","",BaseCoalPlants!I23) | K21: =IF(BaseCoalPlants!J23="-","",BaseCoalPlants!J23) | L21: =IF(BaseCoalPlants!K23="-","",BaseCoalPlants!K23) | M21: =IF(BaseCoalPlants!L23=0,"",BaseCoalPlants!L23) | N21: =IF(BaseCoalPlants!W23=0,"",BaseCoalPlants!W23) | O21: =IF(BaseCoalPlants!X23=0,"",BaseCoalPlants!X23) | P21: =IF(BaseCoalPlants!Y23=0,"",BaseCoalPlants!Y23) | Q21: =IF(BaseCoalPlants!Z23=0,"",BaseCoalPlants!Z23) | R21: =IF(BaseCoalPlants!AA23=0,"",BaseCoalPlants!AA23) -> 0.32584325 | S21: =IF(BaseCoalPlants!AB23=0,"",BaseCoalPlants!AB23) -> 0.33445313 | T21: =IF(BaseCoalPlants!AC23=0,"",BaseCoalPlants!AC23) | U21: =IF(BaseCoalPlants!AD23=0,"",BaseCoalPlants!AD23) | V21: =IF(BaseCoalPlants!AE23=0,"",BaseCoalPlants!AE23)
C22: =IF(BaseCoalPlants!B24="VDA_FLOP",IF(BaseCoalPlants!D24="ELC","*","INPUT"),BaseCoalPlants!B24) -> EFF | D22: =IF(BaseCoalPlants!C24="","\I:",BaseCoalPlants!C24&"_LE") -> ECSTMRBOO_LE | E22: =IF(BaseCoalPlants!D24="-","",BaseCoalPlants!D24) | F22: =IF(BaseCoalPlants!E24="-","",BaseCoalPlants!E24) | G22: =IF(BaseCoalPlants!F24="-","",BaseCoalPlants!F24) -> ANNUAL | H22: =IF(BaseCoalPlants!G24="-","",BaseCoalPlants!G24) -> 1957 | I22: =IF(BaseCoalPlants!H24="-","",BaseCoalPlants!H24) | J22: =IF(BaseCoalPlants!I24="-","",BaseCoalPlants!I24) | K22: =IF(BaseCoalPlants!J24="-","",BaseCoalPlants!J24) | L22: =IF(BaseCoalPlants!K24="-","",BaseCoalPlants!K24) | M22: =IF(BaseCoalPlants!L24=0,"",BaseCoalPlants!L24) | N22: =IF(BaseCoalPlants!W24=0,"",BaseCoalPlants!W24) | O22: =IF(BaseCoalPlants!X24=0,"",BaseCoalPlants!X24) | P22: =IF(BaseCoalPlants!Y24=0,"",BaseCoalPlants!Y24) -> 0.3400897 | Q22: =IF(BaseCoalPlants!Z24=0,"",BaseCoalPlants!Z24) | R22: =IF(BaseCoalPlants!AA24=0,"",BaseCoalPlants!AA24) -> 0.32945315 | S22: =IF(BaseCoalPlants!AB24=0,"",BaseCoalPlants!AB24) -> 0.33152812 | T22: =IF(BaseCoalPlants!AC24=0,"",BaseCoalPlants!AC24) | U22: =IF(BaseCoalPlants!AD24=0,"",BaseCoalPlants!AD24) | V22: =IF(BaseCoalPlants!AE24=0,"",BaseCoalPlants!AE24)
C23: =IF(BaseCoalPlants!B25="VDA_FLOP",IF(BaseCoalPlants!D25="ELC","*","INPUT"),BaseCoalPlants!B25) -> EFF | D23: =IF(BaseCoalPlants!C25="","\I:",BaseCoalPlants!C25&"_LE") -> ECSTMRBOO_LE | E23: =IF(BaseCoalPlants!D25="-","",BaseCoalPlants!D25) | F23: =IF(BaseCoalPlants!E25="-","",BaseCoalPlants!E25) | G23: =IF(BaseCoalPlants!F25="-","",BaseCoalPlants!F25) -> ANNUAL | H23: =IF(BaseCoalPlants!G25="-","",BaseCoalPlants!G25) -> 1958 | I23: =IF(BaseCoalPlants!H25="-","",BaseCoalPlants!H25) | J23: =IF(BaseCoalPlants!I25="-","",BaseCoalPlants!I25) | K23: =IF(BaseCoalPlants!J25="-","",BaseCoalPlants!J25) | L23: =IF(BaseCoalPlants!K25="-","",BaseCoalPlants!K25) | M23: =IF(BaseCoalPlants!L25=0,"",BaseCoalPlants!L25) | N23: =IF(BaseCoalPlants!W25=0,"",BaseCoalPlants!W25) -> 0.31142023 | O23: =IF(BaseCoalPlants!X25=0,"",BaseCoalPlants!X25) -> 0.32930894 | P23: =IF(BaseCoalPlants!Y25=0,"",BaseCoalPlants!Y25) -> 0.34174027 | Q23: =IF(BaseCoalPlants!Z25=0,"",BaseCoalPlants!Z25) | R23: =IF(BaseCoalPlants!AA25=0,"",BaseCoalPlants!AA25) -> 0.32147926 | S23: =IF(BaseCoalPlants!AB25=0,"",BaseCoalPlants!AB25) -> 0.32972621 | T23: =IF(BaseCoalPlants!AC25=0,"",BaseCoalPlants!AC25) | U23: =IF(BaseCoalPlants!AD25=0,"",BaseCoalPlants!AD25) | V23: =IF(BaseCoalPlants!AE25=0,"",BaseCoalPlants!AE25)
... C310: =IF(BaseCoalPlants!B312="VDA_FLOP",IF(BaseCoalPlants!D312="ELC","*","INPUT"),BaseCoalPlants!B312) -> EFF | D310: =IF(BaseCoalPlants!C312="","\I:",BaseCoalPlants!C312&"_LE") -> ECSTMRSUR_LE | E310: =IF(BaseCoalPlants!D312="-","",BaseCoalPlants!D312) | F310: =IF(BaseCoalPlants!E312="-","",BaseCoalPlants!E312) | G310: =IF(BaseCoalPlants!F312="-","",BaseCoalPlants!F312) -> ANNUAL | H310: =IF(BaseCoalPlants!G312="-","",BaseCoalPlants!G312) -> 1976 | I310: =IF(BaseCoalPlants!H312="-","",BaseCoalPlants!H312) | J310: =IF(BaseCoalPlants!I312="-","",BaseCoalPlants!I312) | K310: =IF(BaseCoalPlants!J312="-","",BaseCoalPlants!J312) | L310: =IF(BaseCoalPlants!K312="-","",BaseCoalPlants!K312) | M310: =IF(BaseCoalPlants!L312=0,"",BaseCoalPlants!L312) | N310: =IF(BaseCoalPlants!W312=0,"",BaseCoalPlants!W312) | O310: =IF(BaseCoalPlants!X312=0,"",BaseCoalPlants!X312) | P310: =IF(BaseCoalPlants!Y312=0,"",BaseCoalPlants!Y312) | Q310: =IF(BaseCoalPlants!Z312=0,"",BaseCoalPlants!Z312) -> 0.29183335 | R310: =IF(BaseCoalPlants!AA312=0,"",BaseCoalPlants!AA312) | S310: =IF(BaseCoalPlants!AB312=0,"",BaseCoalPlants!AB312) | T310: =IF(BaseCoalPlants!AC312=0,"",BaseCoalPlants!AC312) | U310: =IF(BaseCoalPlants!AD312=0,"",BaseCoalPlants!AD312) | V310: =IF(BaseCoalPlants!AE312=0,"",BaseCoalPlants!AE312)
C311: =IF(BaseCoalPlants!B313="VDA_FLOP",IF(BaseCoalPlants!D313="ELC","*","INPUT"),BaseCoalPlants!B313) -> EFF | D311: =IF(BaseCoalPlants!C313="","\I:",BaseCoalPlants!C313&"_LE") -> ECSTMRSUR_LE | E311: =IF(BaseCoalPlants!D313="-","",BaseCoalPlants!D313) | F311: =IF(BaseCoalPlants!E313="-","",BaseCoalPlants!E313) | G311: =IF(BaseCoalPlants!F313="-","",BaseCoalPlants!F313) -> ANNUAL | H311: =IF(BaseCoalPlants!G313="-","",BaseCoalPlants!G313) -> 1982 | I311: =IF(BaseCoalPlants!H313="-","",BaseCoalPlants!H313) | J311: =IF(BaseCoalPlants!I313="-","",BaseCoalPlants!I313) | K311: =IF(BaseCoalPlants!J313="-","",BaseCoalPlants!J313) | L311: =IF(BaseCoalPlants!K313="-","",BaseCoalPlants!K313) | M311: =IF(BaseCoalPlants!L313=0,"",BaseCoalPlants!L313) | N311: =IF(BaseCoalPlants!M313=0,"",BaseCoalPlants!M313) | O311: =IF(BaseCoalPlants!N313=0,"",BaseCoalPlants!N313) | P311: =IF(BaseCoalPlants!O313=0,"",BaseCoalPlants!O313) | Q311: =IF(BaseCoalPlants!P313=0,"",BaseCoalPlants!P313) -> 0.26398904 | R311: =IF(BaseCoalPlants!Q313=0,"",BaseCoalPlants!Q313) | S311: =IF(BaseCoalPlants!R313=0,"",BaseCoalPlants!R313) | T311: =IF(BaseCoalPlants!S313=0,"",BaseCoalPlants!S313) | ... V311: =IF(BaseCoalPlants!U313=0,"",BaseCoalPlants!U313)
C312: =IF(BaseCoalPlants!B314="VDA_FLOP",IF(BaseCoalPlants!D314="ELC","*","INPUT"),BaseCoalPlants!B314) -> EFF | D312: =IF(BaseCoalPlants!C314="","\I:",BaseCoalPlants!C314&"_LE") -> ECSTMRSUR_LE | E312: =IF(BaseCoalPlants!D314="-","",BaseCoalPlants!D314) | F312: =IF(BaseCoalPlants!E314="-","",BaseCoalPlants!E314) | G312: =IF(BaseCoalPlants!F314="-","",BaseCoalPlants!F314) -> ANNUAL | H312: =IF(BaseCoalPlants!G314="-","",BaseCoalPlants!G314) -> 1995 | I312: =IF(BaseCoalPlants!H314="-","",BaseCoalPlants!H314) | J312: =IF(BaseCoalPlants!I314="-","",BaseCoalPlants!I314) | K312: =IF(BaseCoalPlants!J314="-","",BaseCoalPlants!J314) | L312: =IF(BaseCoalPlants!K314="-","",BaseCoalPlants!K314) | M312: =IF(BaseCoalPlants!L314=0,"",BaseCoalPlants!L314) | N312: =IF(BaseCoalPlants!M314=0,"",BaseCoalPlants!M314) | O312: =IF(BaseCoalPlants!N314=0,"",BaseCoalPlants!N314) | P312: =IF(BaseCoalPlants!O314=0,"",BaseCoalPlants!O314) | Q312: =IF(BaseCoalPlants!P314=0,"",BaseCoalPlants!P314) | R312: =IF(BaseCoalPlants!Q314=0,"",BaseCoalPlants!Q314) | S312: =IF(BaseCoalPlants!R314=0,"",BaseCoalPlants!R314) | T312: =IF(BaseCoalPlants!S314=0,"",BaseCoalPlants!S314) | ... V312: =IF(BaseCoalPlants!U314=0,"",BaseCoalPlants!U314)
C313: =IF(BaseCoalPlants!B315="VDA_FLOP",IF(BaseCoalPlants!D315="ELC","*","INPUT"),BaseCoalPlants!B315) -> EFF | D313: =IF(BaseCoalPlants!C315="","\I:",BaseCoalPlants!C315&"_LE") -> ECSTMRSUR_LE | E313: =IF(BaseCoalPlants!D315="-","",BaseCoalPlants!D315) | F313: =IF(BaseCoalPlants!E315="-","",BaseCoalPlants!E315) | G313: =IF(BaseCoalPlants!F315="-","",BaseCoalPlants!F315) -> ANNUAL | H313: =IF(BaseCoalPlants!G315="-","",BaseCoalPlants!G315) -> 2003 | I313: =IF(BaseCoalPlants!H315="-","",BaseCoalPlants!H315) | J313: =IF(BaseCoalPlants!I315="-","",BaseCoalPlants!I315) | K313: =IF(BaseCoalPlants!J315="-","",BaseCoalPlants!J315) | L313: =IF(BaseCoalPlants!K315="-","",BaseCoalPlants!K315) | M313: =IF(BaseCoalPlants!L315=0,"",BaseCoalPlants!L315) | N313: =IF(BaseCoalPlants!M315=0,"",BaseCoalPlants!M315) | O313: =IF(BaseCoalPlants!N315=0,"",BaseCoalPlants!N315) | P313: =IF(BaseCoalPlants!O315=0,"",BaseCoalPlants!O315) | Q313: =IF(BaseCoalPlants!P315=0,"",BaseCoalPlants!P315) | R313: =IF(BaseCoalPlants!Q315=0,"",BaseCoalPlants!Q315) | S313: =IF(BaseCoalPlants!R315=0,"",BaseCoalPlants!R315) | T313: =IF(BaseCoalPlants!S315=0,"",BaseCoalPlants!S315) | ... V313: =IF(BaseCoalPlants!U315=0,"",BaseCoalPlants!U315)
C314: =IF(BaseCoalPlants!B318="VDA_FLOP",IF(BaseCoalPlants!D318="ELC","*","INPUT"),BaseCoalPlants!B318) -> ENV_ACT | D314: =IF(BaseCoalPlants!C318="","\I:",BaseCoalPlants!C318&"_LE") -> ECSTMRBOO_LE | E314: =IF(BaseCoalPlants!D318="-","",BaseCoalPlants!D318) -> ELCH2OC | F314: =IF(BaseCoalPlants!E318="-","",BaseCoalPlants!E318) | G314: =IF(BaseCoalPlants!F318="-","",BaseCoalPlants!F318) -> ANNUAL | H314: =IF(BaseCoalPlants!G318="-","",BaseCoalPlants!G318) -> 2010 | I314: =IF(BaseCoalPlants!H318="-","",BaseCoalPlants!H318) | J314: =IF(BaseCoalPlants!I318="-","",BaseCoalPlants!I318) | K314: =IF(BaseCoalPlants!J318="-","",BaseCoalPlants!J318) | L314: =IF(BaseCoalPlants!K318="-","",BaseCoalPlants!K318) | M314: =IF(BaseCoalPlants!L318=0,"",BaseCoalPlants!L318) -> 31.388898 | N314: =IF(BaseCoalPlants!M318=0,"",BaseCoalPlants!M318) -> 31.388898 | O314: =IF(BaseCoalPlants!N318=0,"",BaseCoalPlants!N318) -> 31.388898 | P314: =IF(BaseCoalPlants!O318=0,"",BaseCoalPlants!O318) -> 31.388898 | Q314: =IF(BaseCoalPlants!P318=0,"",BaseCoalPlants!P318) -> 31.388898 | R314: =IF(BaseCoalPlants!Q318=0,"",BaseCoalPlants!Q318) -> 31.388898 | S314: =IF(BaseCoalPlants!R318=0,"",BaseCoalPlants!R318) -> 31.388898 | T314: =IF(BaseCoalPlants!S318=0,"",BaseCoalPlants!S318) -> 31.388898 | ... V314: =IF(BaseCoalPlants!U318=0,"",BaseCoalPlants!U318) -> 31.388898
C315: =IF(BaseCoalPlants!B319="VDA_FLOP",IF(BaseCoalPlants!D319="ELC","*","INPUT"),BaseCoalPlants!B319) -> ENV_ACT | D315: =IF(BaseCoalPlants!C319="","\I:",BaseCoalPlants!C319&"_LE") -> ECSTMRBOO_LE | E315: =IF(BaseCoalPlants!D319="-","",BaseCoalPlants!D319) -> ELCH2OW | F315: =IF(BaseCoalPlants!E319="-","",BaseCoalPlants!E319) | G315: =IF(BaseCoalPlants!F319="-","",BaseCoalPlants!F319) -> ANNUAL | H315: =IF(BaseCoalPlants!G319="-","",BaseCoalPlants!G319) -> 2010 | I315: =IF(BaseCoalPlants!H319="-","",BaseCoalPlants!H319) | J315: =IF(BaseCoalPlants!I319="-","",BaseCoalPlants!I319) | K315: =IF(BaseCoalPlants!J319="-","",BaseCoalPlants!J319) | L315: =IF(BaseCoalPlants!K319="-","",BaseCoalPlants!K319) | M315: =IF(BaseCoalPlants!L319=0,"",BaseCoalPlants!L319) -> 7524.4465 | N315: =IF(BaseCoalPlants!M319=0,"",BaseCoalPlants!M319) -> 7524.4465 | O315: =IF(BaseCoalPlants!N319=0,"",BaseCoalPlants!N319) -> 7524.4465 | P315: =IF(BaseCoalPlants!O319=0,"",BaseCoalPlants!O319) -> 7524.4465 | Q315: =IF(BaseCoalPlants!P319=0,"",BaseCoalPlants!P319) -> 7524.4465 | R315: =IF(BaseCoalPlants!Q319=0,"",BaseCoalPlants!Q319) -> 7524.4465 | S315: =IF(BaseCoalPlants!R319=0,"",BaseCoalPlants!R319) -> 7524.4465 | T315: =IF(BaseCoalPlants!S319=0,"",BaseCoalPlants!S319) -> 7524.4465 | ... V315: =IF(BaseCoalPlants!U319=0,"",BaseCoalPlants!U319) -> 7524.4465
C316: =IF(BaseCoalPlants!B320="VDA_FLOP",IF(BaseCoalPlants!D320="ELC","*","INPUT"),BaseCoalPlants!B320) -> ENV_ACT | D316: =IF(BaseCoalPlants!C320="","\I:",BaseCoalPlants!C320&"_LE") -> ECSTMRBOR_LE | E316: =IF(BaseCoalPlants!D320="-","",BaseCoalPlants!D320) -> ELCH2OC | F316: =IF(BaseCoalPlants!E320="-","",BaseCoalPlants!E320) | G316: =IF(BaseCoalPlants!F320="-","",BaseCoalPlants!F320) -> ANNUAL | H316: =IF(BaseCoalPlants!G320="-","",BaseCoalPlants!G320) -> 2010 | I316: =IF(BaseCoalPlants!H320="-","",BaseCoalPlants!H320) | J316: =IF(BaseCoalPlants!I320="-","",BaseCoalPlants!I320) | K316: =IF(BaseCoalPlants!J320="-","",BaseCoalPlants!J320) | L316: =IF(BaseCoalPlants!K320="-","",BaseCoalPlants!K320) | M316: =IF(BaseCoalPlants!L320=0,"",BaseCoalPlants!L320) -> 130.83337 | N316: =IF(BaseCoalPlants!M320=0,"",BaseCoalPlants!M320) -> 130.83337 | O316: =IF(BaseCoalPlants!N320=0,"",BaseCoalPlants!N320) -> 130.83337 | P316: =IF(BaseCoalPlants!O320=0,"",BaseCoalPlants!O320) -> 130.83337 | Q316: =IF(BaseCoalPlants!P320=0,"",BaseCoalPlants!P320) -> 130.83337 | R316: =IF(BaseCoalPlants!Q320=0,"",BaseCoalPlants!Q320) -> 130.83337 | S316: =IF(BaseCoalPlants!R320=0,"",BaseCoalPlants!R320) -> 130.83337 | T316: =IF(BaseCoalPlants!S320=0,"",BaseCoalPlants!S320) -> 130.83337 | ... V316: =IF(BaseCoalPlants!U320=0,"",BaseCoalPlants!U320) -> 130.83337
C317: =IF(BaseCoalPlants!B321="VDA_FLOP",IF(BaseCoalPlants!D321="ELC","*","INPUT"),BaseCoalPlants!B321) -> ENV_ACT | D317: =IF(BaseCoalPlants!C321="","\I:",BaseCoalPlants!C321&"_LE") -> ECSTMRBOR_LE | E317: =IF(BaseCoalPlants!D321="-","",BaseCoalPlants!D321) -> ELCH2OW | F317: =IF(BaseCoalPlants!E321="-","",BaseCoalPlants!E321) | G317: =IF(BaseCoalPlants!F321="-","",BaseCoalPlants!F321) -> ANNUAL | H317: =IF(BaseCoalPlants!G321="-","",BaseCoalPlants!G321) -> 2010 | I317: =IF(BaseCoalPlants!H321="-","",BaseCoalPlants!H321) | J317: =IF(BaseCoalPlants!I321="-","",BaseCoalPlants!I321) | K317: =IF(BaseCoalPlants!J321="-","",BaseCoalPlants!J321) | L317: =IF(BaseCoalPlants!K321="-","",BaseCoalPlants!K321) | M317: =IF(BaseCoalPlants!L321=0,"",BaseCoalPlants!L321) -> 147.50004 | N317: =IF(BaseCoalPlants!M321=0,"",BaseCoalPlants!M321) -> 147.50004 | O317: =IF(BaseCoalPlants!N321=0,"",BaseCoalPlants!N321) -> 147.50004 | P317: =IF(BaseCoalPlants!O321=0,"",BaseCoalPlants!O321) -> 147.50004 | Q317: =IF(BaseCoalPlants!P321=0,"",BaseCoalPlants!P321) -> 147.50004 | R317: =IF(BaseCoalPlants!Q321=0,"",BaseCoalPlants!Q321) -> 147.50004 | S317: =IF(BaseCoalPlants!R321=0,"",BaseCoalPlants!R321) -> 147.50004 | T317: =IF(BaseCoalPlants!S321=0,"",BaseCoalPlants!S321) -> 147.50004 | ... V317: =IF(BaseCoalPlants!U321=0,"",BaseCoalPlants!U321) -> 147.50004
C318: =IF(BaseCoalPlants!B322="VDA_FLOP",IF(BaseCoalPlants!D322="ELC","*","INPUT"),BaseCoalPlants!B322) -> ENV_ACT | D318: =IF(BaseCoalPlants!C322="","\I:",BaseCoalPlants!C322&"_LE") -> ECSTMRBUO_LE | E318: =IF(BaseCoalPlants!D322="-","",BaseCoalPlants!D322) -> ELCH2OC | F318: =IF(BaseCoalPlants!E322="-","",BaseCoalPlants!E322) | G318: =IF(BaseCoalPlants!F322="-","",BaseCoalPlants!F322) -> ANNUAL | H318: =IF(BaseCoalPlants!G322="-","",BaseCoalPlants!G322) -> 2010 | I318: =IF(BaseCoalPlants!H322="-","",BaseCoalPlants!H322) | J318: =IF(BaseCoalPlants!I322="-","",BaseCoalPlants!I322) | K318: =IF(BaseCoalPlants!J322="-","",BaseCoalPlants!J322) | L318: =IF(BaseCoalPlants!K322="-","",BaseCoalPlants!K322) | M318: =IF(BaseCoalPlants!L322=0,"",BaseCoalPlants!L322) -> 31.388898 | N318: =IF(BaseCoalPlants!M322=0,"",BaseCoalPlants!M322) -> 31.388898 | O318: =IF(BaseCoalPlants!N322=0,"",BaseCoalPlants!N322) -> 31.388898 | P318: =IF(BaseCoalPlants!O322=0,"",BaseCoalPlants!O322) -> 31.388898 | Q318: =IF(BaseCoalPlants!P322=0,"",BaseCoalPlants!P322) -> 31.388898 | R318: =IF(BaseCoalPlants!Q322=0,"",BaseCoalPlants!Q322) -> 31.388898 | S318: =IF(BaseCoalPlants!R322=0,"",BaseCoalPlants!R322) -> 31.388898 | T318: =IF(BaseCoalPlants!S322=0,"",BaseCoalPlants!S322) -> 31.388898 | ... V318: =IF(BaseCoalPlants!U322=0,"",BaseCoalPlants!U322) -> 31.388898
C319: =IF(BaseCoalPlants!B323="VDA_FLOP",IF(BaseCoalPlants!D323="ELC","*","INPUT"),BaseCoalPlants!B323) -> ENV_ACT | D319: =IF(BaseCoalPlants!C323="","\I:",BaseCoalPlants!C323&"_LE") -> ECSTMRBUO_LE | E319: =IF(BaseCoalPlants!D323="-","",BaseCoalPlants!D323) -> ELCH2OW | F319: =IF(BaseCoalPlants!E323="-","",BaseCoalPlants!E323) | G319: =IF(BaseCoalPlants!F323="-","",BaseCoalPlants!F323) -> ANNUAL | H319: =IF(BaseCoalPlants!G323="-","",BaseCoalPlants!G323) -> 2010 | I319: =IF(BaseCoalPlants!H323="-","",BaseCoalPlants!H323) | J319: =IF(BaseCoalPlants!I323="-","",BaseCoalPlants!I323) | K319: =IF(BaseCoalPlants!J323="-","",BaseCoalPlants!J323) | L319: =IF(BaseCoalPlants!K323="-","",BaseCoalPlants!K323) | M319: =IF(BaseCoalPlants!L323=0,"",BaseCoalPlants!L323) -> 7524.4465 | N319: =IF(BaseCoalPlants!M323=0,"",BaseCoalPlants!M323) -> 7524.4465 | O319: =IF(BaseCoalPlants!N323=0,"",BaseCoalPlants!N323) -> 7524.4465 | P319: =IF(BaseCoalPlants!O323=0,"",BaseCoalPlants!O323) -> 7524.4465 | Q319: =IF(BaseCoalPlants!P323=0,"",BaseCoalPlants!P323) -> 7524.4465 | R319: =IF(BaseCoalPlants!Q323=0,"",BaseCoalPlants!Q323) -> 7524.4465 | S319: =IF(BaseCoalPlants!R323=0,"",BaseCoalPlants!R323) -> 7524.4465 | T319: =IF(BaseCoalPlants!S323=0,"",BaseCoalPlants!S323) -> 7524.4465 | ... V319: =IF(BaseCoalPlants!U323=0,"",BaseCoalPlants!U323) -> 7524.4465
C320: =IF(BaseCoalPlants!B324="VDA_FLOP",IF(BaseCoalPlants!D324="ELC","*","INPUT"),BaseCoalPlants!B324) -> ENV_ACT | D320: =IF(BaseCoalPlants!C324="","\I:",BaseCoalPlants!C324&"_LE") -> ECSTMRBUR_LE | E320: =IF(BaseCoalPlants!D324="-","",BaseCoalPlants!D324) -> ELCH2OC | F320: =IF(BaseCoalPlants!E324="-","",BaseCoalPlants!E324) | G320: =IF(BaseCoalPlants!F324="-","",BaseCoalPlants!F324) -> ANNUAL | H320: =IF(BaseCoalPlants!G324="-","",BaseCoalPlants!G324) -> 2010 | I320: =IF(BaseCoalPlants!H324="-","",BaseCoalPlants!H324) | J320: =IF(BaseCoalPlants!I324="-","",BaseCoalPlants!I324) | K320: =IF(BaseCoalPlants!J324="-","",BaseCoalPlants!J324) | L320: =IF(BaseCoalPlants!K324="-","",BaseCoalPlants!K324) | M320: =IF(BaseCoalPlants!L324=0,"",BaseCoalPlants!L324) -> 130.83337 | N320: =IF(BaseCoalPlants!M324=0,"",BaseCoalPlants!M324) -> 130.83337 | O320: =IF(BaseCoalPlants!N324=0,"",BaseCoalPlants!N324) -> 130.83337 | P320: =IF(BaseCoalPlants!O324=0,"",BaseCoalPlants!O324) -> 130.83337 | Q320: =IF(BaseCoalPlants!P324=0,"",BaseCoalPlants!P324) -> 130.83337 | R320: =IF(BaseCoalPlants!Q324=0,"",BaseCoalPlants!Q324) -> 130.83337 | S320: =IF(BaseCoalPlants!R324=0,"",BaseCoalPlants!R324) -> 130.83337 | T320: =IF(BaseCoalPlants!S324=0,"",BaseCoalPlants!S324) -> 130.83337 | ... V320: =IF(BaseCoalPlants!U324=0,"",BaseCoalPlants!U324) -> 130.83337
C321: =IF(BaseCoalPlants!B325="VDA_FLOP",IF(BaseCoalPlants!D325="ELC","*","INPUT"),BaseCoalPlants!B325) -> ENV_ACT | D321: =IF(BaseCoalPlants!C325="","\I:",BaseCoalPlants!C325&"_LE") -> ECSTMRBUR_LE | E321: =IF(BaseCoalPlants!D325="-","",BaseCoalPlants!D325) -> ELCH2OW | F321: =IF(BaseCoalPlants!E325="-","",BaseCoalPlants!E325) | G321: =IF(BaseCoalPlants!F325="-","",BaseCoalPlants!F325) -> ANNUAL | H321: =IF(BaseCoalPlants!G325="-","",BaseCoalPlants!G325) -> 2010 | I321: =IF(BaseCoalPlants!H325="-","",BaseCoalPlants!H325) | J321: =IF(BaseCoalPlants!I325="-","",BaseCoalPlants!I325) | K321: =IF(BaseCoalPlants!J325="-","",BaseCoalPlants!J325) | L321: =IF(BaseCoalPlants!K325="-","",BaseCoalPlants!K325) | M321: =IF(BaseCoalPlants!L325=0,"",BaseCoalPlants!L325) -> 147.50004 | N321: =IF(BaseCoalPlants!M325=0,"",BaseCoalPlants!M325) -> 147.50004 | O321: =IF(BaseCoalPlants!N325=0,"",BaseCoalPlants!N325) -> 147.50004 | P321: =IF(BaseCoalPlants!O325=0,"",BaseCoalPlants!O325) -> 147.50004 | Q321: =IF(BaseCoalPlants!P325=0,"",BaseCoalPlants!P325) -> 147.50004 | R321: =IF(BaseCoalPlants!Q325=0,"",BaseCoalPlants!Q325) -> 147.50004 | S321: =IF(BaseCoalPlants!R325=0,"",BaseCoalPlants!R325) -> 147.50004 | T321: =IF(BaseCoalPlants!S325=0,"",BaseCoalPlants!S325) -> 147.50004 | ... V321: =IF(BaseCoalPlants!U325=0,"",BaseCoalPlants!U325) -> 147.50004
C322: =IF(BaseCoalPlants!B328="VDA_FLOP",IF(BaseCoalPlants!D328="ELC","*","INPUT"),BaseCoalPlants!B328) -> ENV_ACT | D322: =IF(BaseCoalPlants!C328="","\I:",BaseCoalPlants!C328&"_LE") -> ECSTMRLOO_LE | E322: =IF(BaseCoalPlants!D328="-","",BaseCoalPlants!D328) -> ELCH2OC | F322: =IF(BaseCoalPlants!E328="-","",BaseCoalPlants!E328) | G322: =IF(BaseCoalPlants!F328="-","",BaseCoalPlants!F328) -> ANNUAL | H322: =IF(BaseCoalPlants!G328="-","",BaseCoalPlants!G328) -> 2010 | I322: =IF(BaseCoalPlants!H328="-","",BaseCoalPlants!H328) | J322: =IF(BaseCoalPlants!I328="-","",BaseCoalPlants!I328) | K322: =IF(BaseCoalPlants!J328="-","",BaseCoalPlants!J328) | L322: =IF(BaseCoalPlants!K328="-","",BaseCoalPlants!K328) | M322: =IF(BaseCoalPlants!L328=0,"",BaseCoalPlants!L328) -> 31.388898 | N322: =IF(BaseCoalPlants!M328=0,"",BaseCoalPlants!M328) -> 31.388898 | O322: =IF(BaseCoalPlants!N328=0,"",BaseCoalPlants!N328) -> 31.388898 | P322: =IF(BaseCoalPlants!O328=0,"",BaseCoalPlants!O328) -> 31.388898 | Q322: =IF(BaseCoalPlants!P328=0,"",BaseCoalPlants!P328) -> 31.388898 | R322: =IF(BaseCoalPlants!Q328=0,"",BaseCoalPlants!Q328) -> 31.388898 | S322: =IF(BaseCoalPlants!R328=0,"",BaseCoalPlants!R328) -> 31.388898 | T322: =IF(BaseCoalPlants!S328=0,"",BaseCoalPlants!S328) -> 31.388898 | ... V322: =IF(BaseCoalPlants!U328=0,"",BaseCoalPlants!U328) -> 31.388898
C323: =IF(BaseCoalPlants!B329="VDA_FLOP",IF(BaseCoalPlants!D329="ELC","*","INPUT"),BaseCoalPlants!B329) -> ENV_ACT | D323: =IF(BaseCoalPlants!C329="","\I:",BaseCoalPlants!C329&"_LE") -> ECSTMRLOO_LE | E323: =IF(BaseCoalPlants!D329="-","",BaseCoalPlants!D329) -> ELCH2OW | F323: =IF(BaseCoalPlants!E329="-","",BaseCoalPlants!E329) | G323: =IF(BaseCoalPlants!F329="-","",BaseCoalPlants!F329) -> ANNUAL | H323: =IF(BaseCoalPlants!G329="-","",BaseCoalPlants!G329) -> 2010 | I323: =IF(BaseCoalPlants!H329="-","",BaseCoalPlants!H329) | J323: =IF(BaseCoalPlants!I329="-","",BaseCoalPlants!I329) | K323: =IF(BaseCoalPlants!J329="-","",BaseCoalPlants!J329) | L323: =IF(BaseCoalPlants!K329="-","",BaseCoalPlants!K329) | M323: =IF(BaseCoalPlants!L329=0,"",BaseCoalPlants!L329) -> 7524.4465 | N323: =IF(BaseCoalPlants!M329=0,"",BaseCoalPlants!M329) -> 7524.4465 | O323: =IF(BaseCoalPlants!N329=0,"",BaseCoalPlants!N329) -> 7524.4465 | P323: =IF(BaseCoalPlants!O329=0,"",BaseCoalPlants!O329) -> 7524.4465 | Q323: =IF(BaseCoalPlants!P329=0,"",BaseCoalPlants!P329) -> 7524.4465 | R323: =IF(BaseCoalPlants!Q329=0,"",BaseCoalPlants!Q329) -> 7524.4465 | S323: =IF(BaseCoalPlants!R329=0,"",BaseCoalPlants!R329) -> 7524.4465 | T323: =IF(BaseCoalPlants!S329=0,"",BaseCoalPlants!S329) -> 7524.4465 | ... V323: =IF(BaseCoalPlants!U329=0,"",BaseCoalPlants!U329) -> 7524.4465
C324: =IF(BaseCoalPlants!B330="VDA_FLOP",IF(BaseCoalPlants!D330="ELC","*","INPUT"),BaseCoalPlants!B330) -> ENV_ACT | D324: =IF(BaseCoalPlants!C330="","\I:",BaseCoalPlants!C330&"_LE") -> ECSTMRLOR_LE | E324: =IF(BaseCoalPlants!D330="-","",BaseCoalPlants!D330) -> ELCH2OC | F324: =IF(BaseCoalPlants!E330="-","",BaseCoalPlants!E330) | G324: =IF(BaseCoalPlants!F330="-","",BaseCoalPlants!F330) -> ANNUAL | H324: =IF(BaseCoalPlants!G330="-","",BaseCoalPlants!G330) -> 2010 | I324: =IF(BaseCoalPlants!H330="-","",BaseCoalPlants!H330) | J324: =IF(BaseCoalPlants!I330="-","",BaseCoalPlants!I330) | K324: =IF(BaseCoalPlants!J330="-","",BaseCoalPlants!J330) | L324: =IF(BaseCoalPlants!K330="-","",BaseCoalPlants!K330) | M324: =IF(BaseCoalPlants!L330=0,"",BaseCoalPlants!L330) -> 130.83337 | N324: =IF(BaseCoalPlants!M330=0,"",BaseCoalPlants!M330) -> 130.83337 | O324: =IF(BaseCoalPlants!N330=0,"",BaseCoalPlants!N330) -> 130.83337 | P324: =IF(BaseCoalPlants!O330=0,"",BaseCoalPlants!O330) -> 130.83337 | Q324: =IF(BaseCoalPlants!P330=0,"",BaseCoalPlants!P330) -> 130.83337 | R324: =IF(BaseCoalPlants!Q330=0,"",BaseCoalPlants!Q330) -> 130.83337 | S324: =IF(BaseCoalPlants!R330=0,"",BaseCoalPlants!R330) -> 130.83337 | T324: =IF(BaseCoalPlants!S330=0,"",BaseCoalPlants!S330) -> 130.83337 | ... V324: =IF(BaseCoalPlants!U330=0,"",BaseCoalPlants!U330) -> 130.83337
C325: =IF(BaseCoalPlants!B331="VDA_FLOP",IF(BaseCoalPlants!D331="ELC","*","INPUT"),BaseCoalPlants!B331) -> ENV_ACT | D325: =IF(BaseCoalPlants!C331="","\I:",BaseCoalPlants!C331&"_LE") -> ECSTMRLOR_LE | E325: =IF(BaseCoalPlants!D331="-","",BaseCoalPlants!D331) -> ELCH2OW | F325: =IF(BaseCoalPlants!E331="-","",BaseCoalPlants!E331) | G325: =IF(BaseCoalPlants!F331="-","",BaseCoalPlants!F331) -> ANNUAL | H325: =IF(BaseCoalPlants!G331="-","",BaseCoalPlants!G331) -> 2010 | I325: =IF(BaseCoalPlants!H331="-","",BaseCoalPlants!H331) | J325: =IF(BaseCoalPlants!I331="-","",BaseCoalPlants!I331) | K325: =IF(BaseCoalPlants!J331="-","",BaseCoalPlants!J331) | L325: =IF(BaseCoalPlants!K331="-","",BaseCoalPlants!K331) | M325: =IF(BaseCoalPlants!L331=0,"",BaseCoalPlants!L331) -> 147.50004 | N325: =IF(BaseCoalPlants!M331=0,"",BaseCoalPlants!M331) -> 147.50004 | O325: =IF(BaseCoalPlants!N331=0,"",BaseCoalPlants!N331) -> 147.50004 | P325: =IF(BaseCoalPlants!O331=0,"",BaseCoalPlants!O331) -> 147.50004 | Q325: =IF(BaseCoalPlants!P331=0,"",BaseCoalPlants!P331) -> 147.50004 | R325: =IF(BaseCoalPlants!Q331=0,"",BaseCoalPlants!Q331) -> 147.50004 | S325: =IF(BaseCoalPlants!R331=0,"",BaseCoalPlants!R331) -> 147.50004 | T325: =IF(BaseCoalPlants!S331=0,"",BaseCoalPlants!S331) -> 147.50004 | ... V325: =IF(BaseCoalPlants!U331=0,"",BaseCoalPlants!U331) -> 147.50004
C326: =IF(BaseCoalPlants!B332="VDA_FLOP",IF(BaseCoalPlants!D332="ELC","*","INPUT"),BaseCoalPlants!B332) -> ENV_ACT | D326: =IF(BaseCoalPlants!C332="","\I:",BaseCoalPlants!C332&"_LE") -> ECSTMRLUO_LE | E326: =IF(BaseCoalPlants!D332="-","",BaseCoalPlants!D332) -> ELCH2OC | F326: =IF(BaseCoalPlants!E332="-","",BaseCoalPlants!E332) | G326: =IF(BaseCoalPlants!F332="-","",BaseCoalPlants!F332) -> ANNUAL | H326: =IF(BaseCoalPlants!G332="-","",BaseCoalPlants!G332) -> 2010 | I326: =IF(BaseCoalPlants!H332="-","",BaseCoalPlants!H332) | J326: =IF(BaseCoalPlants!I332="-","",BaseCoalPlants!I332) | K326: =IF(BaseCoalPlants!J332="-","",BaseCoalPlants!J332) | L326: =IF(BaseCoalPlants!K332="-","",BaseCoalPlants!K332) | M326: =IF(BaseCoalPlants!L332=0,"",BaseCoalPlants!L332) -> 31.388898 | N326: =IF(BaseCoalPlants!M332=0,"",BaseCoalPlants!M332) -> 31.388898 | O326: =IF(BaseCoalPlants!N332=0,"",BaseCoalPlants!N332) -> 31.388898 | P326: =IF(BaseCoalPlants!O332=0,"",BaseCoalPlants!O332) -> 31.388898 | Q326: =IF(BaseCoalPlants!P332=0,"",BaseCoalPlants!P332) -> 31.388898 | R326: =IF(BaseCoalPlants!Q332=0,"",BaseCoalPlants!Q332) -> 31.388898 | S326: =IF(BaseCoalPlants!R332=0,"",BaseCoalPlants!R332) -> 31.388898 | T326: =IF(BaseCoalPlants!S332=0,"",BaseCoalPlants!S332) -> 31.388898 | ... V326: =IF(BaseCoalPlants!U332=0,"",BaseCoalPlants!U332) -> 31.388898
C327: =IF(BaseCoalPlants!B333="VDA_FLOP",IF(BaseCoalPlants!D333="ELC","*","INPUT"),BaseCoalPlants!B333) -> ENV_ACT | D327: =IF(BaseCoalPlants!C333="","\I:",BaseCoalPlants!C333&"_LE") -> ECSTMRLUO_LE | E327: =IF(BaseCoalPlants!D333="-","",BaseCoalPlants!D333) -> ELCH2OW | F327: =IF(BaseCoalPlants!E333="-","",BaseCoalPlants!E333) | G327: =IF(BaseCoalPlants!F333="-","",BaseCoalPlants!F333) -> ANNUAL | H327: =IF(BaseCoalPlants!G333="-","",BaseCoalPlants!G333) -> 2010 | I327: =IF(BaseCoalPlants!H333="-","",BaseCoalPlants!H333) | J327: =IF(BaseCoalPlants!I333="-","",BaseCoalPlants!I333) | K327: =IF(BaseCoalPlants!J333="-","",BaseCoalPlants!J333) | L327: =IF(BaseCoalPlants!K333="-","",BaseCoalPlants!K333) | M327: =IF(BaseCoalPlants!L333=0,"",BaseCoalPlants!L333) -> 7524.4465 | N327: =IF(BaseCoalPlants!M333=0,"",BaseCoalPlants!M333) -> 7524.4465 | O327: =IF(BaseCoalPlants!N333=0,"",BaseCoalPlants!N333) -> 7524.4465 | P327: =IF(BaseCoalPlants!O333=0,"",BaseCoalPlants!O333) -> 7524.4465 | Q327: =IF(BaseCoalPlants!P333=0,"",BaseCoalPlants!P333) -> 7524.4465 | R327: =IF(BaseCoalPlants!Q333=0,"",BaseCoalPlants!Q333) -> 7524.4465 | S327: =IF(BaseCoalPlants!R333=0,"",BaseCoalPlants!R333) -> 7524.4465 | T327: =IF(BaseCoalPlants!S333=0,"",BaseCoalPlants!S333) -> 7524.4465 | ... V327: =IF(BaseCoalPlants!U333=0,"",BaseCoalPlants!U333) -> 7524.4465
C328: =IF(BaseCoalPlants!B338="VDA_FLOP",IF(BaseCoalPlants!D338="ELC","*","INPUT"),BaseCoalPlants!B338) -> ENV_ACT | D328: =IF(BaseCoalPlants!C338="","\I:",BaseCoalPlants!C338&"_LE") -> ECSTMRSOO_LE | E328: =IF(BaseCoalPlants!D338="-","",BaseCoalPlants!D338) -> ELCH2OC | F328: =IF(BaseCoalPlants!E338="-","",BaseCoalPlants!E338) | G328: =IF(BaseCoalPlants!F338="-","",BaseCoalPlants!F338) -> ANNUAL | H328: =IF(BaseCoalPlants!G338="-","",BaseCoalPlants!G338) -> 2010 | I328: =IF(BaseCoalPlants!H338="-","",BaseCoalPlants!H338) | J328: =IF(BaseCoalPlants!I338="-","",BaseCoalPlants!I338) | K328: =IF(BaseCoalPlants!J338="-","",BaseCoalPlants!J338) | L328: =IF(BaseCoalPlants!K338="-","",BaseCoalPlants!K338) | M328: =IF(BaseCoalPlants!L338=0,"",BaseCoalPlants!L338) -> 31.388898 | N328: =IF(BaseCoalPlants!M338=0,"",BaseCoalPlants!M338) -> 31.388898 | O328: =IF(BaseCoalPlants!N338=0,"",BaseCoalPlants!N338) -> 31.388898 | P328: =IF(BaseCoalPlants!O338=0,"",BaseCoalPlants!O338) -> 31.388898 | Q328: =IF(BaseCoalPlants!P338=0,"",BaseCoalPlants!P338) -> 31.388898 | R328: =IF(BaseCoalPlants!Q338=0,"",BaseCoalPlants!Q338) -> 31.388898 | S328: =IF(BaseCoalPlants!R338=0,"",BaseCoalPlants!R338) -> 31.388898 | T328: =IF(BaseCoalPlants!S338=0,"",BaseCoalPlants!S338) -> 31.388898 | ... V328: =IF(BaseCoalPlants!U338=0,"",BaseCoalPlants!U338) -> 31.388898
C329: =IF(BaseCoalPlants!B339="VDA_FLOP",IF(BaseCoalPlants!D339="ELC","*","INPUT"),BaseCoalPlants!B339) -> ENV_ACT | D329: =IF(BaseCoalPlants!C339="","\I:",BaseCoalPlants!C339&"_LE") -> ECSTMRSOO_LE | E329: =IF(BaseCoalPlants!D339="-","",BaseCoalPlants!D339) -> ELCH2OW | F329: =IF(BaseCoalPlants!E339="-","",BaseCoalPlants!E339) | G329: =IF(BaseCoalPlants!F339="-","",BaseCoalPlants!F339) -> ANNUAL | H329: =IF(BaseCoalPlants!G339="-","",BaseCoalPlants!G339) -> 2010 | I329: =IF(BaseCoalPlants!H339="-","",BaseCoalPlants!H339) | J329: =IF(BaseCoalPlants!I339="-","",BaseCoalPlants!I339) | K329: =IF(BaseCoalPlants!J339="-","",BaseCoalPlants!J339) | L329: =IF(BaseCoalPlants!K339="-","",BaseCoalPlants!K339) | M329: =IF(BaseCoalPlants!L339=0,"",BaseCoalPlants!L339) -> 7524.4465 | N329: =IF(BaseCoalPlants!M339=0,"",BaseCoalPlants!M339) -> 7524.4465 | O329: =IF(BaseCoalPlants!N339=0,"",BaseCoalPlants!N339) -> 7524.4465 | P329: =IF(BaseCoalPlants!O339=0,"",BaseCoalPlants!O339) -> 7524.4465 | Q329: =IF(BaseCoalPlants!P339=0,"",BaseCoalPlants!P339) -> 7524.4465 | R329: =IF(BaseCoalPlants!Q339=0,"",BaseCoalPlants!Q339) -> 7524.4465 | S329: =IF(BaseCoalPlants!R339=0,"",BaseCoalPlants!R339) -> 7524.4465 | T329: =IF(BaseCoalPlants!S339=0,"",BaseCoalPlants!S339) -> 7524.4465 | ... V329: =IF(BaseCoalPlants!U339=0,"",BaseCoalPlants!U339) -> 7524.4465
C330: =IF(BaseCoalPlants!B340="VDA_FLOP",IF(BaseCoalPlants!D340="ELC","*","INPUT"),BaseCoalPlants!B340) -> ENV_ACT | D330: =IF(BaseCoalPlants!C340="","\I:",BaseCoalPlants!C340&"_LE") -> ECSTMRSOR_LE | E330: =IF(BaseCoalPlants!D340="-","",BaseCoalPlants!D340) -> ELCH2OC | F330: =IF(BaseCoalPlants!E340="-","",BaseCoalPlants!E340) | G330: =IF(BaseCoalPlants!F340="-","",BaseCoalPlants!F340) -> ANNUAL | H330: =IF(BaseCoalPlants!G340="-","",BaseCoalPlants!G340) -> 2010 | I330: =IF(BaseCoalPlants!H340="-","",BaseCoalPlants!H340) | J330: =IF(BaseCoalPlants!I340="-","",BaseCoalPlants!I340) | K330: =IF(BaseCoalPlants!J340="-","",BaseCoalPlants!J340) | L330: =IF(BaseCoalPlants!K340="-","",BaseCoalPlants!K340) | M330: =IF(BaseCoalPlants!L340=0,"",BaseCoalPlants!L340) -> 130.83337 | N330: =IF(BaseCoalPlants!M340=0,"",BaseCoalPlants!M340) -> 130.83337 | O330: =IF(BaseCoalPlants!N340=0,"",BaseCoalPlants!N340) -> 130.83337 | P330: =IF(BaseCoalPlants!O340=0,"",BaseCoalPlants!O340) -> 130.83337 | Q330: =IF(BaseCoalPlants!P340=0,"",BaseCoalPlants!P340) -> 130.83337 | R330: =IF(BaseCoalPlants!Q340=0,"",BaseCoalPlants!Q340) -> 130.83337 | S330: =IF(BaseCoalPlants!R340=0,"",BaseCoalPlants!R340) -> 130.83337 | T330: =IF(BaseCoalPlants!S340=0,"",BaseCoalPlants!S340) -> 130.83337 | ... V330: =IF(BaseCoalPlants!U340=0,"",BaseCoalPlants!U340) -> 130.83337
C331: =IF(BaseCoalPlants!B341="VDA_FLOP",IF(BaseCoalPlants!D341="ELC","*","INPUT"),BaseCoalPlants!B341) -> ENV_ACT | D331: =IF(BaseCoalPlants!C341="","\I:",BaseCoalPlants!C341&"_LE") -> ECSTMRSOR_LE | E331: =IF(BaseCoalPlants!D341="-","",BaseCoalPlants!D341) -> ELCH2OW | F331: =IF(BaseCoalPlants!E341="-","",BaseCoalPlants!E341) | G331: =IF(BaseCoalPlants!F341="-","",BaseCoalPlants!F341) -> ANNUAL | H331: =IF(BaseCoalPlants!G341="-","",BaseCoalPlants!G341) -> 2010 | I331: =IF(BaseCoalPlants!H341="-","",BaseCoalPlants!H341) | J331: =IF(BaseCoalPlants!I341="-","",BaseCoalPlants!I341) | K331: =IF(BaseCoalPlants!J341="-","",BaseCoalPlants!J341) | L331: =IF(BaseCoalPlants!K341="-","",BaseCoalPlants!K341) | M331: =IF(BaseCoalPlants!L341=0,"",BaseCoalPlants!L341) -> 147.50004 | N331: =IF(BaseCoalPlants!M341=0,"",BaseCoalPlants!M341) -> 147.50004 | O331: =IF(BaseCoalPlants!N341=0,"",BaseCoalPlants!N341) -> 147.50004 | P331: =IF(BaseCoalPlants!O341=0,"",BaseCoalPlants!O341) -> 147.50004 | Q331: =IF(BaseCoalPlants!P341=0,"",BaseCoalPlants!P341) -> 147.50004 | R331: =IF(BaseCoalPlants!Q341=0,"",BaseCoalPlants!Q341) -> 147.50004 | S331: =IF(BaseCoalPlants!R341=0,"",BaseCoalPlants!R341) -> 147.50004 | T331: =IF(BaseCoalPlants!S341=0,"",BaseCoalPlants!S341) -> 147.50004 | ... V331: =IF(BaseCoalPlants!U341=0,"",BaseCoalPlants!U341) -> 147.50004
C332: =IF(BaseCoalPlants!B342="VDA_FLOP",IF(BaseCoalPlants!D342="ELC","*","INPUT"),BaseCoalPlants!B342) -> ENV_ACT | D332: =IF(BaseCoalPlants!C342="","\I:",BaseCoalPlants!C342&"_LE") -> ECSTMRSUO_LE | E332: =IF(BaseCoalPlants!D342="-","",BaseCoalPlants!D342) -> ELCH2OC | F332: =IF(BaseCoalPlants!E342="-","",BaseCoalPlants!E342) | G332: =IF(BaseCoalPlants!F342="-","",BaseCoalPlants!F342) -> ANNUAL | H332: =IF(BaseCoalPlants!G342="-","",BaseCoalPlants!G342) -> 2010 | I332: =IF(BaseCoalPlants!H342="-","",BaseCoalPlants!H342) | J332: =IF(BaseCoalPlants!I342="-","",BaseCoalPlants!I342) | K332: =IF(BaseCoalPlants!J342="-","",BaseCoalPlants!J342) | L332: =IF(BaseCoalPlants!K342="-","",BaseCoalPlants!K342) | M332: =IF(BaseCoalPlants!L342=0,"",BaseCoalPlants!L342) -> 31.388898 | N332: =IF(BaseCoalPlants!M342=0,"",BaseCoalPlants!M342) -> 31.388898 | O332: =IF(BaseCoalPlants!N342=0,"",BaseCoalPlants!N342) -> 31.388898 | P332: =IF(BaseCoalPlants!O342=0,"",BaseCoalPlants!O342) -> 31.388898 | Q332: =IF(BaseCoalPlants!P342=0,"",BaseCoalPlants!P342) -> 31.388898 | R332: =IF(BaseCoalPlants!Q342=0,"",BaseCoalPlants!Q342) -> 31.388898 | S332: =IF(BaseCoalPlants!R342=0,"",BaseCoalPlants!R342) -> 31.388898 | T332: =IF(BaseCoalPlants!S342=0,"",BaseCoalPlants!S342) -> 31.388898 | ... V332: =IF(BaseCoalPlants!U342=0,"",BaseCoalPlants!U342) -> 31.388898
C333: =IF(BaseCoalPlants!B343="VDA_FLOP",IF(BaseCoalPlants!D343="ELC","*","INPUT"),BaseCoalPlants!B343) -> ENV_ACT | D333: =IF(BaseCoalPlants!C343="","\I:",BaseCoalPlants!C343&"_LE") -> ECSTMRSUO_LE | E333: =IF(BaseCoalPlants!D343="-","",BaseCoalPlants!D343) -> ELCH2OW | F333: =IF(BaseCoalPlants!E343="-","",BaseCoalPlants!E343) | G333: =IF(BaseCoalPlants!F343="-","",BaseCoalPlants!F343) -> ANNUAL | H333: =IF(BaseCoalPlants!G343="-","",BaseCoalPlants!G343) -> 2010 | I333: =IF(BaseCoalPlants!H343="-","",BaseCoalPlants!H343) | J333: =IF(BaseCoalPlants!I343="-","",BaseCoalPlants!I343) | K333: =IF(BaseCoalPlants!J343="-","",BaseCoalPlants!J343) | L333: =IF(BaseCoalPlants!K343="-","",BaseCoalPlants!K343) | M333: =IF(BaseCoalPlants!L343=0,"",BaseCoalPlants!L343) -> 7524.4465 | N333: =IF(BaseCoalPlants!M343=0,"",BaseCoalPlants!M343) -> 7524.4465 | O333: =IF(BaseCoalPlants!N343=0,"",BaseCoalPlants!N343) -> 7524.4465 | P333: =IF(BaseCoalPlants!O343=0,"",BaseCoalPlants!O343) -> 7524.4465 | Q333: =IF(BaseCoalPlants!P343=0,"",BaseCoalPlants!P343) -> 7524.4465 | R333: =IF(BaseCoalPlants!Q343=0,"",BaseCoalPlants!Q343) -> 7524.4465 | S333: =IF(BaseCoalPlants!R343=0,"",BaseCoalPlants!R343) -> 7524.4465 | T333: =IF(BaseCoalPlants!S343=0,"",BaseCoalPlants!S343) -> 7524.4465 | ... V333: =IF(BaseCoalPlants!U343=0,"",BaseCoalPlants!U343) -> 7524.4465
C334: =IF(BaseCoalPlants!B344="VDA_FLOP",IF(BaseCoalPlants!D344="ELC","*","INPUT"),BaseCoalPlants!B344) -> ENV_ACT | D334: =IF(BaseCoalPlants!C344="","\I:",BaseCoalPlants!C344&"_LE") -> ECSTMRSUR_LE | E334: =IF(BaseCoalPlants!D344="-","",BaseCoalPlants!D344) -> ELCH2OC | F334: =IF(BaseCoalPlants!E344="-","",BaseCoalPlants!E344) | G334: =IF(BaseCoalPlants!F344="-","",BaseCoalPlants!F344) -> ANNUAL | H334: =IF(BaseCoalPlants!G344="-","",BaseCoalPlants!G344) -> 2010 | I334: =IF(BaseCoalPlants!H344="-","",BaseCoalPlants!H344) | J334: =IF(BaseCoalPlants!I344="-","",BaseCoalPlants!I344) | K334: =IF(BaseCoalPlants!J344="-","",BaseCoalPlants!J344) | L334: =IF(BaseCoalPlants!K344="-","",BaseCoalPlants!K344) | M334: =IF(BaseCoalPlants!L344=0,"",BaseCoalPlants!L344) -> 130.83337 | N334: =IF(BaseCoalPlants!M344=0,"",BaseCoalPlants!M344) -> 130.83337 | O334: =IF(BaseCoalPlants!N344=0,"",BaseCoalPlants!N344) -> 130.83337 | P334: =IF(BaseCoalPlants!O344=0,"",BaseCoalPlants!O344) -> 130.83337 | Q334: =IF(BaseCoalPlants!P344=0,"",BaseCoalPlants!P344) -> 130.83337 | R334: =IF(BaseCoalPlants!Q344=0,"",BaseCoalPlants!Q344) -> 130.83337 | S334: =IF(BaseCoalPlants!R344=0,"",BaseCoalPlants!R344) -> 130.83337 | T334: =IF(BaseCoalPlants!S344=0,"",BaseCoalPlants!S344) -> 130.83337 | ... V334: =IF(BaseCoalPlants!U344=0,"",BaseCoalPlants!U344) -> 130.83337
C335: =IF(BaseCoalPlants!B345="VDA_FLOP",IF(BaseCoalPlants!D345="ELC","*","INPUT"),BaseCoalPlants!B345) -> ENV_ACT | D335: =IF(BaseCoalPlants!C345="","\I:",BaseCoalPlants!C345&"_LE") -> ECSTMRSUR_LE | E335: =IF(BaseCoalPlants!D345="-","",BaseCoalPlants!D345) -> ELCH2OW | F335: =IF(BaseCoalPlants!E345="-","",BaseCoalPlants!E345) | G335: =IF(BaseCoalPlants!F345="-","",BaseCoalPlants!F345) -> ANNUAL | H335: =IF(BaseCoalPlants!G345="-","",BaseCoalPlants!G345) -> 2010 | I335: =IF(BaseCoalPlants!H345="-","",BaseCoalPlants!H345) | J335: =IF(BaseCoalPlants!I345="-","",BaseCoalPlants!I345) | K335: =IF(BaseCoalPlants!J345="-","",BaseCoalPlants!J345) | L335: =IF(BaseCoalPlants!K345="-","",BaseCoalPlants!K345) | M335: =IF(BaseCoalPlants!L345=0,"",BaseCoalPlants!L345) -> 147.50004 | N335: =IF(BaseCoalPlants!M345=0,"",BaseCoalPlants!M345) -> 147.50004 | O335: =IF(BaseCoalPlants!N345=0,"",BaseCoalPlants!N345) -> 147.50004 | P335: =IF(BaseCoalPlants!O345=0,"",BaseCoalPlants!O345) -> 147.50004 | Q335: =IF(BaseCoalPlants!P345=0,"",BaseCoalPlants!P345) -> 147.50004 | R335: =IF(BaseCoalPlants!Q345=0,"",BaseCoalPlants!Q345) -> 147.50004 | S335: =IF(BaseCoalPlants!R345=0,"",BaseCoalPlants!R345) -> 147.50004 | T335: =IF(BaseCoalPlants!S345=0,"",BaseCoalPlants!S345) -> 147.50004 | ... V335: =IF(BaseCoalPlants!U345=0,"",BaseCoalPlants!U345) -> 147.50004
C336: =IF(BaseCoalPlants!B347="VDA_FLOP",IF(BaseCoalPlants!D347="ELC","*","INPUT"),BaseCoalPlants!B347) -> LIFE | D336: =IF(BaseCoalPlants!C347="","\I:",BaseCoalPlants!C347&"_LE") -> ECSTMRBOO_LE | E336: =IF(BaseCoalPlants!D347="-","",BaseCoalPlants!D347) | F336: =IF(BaseCoalPlants!E347="-","",BaseCoalPlants!E347) | G336: =IF(BaseCoalPlants!F347="-","",BaseCoalPlants!F347) | H336: =IF(BaseCoalPlants!G347="-","",BaseCoalPlants!G347) -> 2010 | I336: =IF(BaseCoalPlants!H347="-","",BaseCoalPlants!H347) | J336: =IF(BaseCoalPlants!I347="-","",BaseCoalPlants!I347) | K336: =IF(BaseCoalPlants!J347="-","",BaseCoalPlants!J347) | L336: =IF(BaseCoalPlants!K347="-","",BaseCoalPlants!K347) | M336: =IF(BaseCoalPlants!L347=0,"",BaseCoalPlants!L347) -> 50 | N336: =IF(BaseCoalPlants!M347=0,"",BaseCoalPlants!M347) -> 50 | O336: =IF(BaseCoalPlants!N347=0,"",BaseCoalPlants!N347) -> 50 | P336: =IF(BaseCoalPlants!O347=0,"",BaseCoalPlants!O347) -> 50 | Q336: =IF(BaseCoalPlants!P347=0,"",BaseCoalPlants!P347) -> 50 | R336: =IF(BaseCoalPlants!Q347=0,"",BaseCoalPlants!Q347) -> 50 | S336: =IF(BaseCoalPlants!R347=0,"",BaseCoalPlants!R347) -> 50 | T336: =IF(BaseCoalPlants!S347=0,"",BaseCoalPlants!S347) -> 50 | ... V336: =IF(BaseCoalPlants!U347=0,"",BaseCoalPlants!U347) -> 50
C337: =IF(BaseCoalPlants!B348="VDA_FLOP",IF(BaseCoalPlants!D348="ELC","*","INPUT"),BaseCoalPlants!B348) -> LIFE | D337: =IF(BaseCoalPlants!C348="","\I:",BaseCoalPlants!C348&"_LE") -> ECSTMRBOR_LE | E337: =IF(BaseCoalPlants!D348="-","",BaseCoalPlants!D348) | F337: =IF(BaseCoalPlants!E348="-","",BaseCoalPlants!E348) | G337: =IF(BaseCoalPlants!F348="-","",BaseCoalPlants!F348) | H337: =IF(BaseCoalPlants!G348="-","",BaseCoalPlants!G348) -> 2010 | I337: =IF(BaseCoalPlants!H348="-","",BaseCoalPlants!H348) | J337: =IF(BaseCoalPlants!I348="-","",BaseCoalPlants!I348) | K337: =IF(BaseCoalPlants!J348="-","",BaseCoalPlants!J348) | L337: =IF(BaseCoalPlants!K348="-","",BaseCoalPlants!K348) | M337: =IF(BaseCoalPlants!L348=0,"",BaseCoalPlants!L348) -> 50 | N337: =IF(BaseCoalPlants!M348=0,"",BaseCoalPlants!M348) -> 50 | O337: =IF(BaseCoalPlants!N348=0,"",BaseCoalPlants!N348) -> 50 | P337: =IF(BaseCoalPlants!O348=0,"",BaseCoalPlants!O348) -> 50 | Q337: =IF(BaseCoalPlants!P348=0,"",BaseCoalPlants!P348) -> 50 | R337: =IF(BaseCoalPlants!Q348=0,"",BaseCoalPlants!Q348) -> 50 | S337: =IF(BaseCoalPlants!R348=0,"",BaseCoalPlants!R348) -> 50 | T337: =IF(BaseCoalPlants!S348=0,"",BaseCoalPlants!S348) -> 50 | ... V337: =IF(BaseCoalPlants!U348=0,"",BaseCoalPlants!U348) -> 50
C338: =IF(BaseCoalPlants!B349="VDA_FLOP",IF(BaseCoalPlants!D349="ELC","*","INPUT"),BaseCoalPlants!B349) -> LIFE | D338: =IF(BaseCoalPlants!C349="","\I:",BaseCoalPlants!C349&"_LE") -> ECSTMRBUO_LE | E338: =IF(BaseCoalPlants!D349="-","",BaseCoalPlants!D349) | F338: =IF(BaseCoalPlants!E349="-","",BaseCoalPlants!E349) | G338: =IF(BaseCoalPlants!F349="-","",BaseCoalPlants!F349) | H338: =IF(BaseCoalPlants!G349="-","",BaseCoalPlants!G349) -> 2010 | I338: =IF(BaseCoalPlants!H349="-","",BaseCoalPlants!H349) | J338: =IF(BaseCoalPlants!I349="-","",BaseCoalPlants!I349) | K338: =IF(BaseCoalPlants!J349="-","",BaseCoalPlants!J349) | L338: =IF(BaseCoalPlants!K349="-","",BaseCoalPlants!K349) | M338: =IF(BaseCoalPlants!L349=0,"",BaseCoalPlants!L349) -> 50 | N338: =IF(BaseCoalPlants!M349=0,"",BaseCoalPlants!M349) -> 50 | O338: =IF(BaseCoalPlants!N349=0,"",BaseCoalPlants!N349) -> 50 | P338: =IF(BaseCoalPlants!O349=0,"",BaseCoalPlants!O349) -> 50 | Q338: =IF(BaseCoalPlants!P349=0,"",BaseCoalPlants!P349) -> 50 | R338: =IF(BaseCoalPlants!Q349=0,"",BaseCoalPlants!Q349) -> 50 | S338: =IF(BaseCoalPlants!R349=0,"",BaseCoalPlants!R349) -> 50 | T338: =IF(BaseCoalPlants!S349=0,"",BaseCoalPlants!S349) -> 50 | ... V338: =IF(BaseCoalPlants!U349=0,"",BaseCoalPlants!U349) -> 50
C339: =IF(BaseCoalPlants!B350="VDA_FLOP",IF(BaseCoalPlants!D350="ELC","*","INPUT"),BaseCoalPlants!B350) -> LIFE | D339: =IF(BaseCoalPlants!C350="","\I:",BaseCoalPlants!C350&"_LE") -> ECSTMRBUR_LE | E339: =IF(BaseCoalPlants!D350="-","",BaseCoalPlants!D350) | F339: =IF(BaseCoalPlants!E350="-","",BaseCoalPlants!E350) | G339: =IF(BaseCoalPlants!F350="-","",BaseCoalPlants!F350) | H339: =IF(BaseCoalPlants!G350="-","",BaseCoalPlants!G350) -> 2010 | I339: =IF(BaseCoalPlants!H350="-","",BaseCoalPlants!H350) | J339: =IF(BaseCoalPlants!I350="-","",BaseCoalPlants!I350) | K339: =IF(BaseCoalPlants!J350="-","",BaseCoalPlants!J350) | L339: =IF(BaseCoalPlants!K350="-","",BaseCoalPlants!K350) | M339: =IF(BaseCoalPlants!L350=0,"",BaseCoalPlants!L350) -> 50 | N339: =IF(BaseCoalPlants!M350=0,"",BaseCoalPlants!M350) -> 50 | O339: =IF(BaseCoalPlants!N350=0,"",BaseCoalPlants!N350) -> 50 | P339: =IF(BaseCoalPlants!O350=0,"",BaseCoalPlants!O350) -> 50 | Q339: =IF(BaseCoalPlants!P350=0,"",BaseCoalPlants!P350) -> 50 | R339: =IF(BaseCoalPlants!Q350=0,"",BaseCoalPlants!Q350) -> 50 | S339: =IF(BaseCoalPlants!R350=0,"",BaseCoalPlants!R350) -> 50 | T339: =IF(BaseCoalPlants!S350=0,"",BaseCoalPlants!S350) -> 50 | ... V339: =IF(BaseCoalPlants!U350=0,"",BaseCoalPlants!U350) -> 50
C340: =IF(BaseCoalPlants!B352="VDA_FLOP",IF(BaseCoalPlants!D352="ELC","*","INPUT"),BaseCoalPlants!B352) -> LIFE | D340: =IF(BaseCoalPlants!C352="","\I:",BaseCoalPlants!C352&"_LE") -> ECSTMRLOO_LE | E340: =IF(BaseCoalPlants!D352="-","",BaseCoalPlants!D352) | F340: =IF(BaseCoalPlants!E352="-","",BaseCoalPlants!E352) | G340: =IF(BaseCoalPlants!F352="-","",BaseCoalPlants!F352) | H340: =IF(BaseCoalPlants!G352="-","",BaseCoalPlants!G352) -> 2010 | I340: =IF(BaseCoalPlants!H352="-","",BaseCoalPlants!H352) | J340: =IF(BaseCoalPlants!I352="-","",BaseCoalPlants!I352) | K340: =IF(BaseCoalPlants!J352="-","",BaseCoalPlants!J352) | L340: =IF(BaseCoalPlants!K352="-","",BaseCoalPlants!K352) | M340: =IF(BaseCoalPlants!L352=0,"",BaseCoalPlants!L352) -> 50 | N340: =IF(BaseCoalPlants!M352=0,"",BaseCoalPlants!M352) -> 50 | O340: =IF(BaseCoalPlants!N352=0,"",BaseCoalPlants!N352) -> 50 | P340: =IF(BaseCoalPlants!O352=0,"",BaseCoalPlants!O352) -> 50 | Q340: =IF(BaseCoalPlants!P352=0,"",BaseCoalPlants!P352) -> 50 | R340: =IF(BaseCoalPlants!Q352=0,"",BaseCoalPlants!Q352) -> 50 | S340: =IF(BaseCoalPlants!R352=0,"",BaseCoalPlants!R352) -> 50 | T340: =IF(BaseCoalPlants!S352=0,"",BaseCoalPlants!S352) -> 50 | ... V340: =IF(BaseCoalPlants!U352=0,"",BaseCoalPlants!U352) -> 50
C341: =IF(BaseCoalPlants!B353="VDA_FLOP",IF(BaseCoalPlants!D353="ELC","*","INPUT"),BaseCoalPlants!B353) -> LIFE | D341: =IF(BaseCoalPlants!C353="","\I:",BaseCoalPlants!C353&"_LE") -> ECSTMRLOR_LE | E341: =IF(BaseCoalPlants!D353="-","",BaseCoalPlants!D353) | F341: =IF(BaseCoalPlants!E353="-","",BaseCoalPlants!E353) | G341: =IF(BaseCoalPlants!F353="-","",BaseCoalPlants!F353) | H341: =IF(BaseCoalPlants!G353="-","",BaseCoalPlants!G353) -> 2010 | I341: =IF(BaseCoalPlants!H353="-","",BaseCoalPlants!H353) | J341: =IF(BaseCoalPlants!I353="-","",BaseCoalPlants!I353) | K341: =IF(BaseCoalPlants!J353="-","",BaseCoalPlants!J353) | L341: =IF(BaseCoalPlants!K353="-","",BaseCoalPlants!K353) | M341: =IF(BaseCoalPlants!L353=0,"",BaseCoalPlants!L353) -> 50 | N341: =IF(BaseCoalPlants!M353=0,"",BaseCoalPlants!M353) -> 50 | O341: =IF(BaseCoalPlants!N353=0,"",BaseCoalPlants!N353) -> 50 | P341: =IF(BaseCoalPlants!O353=0,"",BaseCoalPlants!O353) -> 50 | Q341: =IF(BaseCoalPlants!P353=0,"",BaseCoalPlants!P353) -> 50 | R341: =IF(BaseCoalPlants!Q353=0,"",BaseCoalPlants!Q353) -> 50 | S341: =IF(BaseCoalPlants!R353=0,"",BaseCoalPlants!R353) -> 50 | T341: =IF(BaseCoalPlants!S353=0,"",BaseCoalPlants!S353) -> 50 | ... V341: =IF(BaseCoalPlants!U353=0,"",BaseCoalPlants!U353) -> 50
C342: =IF(BaseCoalPlants!B354="VDA_FLOP",IF(BaseCoalPlants!D354="ELC","*","INPUT"),BaseCoalPlants!B354) -> LIFE | D342: =IF(BaseCoalPlants!C354="","\I:",BaseCoalPlants!C354&"_LE") -> ECSTMRLUO_LE | E342: =IF(BaseCoalPlants!D354="-","",BaseCoalPlants!D354) | F342: =IF(BaseCoalPlants!E354="-","",BaseCoalPlants!E354) | G342: =IF(BaseCoalPlants!F354="-","",BaseCoalPlants!F354) | H342: =IF(BaseCoalPlants!G354="-","",BaseCoalPlants!G354) -> 2010 | I342: =IF(BaseCoalPlants!H354="-","",BaseCoalPlants!H354) | J342: =IF(BaseCoalPlants!I354="-","",BaseCoalPlants!I354) | K342: =IF(BaseCoalPlants!J354="-","",BaseCoalPlants!J354) | L342: =IF(BaseCoalPlants!K354="-","",BaseCoalPlants!K354) | M342: =IF(BaseCoalPlants!L354=0,"",BaseCoalPlants!L354) -> 50 | N342: =IF(BaseCoalPlants!M354=0,"",BaseCoalPlants!M354) -> 50 | O342: =IF(BaseCoalPlants!N354=0,"",BaseCoalPlants!N354) -> 50 | P342: =IF(BaseCoalPlants!O354=0,"",BaseCoalPlants!O354) -> 50 | Q342: =IF(BaseCoalPlants!P354=0,"",BaseCoalPlants!P354) -> 50 | R342: =IF(BaseCoalPlants!Q354=0,"",BaseCoalPlants!Q354) -> 50 | S342: =IF(BaseCoalPlants!R354=0,"",BaseCoalPlants!R354) -> 50 | T342: =IF(BaseCoalPlants!S354=0,"",BaseCoalPlants!S354) -> 50 | ... V342: =IF(BaseCoalPlants!U354=0,"",BaseCoalPlants!U354) -> 50
C343: =IF(BaseCoalPlants!B357="VDA_FLOP",IF(BaseCoalPlants!D357="ELC","*","INPUT"),BaseCoalPlants!B357) -> LIFE | D343: =IF(BaseCoalPlants!C357="","\I:",BaseCoalPlants!C357&"_LE") -> ECSTMRSOO_LE | E343: =IF(BaseCoalPlants!D357="-","",BaseCoalPlants!D357) | F343: =IF(BaseCoalPlants!E357="-","",BaseCoalPlants!E357) | G343: =IF(BaseCoalPlants!F357="-","",BaseCoalPlants!F357) | H343: =IF(BaseCoalPlants!G357="-","",BaseCoalPlants!G357) -> 2010 | I343: =IF(BaseCoalPlants!H357="-","",BaseCoalPlants!H357) | J343: =IF(BaseCoalPlants!I357="-","",BaseCoalPlants!I357) | K343: =IF(BaseCoalPlants!J357="-","",BaseCoalPlants!J357) | L343: =IF(BaseCoalPlants!K357="-","",BaseCoalPlants!K357) | M343: =IF(BaseCoalPlants!L357=0,"",BaseCoalPlants!L357) -> 50 | N343: =IF(BaseCoalPlants!M357=0,"",BaseCoalPlants!M357) -> 50 | O343: =IF(BaseCoalPlants!N357=0,"",BaseCoalPlants!N357) -> 50 | P343: =IF(BaseCoalPlants!O357=0,"",BaseCoalPlants!O357) -> 50 | Q343: =IF(BaseCoalPlants!P357=0,"",BaseCoalPlants!P357) -> 50 | R343: =IF(BaseCoalPlants!Q357=0,"",BaseCoalPlants!Q357) -> 50 | S343: =IF(BaseCoalPlants!R357=0,"",BaseCoalPlants!R357) -> 50 | T343: =IF(BaseCoalPlants!S357=0,"",BaseCoalPlants!S357) -> 50 | ... V343: =IF(BaseCoalPlants!U357=0,"",BaseCoalPlants!U357) -> 50
C344: =IF(BaseCoalPlants!B358="VDA_FLOP",IF(BaseCoalPlants!D358="ELC","*","INPUT"),BaseCoalPlants!B358) -> LIFE | D344: =IF(BaseCoalPlants!C358="","\I:",BaseCoalPlants!C358&"_LE") -> ECSTMRSOR_LE | E344: =IF(BaseCoalPlants!D358="-","",BaseCoalPlants!D358) | F344: =IF(BaseCoalPlants!E358="-","",BaseCoalPlants!E358) | G344: =IF(BaseCoalPlants!F358="-","",BaseCoalPlants!F358) | H344: =IF(BaseCoalPlants!G358="-","",BaseCoalPlants!G358) -> 2010 | I344: =IF(BaseCoalPlants!H358="-","",BaseCoalPlants!H358) | J344: =IF(BaseCoalPlants!I358="-","",BaseCoalPlants!I358) | K344: =IF(BaseCoalPlants!J358="-","",BaseCoalPlants!J358) | L344: =IF(BaseCoalPlants!K358="-","",BaseCoalPlants!K358) | M344: =IF(BaseCoalPlants!L358=0,"",BaseCoalPlants!L358) -> 50 | N344: =IF(BaseCoalPlants!M358=0,"",BaseCoalPlants!M358) -> 50 | O344: =IF(BaseCoalPlants!N358=0,"",BaseCoalPlants!N358) -> 50 | P344: =IF(BaseCoalPlants!O358=0,"",BaseCoalPlants!O358) -> 50 | Q344: =IF(BaseCoalPlants!P358=0,"",BaseCoalPlants!P358) -> 50 | R344: =IF(BaseCoalPlants!Q358=0,"",BaseCoalPlants!Q358) -> 50 | S344: =IF(BaseCoalPlants!R358=0,"",BaseCoalPlants!R358) -> 50 | T344: =IF(BaseCoalPlants!S358=0,"",BaseCoalPlants!S358) -> 50 | ... V344: =IF(BaseCoalPlants!U358=0,"",BaseCoalPlants!U358) -> 50
C345: =IF(BaseCoalPlants!B359="VDA_FLOP",IF(BaseCoalPlants!D359="ELC","*","INPUT"),BaseCoalPlants!B359) -> LIFE | D345: =IF(BaseCoalPlants!C359="","\I:",BaseCoalPlants!C359&"_LE") -> ECSTMRSUO_LE | E345: =IF(BaseCoalPlants!D359="-","",BaseCoalPlants!D359) | F345: =IF(BaseCoalPlants!E359="-","",BaseCoalPlants!E359) | G345: =IF(BaseCoalPlants!F359="-","",BaseCoalPlants!F359) | H345: =IF(BaseCoalPlants!G359="-","",BaseCoalPlants!G359) -> 2010 | I345: =IF(BaseCoalPlants!H359="-","",BaseCoalPlants!H359) | J345: =IF(BaseCoalPlants!I359="-","",BaseCoalPlants!I359) | K345: =IF(BaseCoalPlants!J359="-","",BaseCoalPlants!J359) | L345: =IF(BaseCoalPlants!K359="-","",BaseCoalPlants!K359) | M345: =IF(BaseCoalPlants!L359=0,"",BaseCoalPlants!L359) -> 50 | N345: =IF(BaseCoalPlants!M359=0,"",BaseCoalPlants!M359) -> 50 | O345: =IF(BaseCoalPlants!N359=0,"",BaseCoalPlants!N359) -> 50 | P345: =IF(BaseCoalPlants!O359=0,"",BaseCoalPlants!O359) -> 50 | Q345: =IF(BaseCoalPlants!P359=0,"",BaseCoalPlants!P359) -> 50 | R345: =IF(BaseCoalPlants!Q359=0,"",BaseCoalPlants!Q359) -> 50 | S345: =IF(BaseCoalPlants!R359=0,"",BaseCoalPlants!R359) -> 50 | T345: =IF(BaseCoalPlants!S359=0,"",BaseCoalPlants!S359) -> 50 | ... V345: =IF(BaseCoalPlants!U359=0,"",BaseCoalPlants!U359) -> 50
C346: =IF(BaseCoalPlants!B360="VDA_FLOP",IF(BaseCoalPlants!D360="ELC","*","INPUT"),BaseCoalPlants!B360) -> LIFE | D346: =IF(BaseCoalPlants!C360="","\I:",BaseCoalPlants!C360&"_LE") -> ECSTMRSUR_LE | E346: =IF(BaseCoalPlants!D360="-","",BaseCoalPlants!D360) | F346: =IF(BaseCoalPlants!E360="-","",BaseCoalPlants!E360) | G346: =IF(BaseCoalPlants!F360="-","",BaseCoalPlants!F360) | H346: =IF(BaseCoalPlants!G360="-","",BaseCoalPlants!G360) -> 2010 | I346: =IF(BaseCoalPlants!H360="-","",BaseCoalPlants!H360) | J346: =IF(BaseCoalPlants!I360="-","",BaseCoalPlants!I360) | K346: =IF(BaseCoalPlants!J360="-","",BaseCoalPlants!J360) | L346: =IF(BaseCoalPlants!K360="-","",BaseCoalPlants!K360) | M346: =IF(BaseCoalPlants!L360=0,"",BaseCoalPlants!L360) -> 50 | N346: =IF(BaseCoalPlants!M360=0,"",BaseCoalPlants!M360) -> 50 | O346: =IF(BaseCoalPlants!N360=0,"",BaseCoalPlants!N360) -> 50 | P346: =IF(BaseCoalPlants!O360=0,"",BaseCoalPlants!O360) -> 50 | Q346: =IF(BaseCoalPlants!P360=0,"",BaseCoalPlants!P360) -> 50 | R346: =IF(BaseCoalPlants!Q360=0,"",BaseCoalPlants!Q360) -> 50 | S346: =IF(BaseCoalPlants!R360=0,"",BaseCoalPlants!R360) -> 50 | T346: =IF(BaseCoalPlants!S360=0,"",BaseCoalPlants!S360) -> 50 | ... V346: =IF(BaseCoalPlants!U360=0,"",BaseCoalPlants!U360) -> 50
C347: =IF(BaseCoalPlants!B362="VDA_FLOP",IF(BaseCoalPlants!D362="ELC","*","INPUT"),BaseCoalPlants!B362) -> NCAP_AFA | D347: =IF(BaseCoalPlants!C362="","\I:",BaseCoalPlants!C362&"_LE") -> ECSTMRBOO_LE | E347: =IF(BaseCoalPlants!D362="-","",BaseCoalPlants!D362) | F347: =IF(BaseCoalPlants!E362="-","",BaseCoalPlants!E362) -> UP | G347: =IF(BaseCoalPlants!F362="-","",BaseCoalPlants!F362) | H347: =IF(BaseCoalPlants!G362="-","",BaseCoalPlants!G362) -> 2010 | I347: =IF(BaseCoalPlants!H362="-","",BaseCoalPlants!H362) | J347: =IF(BaseCoalPlants!I362="-","",BaseCoalPlants!I362) | K347: =IF(BaseCoalPlants!J362="-","",BaseCoalPlants!J362) | L347: =IF(BaseCoalPlants!K362="-","",BaseCoalPlants!K362) | M347: =N347 -> 0.41 | N347: =IF(BaseCoalPlants!M362=0,"",BaseCoalPlants!M362)*0.5 -> 0.41 | O347: =IF(BaseCoalPlants!N362=0,"",BaseCoalPlants!N362)*0.5 -> 0.41000006 | P347: =IF(BaseCoalPlants!O362=0,"",BaseCoalPlants!O362)*0.5 -> 0.41 | Q347: =IF(BaseCoalPlants!P362=0,"",BaseCoalPlants!P362)*0.5 -> 0.46200001 | R347: =IF(BaseCoalPlants!Q362=0,"",BaseCoalPlants!Q362)*0.5 -> 0.46200001 | S347: =IF(BaseCoalPlants!R362=0,"",BaseCoalPlants!R362)*0.5 -> 0.48199999 | T347: =IF(BaseCoalPlants!S362=0,"",BaseCoalPlants!S362)*0.5 -> 0.435 | U347: =IF(BaseCoalPlants!T362=0,"",BaseCoalPlants!T362)*0.5 -> 0.48199999 | V347: =IF(BaseCoalPlants!U362=0,"",BaseCoalPlants!U362)*0.5 -> 0.44999999
C348: =IF(BaseCoalPlants!B363="VDA_FLOP",IF(BaseCoalPlants!D363="ELC","*","INPUT"),BaseCoalPlants!B363) -> NCAP_AFA | D348: =IF(BaseCoalPlants!C363="","\I:",BaseCoalPlants!C363&"_LE") -> ECSTMRBOR_LE | E348: =IF(BaseCoalPlants!D363="-","",BaseCoalPlants!D363) | F348: =IF(BaseCoalPlants!E363="-","",BaseCoalPlants!E363) -> UP | G348: =IF(BaseCoalPlants!F363="-","",BaseCoalPlants!F363) | H348: =IF(BaseCoalPlants!G363="-","",BaseCoalPlants!G363) -> 2010 | I348: =IF(BaseCoalPlants!H363="-","",BaseCoalPlants!H363) | J348: =IF(BaseCoalPlants!I363="-","",BaseCoalPlants!I363) | K348: =IF(BaseCoalPlants!J363="-","",BaseCoalPlants!J363) | L348: =IF(BaseCoalPlants!K363="-","",BaseCoalPlants!K363) | M348: =N348 -> 0.41 | N348: =IF(BaseCoalPlants!M363=0,"",BaseCoalPlants!M363)*0.5 -> 0.41 | O348: =IF(BaseCoalPlants!N363=0,"",BaseCoalPlants!N363)*0.5 -> 0.41000006 | P348: =IF(BaseCoalPlants!O363=0,"",BaseCoalPlants!O363)*0.5 -> 0.41 | Q348: =IF(BaseCoalPlants!P363=0,"",BaseCoalPlants!P363)*0.5 -> 0.46200001 | R348: =IF(BaseCoalPlants!Q363=0,"",BaseCoalPlants!Q363)*0.5 -> 0.46200001 | S348: =IF(BaseCoalPlants!R363=0,"",BaseCoalPlants!R363)*0.5 -> 0.48199999 | T348: =IF(BaseCoalPlants!S363=0,"",BaseCoalPlants!S363)*0.5 -> 0.435 | U348: =IF(BaseCoalPlants!T363=0,"",BaseCoalPlants!T363)*0.5 -> 0.48199999 | V348: =IF(BaseCoalPlants!U363=0,"",BaseCoalPlants!U363)*0.5 -> 0.44999999
C349: =IF(BaseCoalPlants!B364="VDA_FLOP",IF(BaseCoalPlants!D364="ELC","*","INPUT"),BaseCoalPlants!B364) -> NCAP_AFA | D349: =IF(BaseCoalPlants!C364="","\I:",BaseCoalPlants!C364&"_LE") -> ECSTMRBUO_LE | E349: =IF(BaseCoalPlants!D364="-","",BaseCoalPlants!D364) | F349: =IF(BaseCoalPlants!E364="-","",BaseCoalPlants!E364) -> UP | G349: =IF(BaseCoalPlants!F364="-","",BaseCoalPlants!F364) | H349: =IF(BaseCoalPlants!G364="-","",BaseCoalPlants!G364) -> 2010 | I349: =IF(BaseCoalPlants!H364="-","",BaseCoalPlants!H364) | J349: =IF(BaseCoalPlants!I364="-","",BaseCoalPlants!I364) | K349: =IF(BaseCoalPlants!J364="-","",BaseCoalPlants!J364) | L349: =IF(BaseCoalPlants!K364="-","",BaseCoalPlants!K364) | M349: =N349 -> 0.41 | N349: =IF(BaseCoalPlants!M364=0,"",BaseCoalPlants!M364)*0.5 -> 0.41 | O349: =IF(BaseCoalPlants!N364=0,"",BaseCoalPlants!N364)*0.5 -> 0.41000006 | P349: =IF(BaseCoalPlants!O364=0,"",BaseCoalPlants!O364)*0.5 -> 0.41 | Q349: =IF(BaseCoalPlants!P364=0,"",BaseCoalPlants!P364)*0.5 -> 0.46200001 | R349: =IF(BaseCoalPlants!Q364=0,"",BaseCoalPlants!Q364)*0.5 -> 0.46200001 | S349: =IF(BaseCoalPlants!R364=0,"",BaseCoalPlants!R364)*0.5 -> 0.48199999 | T349: =IF(BaseCoalPlants!S364=0,"",BaseCoalPlants!S364)*0.5 -> 0.435 | U349: =IF(BaseCoalPlants!T364=0,"",BaseCoalPlants!T364)*0.5 -> 0.48199999 | V349: =IF(BaseCoalPlants!U364=0,"",BaseCoalPlants!U364)*0.5 -> 0.44999999
C350: =IF(BaseCoalPlants!B365="VDA_FLOP",IF(BaseCoalPlants!D365="ELC","*","INPUT"),BaseCoalPlants!B365) -> NCAP_AFA | D350: =IF(BaseCoalPlants!C365="","\I:",BaseCoalPlants!C365&"_LE") -> ECSTMRBUR_LE | E350: =IF(BaseCoalPlants!D365="-","",BaseCoalPlants!D365) | F350: =IF(BaseCoalPlants!E365="-","",BaseCoalPlants!E365) -> UP | G350: =IF(BaseCoalPlants!F365="-","",BaseCoalPlants!F365) | H350: =IF(BaseCoalPlants!G365="-","",BaseCoalPlants!G365) -> 2010 | I350: =IF(BaseCoalPlants!H365="-","",BaseCoalPlants!H365) | J350: =IF(BaseCoalPlants!I365="-","",BaseCoalPlants!I365) | K350: =IF(BaseCoalPlants!J365="-","",BaseCoalPlants!J365) | L350: =IF(BaseCoalPlants!K365="-","",BaseCoalPlants!K365) | M350: =N350 -> 0.41 | N350: =IF(BaseCoalPlants!M365=0,"",BaseCoalPlants!M365)*0.5 -> 0.41 | O350: =IF(BaseCoalPlants!N365=0,"",BaseCoalPlants!N365)*0.5 -> 0.41000006 | P350: =IF(BaseCoalPlants!O365=0,"",BaseCoalPlants!O365)*0.5 -> 0.41 | Q350: =IF(BaseCoalPlants!P365=0,"",BaseCoalPlants!P365)*0.5 -> 0.46200001 | R350: =IF(BaseCoalPlants!Q365=0,"",BaseCoalPlants!Q365)*0.5 -> 0.46200001 | S350: =IF(BaseCoalPlants!R365=0,"",BaseCoalPlants!R365)*0.5 -> 0.48199999 | T350: =IF(BaseCoalPlants!S365=0,"",BaseCoalPlants!S365)*0.5 -> 0.435 | U350: =IF(BaseCoalPlants!T365=0,"",BaseCoalPlants!T365)*0.5 -> 0.48199999 | V350: =IF(BaseCoalPlants!U365=0,"",BaseCoalPlants!U365)*0.5 -> 0.44999999
C351: =IF(BaseCoalPlants!B367="VDA_FLOP",IF(BaseCoalPlants!D367="ELC","*","INPUT"),BaseCoalPlants!B367) -> NCAP_AFA | D351: =IF(BaseCoalPlants!C367="","\I:",BaseCoalPlants!C367&"_LE") -> ECSTMRLOO_LE | E351: =IF(BaseCoalPlants!D367="-","",BaseCoalPlants!D367) | F351: =IF(BaseCoalPlants!E367="-","",BaseCoalPlants!E367) -> UP | G351: =IF(BaseCoalPlants!F367="-","",BaseCoalPlants!F367) | H351: =IF(BaseCoalPlants!G367="-","",BaseCoalPlants!G367) -> 2010 | I351: =IF(BaseCoalPlants!H367="-","",BaseCoalPlants!H367) | J351: =IF(BaseCoalPlants!I367="-","",BaseCoalPlants!I367) | K351: =IF(BaseCoalPlants!J367="-","",BaseCoalPlants!J367) | L351: =IF(BaseCoalPlants!K367="-","",BaseCoalPlants!K367) | M351: =N351 -> 0.41 | N351: =IF(BaseCoalPlants!M367=0,"",BaseCoalPlants!M367)*0.5 -> 0.41 | O351: =IF(BaseCoalPlants!N367=0,"",BaseCoalPlants!N367)*0.5 -> 0.41000006 | P351: =IF(BaseCoalPlants!O367=0,"",BaseCoalPlants!O367)*0.5 -> 0.41 | Q351: =IF(BaseCoalPlants!P367=0,"",BaseCoalPlants!P367)*0.5 -> 0.46200001 | R351: =IF(BaseCoalPlants!Q367=0,"",BaseCoalPlants!Q367)*0.5 -> 0.46200001 | S351: =IF(BaseCoalPlants!R367=0,"",BaseCoalPlants!R367)*0.5 -> 0.48199999 | T351: =IF(BaseCoalPlants!S367=0,"",BaseCoalPlants!S367)*0.5 -> 0.435 | U351: =IF(BaseCoalPlants!T367=0,"",BaseCoalPlants!T367)*0.5 -> 0.48199999 | V351: =IF(BaseCoalPlants!U367=0,"",BaseCoalPlants!U367)*0.5 -> 0.44999999
C352: =IF(BaseCoalPlants!B368="VDA_FLOP",IF(BaseCoalPlants!D368="ELC","*","INPUT"),BaseCoalPlants!B368) -> NCAP_AFA | D352: =IF(BaseCoalPlants!C368="","\I:",BaseCoalPlants!C368&"_LE") -> ECSTMRLOR_LE | E352: =IF(BaseCoalPlants!D368="-","",BaseCoalPlants!D368) | F352: =IF(BaseCoalPlants!E368="-","",BaseCoalPlants!E368) -> UP | G352: =IF(BaseCoalPlants!F368="-","",BaseCoalPlants!F368) | H352: =IF(BaseCoalPlants!G368="-","",BaseCoalPlants!G368) -> 2010 | I352: =IF(BaseCoalPlants!H368="-","",BaseCoalPlants!H368) | J352: =IF(BaseCoalPlants!I368="-","",BaseCoalPlants!I368) | K352: =IF(BaseCoalPlants!J368="-","",BaseCoalPlants!J368) | L352: =IF(BaseCoalPlants!K368="-","",BaseCoalPlants!K368) | M352: =N352 -> 0.41 | N352: =IF(BaseCoalPlants!M368=0,"",BaseCoalPlants!M368)*0.5 -> 0.41 | O352: =IF(BaseCoalPlants!N368=0,"",BaseCoalPlants!N368)*0.5 -> 0.41000006 | P352: =IF(BaseCoalPlants!O368=0,"",BaseCoalPlants!O368)*0.5 -> 0.41 | Q352: =IF(BaseCoalPlants!P368=0,"",BaseCoalPlants!P368)*0.5 -> 0.46200001 | R352: =IF(BaseCoalPlants!Q368=0,"",BaseCoalPlants!Q368)*0.5 -> 0.46200001 | S352: =IF(BaseCoalPlants!R368=0,"",BaseCoalPlants!R368)*0.5 -> 0.48199999 | T352: =IF(BaseCoalPlants!S368=0,"",BaseCoalPlants!S368)*0.5 -> 0.435 | U352: =IF(BaseCoalPlants!T368=0,"",BaseCoalPlants!T368)*0.5 -> 0.48199999 | V352: =IF(BaseCoalPlants!U368=0,"",BaseCoalPlants!U368)*0.5 -> 0.44999999
C353: =IF(BaseCoalPlants!B369="VDA_FLOP",IF(BaseCoalPlants!D369="ELC","*","INPUT"),BaseCoalPlants!B369) -> NCAP_AFA | D353: =IF(BaseCoalPlants!C369="","\I:",BaseCoalPlants!C369&"_LE") -> ECSTMRLUO_LE | E353: =IF(BaseCoalPlants!D369="-","",BaseCoalPlants!D369) | F353: =IF(BaseCoalPlants!E369="-","",BaseCoalPlants!E369) -> UP | G353: =IF(BaseCoalPlants!F369="-","",BaseCoalPlants!F369) | H353: =IF(BaseCoalPlants!G369="-","",BaseCoalPlants!G369) -> 2010 | I353: =IF(BaseCoalPlants!H369="-","",BaseCoalPlants!H369) | J353: =IF(BaseCoalPlants!I369="-","",BaseCoalPlants!I369) | K353: =IF(BaseCoalPlants!J369="-","",BaseCoalPlants!J369) | L353: =IF(BaseCoalPlants!K369="-","",BaseCoalPlants!K369) | M353: =N353 -> 0.41 | N353: =IF(BaseCoalPlants!M369=0,"",BaseCoalPlants!M369)*0.5 -> 0.41 | O353: =IF(BaseCoalPlants!N369=0,"",BaseCoalPlants!N369)*0.5 -> 0.41000006 | P353: =IF(BaseCoalPlants!O369=0,"",BaseCoalPlants!O369)*0.5 -> 0.41 | Q353: =IF(BaseCoalPlants!P369=0,"",BaseCoalPlants!P369)*0.5 -> 0.46200001 | R353: =IF(BaseCoalPlants!Q369=0,"",BaseCoalPlants!Q369)*0.5 -> 0.46200001 | S353: =IF(BaseCoalPlants!R369=0,"",BaseCoalPlants!R369)*0.5 -> 0.48199999 | T353: =IF(BaseCoalPlants!S369=0,"",BaseCoalPlants!S369)*0.5 -> 0.435 | U353: =IF(BaseCoalPlants!T369=0,"",BaseCoalPlants!T369)*0.5 -> 0.48199999 | V353: =IF(BaseCoalPlants!U369=0,"",BaseCoalPlants!U369)*0.5 -> 0.44999999
C354: =IF(BaseCoalPlants!B372="VDA_FLOP",IF(BaseCoalPlants!D372="ELC","*","INPUT"),BaseCoalPlants!B372) -> NCAP_AFA | D354: =IF(BaseCoalPlants!C372="","\I:",BaseCoalPlants!C372&"_LE") -> ECSTMRSOO_LE | E354: =IF(BaseCoalPlants!D372="-","",BaseCoalPlants!D372) | F354: =IF(BaseCoalPlants!E372="-","",BaseCoalPlants!E372) -> UP | G354: =IF(BaseCoalPlants!F372="-","",BaseCoalPlants!F372) | H354: =IF(BaseCoalPlants!G372="-","",BaseCoalPlants!G372) -> 2010 | I354: =IF(BaseCoalPlants!H372="-","",BaseCoalPlants!H372) | J354: =IF(BaseCoalPlants!I372="-","",BaseCoalPlants!I372) | K354: =IF(BaseCoalPlants!J372="-","",BaseCoalPlants!J372) | L354: =IF(BaseCoalPlants!K372="-","",BaseCoalPlants!K372) | M354: =N354 -> 0.41 | N354: =IF(BaseCoalPlants!M372=0,"",BaseCoalPlants!M372)*0.5 -> 0.41 | O354: =IF(BaseCoalPlants!N372=0,"",BaseCoalPlants!N372)*0.5 -> 0.41000006 | P354: =IF(BaseCoalPlants!O372=0,"",BaseCoalPlants!O372)*0.5 -> 0.41 | Q354: =IF(BaseCoalPlants!P372=0,"",BaseCoalPlants!P372)*0.5 -> 0.46200001 | R354: =IF(BaseCoalPlants!Q372=0,"",BaseCoalPlants!Q372)*0.5 -> 0.46200001 | S354: =IF(BaseCoalPlants!R372=0,"",BaseCoalPlants!R372)*0.5 -> 0.48199999 | T354: =IF(BaseCoalPlants!S372=0,"",BaseCoalPlants!S372)*0.5 -> 0.435 | U354: =IF(BaseCoalPlants!T372=0,"",BaseCoalPlants!T372)*0.5 -> 0.48199999 | V354: =IF(BaseCoalPlants!U372=0,"",BaseCoalPlants!U372)*0.5 -> 0.44999999
C355: =IF(BaseCoalPlants!B373="VDA_FLOP",IF(BaseCoalPlants!D373="ELC","*","INPUT"),BaseCoalPlants!B373) -> NCAP_AFA | D355: =IF(BaseCoalPlants!C373="","\I:",BaseCoalPlants!C373&"_LE") -> ECSTMRSOR_LE | E355: =IF(BaseCoalPlants!D373="-","",BaseCoalPlants!D373) | F355: =IF(BaseCoalPlants!E373="-","",BaseCoalPlants!E373) -> UP | G355: =IF(BaseCoalPlants!F373="-","",BaseCoalPlants!F373) | H355: =IF(BaseCoalPlants!G373="-","",BaseCoalPlants!G373) -> 2010 | I355: =IF(BaseCoalPlants!H373="-","",BaseCoalPlants!H373) | J355: =IF(BaseCoalPlants!I373="-","",BaseCoalPlants!I373) | K355: =IF(BaseCoalPlants!J373="-","",BaseCoalPlants!J373) | L355: =IF(BaseCoalPlants!K373="-","",BaseCoalPlants!K373) | M355: =IF(BaseCoalPlants!L373=0,"",BaseCoalPlants!L373) | N355: =IF(BaseCoalPlants!M373=0,"",BaseCoalPlants!M373) -> 0.81999999 | O355: =IF(BaseCoalPlants!N373=0,"",BaseCoalPlants!N373) -> 0.82000011 | P355: =IF(BaseCoalPlants!O373=0,"",BaseCoalPlants!O373) -> 0.81999999 | Q355: =IF(BaseCoalPlants!P373=0,"",BaseCoalPlants!P373) -> 0.92400002 | R355: =IF(BaseCoalPlants!Q373=0,"",BaseCoalPlants!Q373) -> 0.92400002 | S355: =IF(BaseCoalPlants!R373=0,"",BaseCoalPlants!R373) -> 0.96399999 | T355: =IF(BaseCoalPlants!S373=0,"",BaseCoalPlants!S373) -> 0.87 | ... V355: =IF(BaseCoalPlants!U373=0,"",BaseCoalPlants!U373) -> 0.89999998
C356: =IF(BaseCoalPlants!B374="VDA_FLOP",IF(BaseCoalPlants!D374="ELC","*","INPUT"),BaseCoalPlants!B374) -> NCAP_AFA | D356: =IF(BaseCoalPlants!C374="","\I:",BaseCoalPlants!C374&"_LE") -> ECSTMRSUO_LE | E356: =IF(BaseCoalPlants!D374="-","",BaseCoalPlants!D374) | F356: =IF(BaseCoalPlants!E374="-","",BaseCoalPlants!E374) -> UP | G356: =IF(BaseCoalPlants!F374="-","",BaseCoalPlants!F374) | H356: =IF(BaseCoalPlants!G374="-","",BaseCoalPlants!G374) -> 2010 | I356: =IF(BaseCoalPlants!H374="-","",BaseCoalPlants!H374) | J356: =IF(BaseCoalPlants!I374="-","",BaseCoalPlants!I374) | K356: =IF(BaseCoalPlants!J374="-","",BaseCoalPlants!J374) | L356: =IF(BaseCoalPlants!K374="-","",BaseCoalPlants!K374) | M356: =IF(BaseCoalPlants!L374=0,"",BaseCoalPlants!L374) | N356: =IF(BaseCoalPlants!M374=0,"",BaseCoalPlants!M374) -> 0.81999999 | O356: =IF(BaseCoalPlants!N374=0,"",BaseCoalPlants!N374) -> 0.82000011 | P356: =IF(BaseCoalPlants!O374=0,"",BaseCoalPlants!O374) -> 0.81999999 | Q356: =IF(BaseCoalPlants!P374=0,"",BaseCoalPlants!P374) -> 0.92400002 | R356: =IF(BaseCoalPlants!Q374=0,"",BaseCoalPlants!Q374) -> 0.92400002 | S356: =IF(BaseCoalPlants!R374=0,"",BaseCoalPlants!R374) -> 0.96399999 | T356: =IF(BaseCoalPlants!S374=0,"",BaseCoalPlants!S374) -> 0.87 | ... V356: =IF(BaseCoalPlants!U374=0,"",BaseCoalPlants!U374) -> 0.89999998
C357: =IF(BaseCoalPlants!B375="VDA_FLOP",IF(BaseCoalPlants!D375="ELC","*","INPUT"),BaseCoalPlants!B375) -> NCAP_AFA | D357: =IF(BaseCoalPlants!C375="","\I:",BaseCoalPlants!C375&"_LE") -> ECSTMRSUR_LE | E357: =IF(BaseCoalPlants!D375="-","",BaseCoalPlants!D375) | F357: =IF(BaseCoalPlants!E375="-","",BaseCoalPlants!E375) -> UP | G357: =IF(BaseCoalPlants!F375="-","",BaseCoalPlants!F375) | H357: =IF(BaseCoalPlants!G375="-","",BaseCoalPlants!G375) -> 2010 | I357: =IF(BaseCoalPlants!H375="-","",BaseCoalPlants!H375) | J357: =IF(BaseCoalPlants!I375="-","",BaseCoalPlants!I375) | K357: =IF(BaseCoalPlants!J375="-","",BaseCoalPlants!J375) | L357: =IF(BaseCoalPlants!K375="-","",BaseCoalPlants!K375) | M357: =IF(BaseCoalPlants!L375=0,"",BaseCoalPlants!L375) | N357: =IF(BaseCoalPlants!M375=0,"",BaseCoalPlants!M375) -> 0.81999999 | O357: =IF(BaseCoalPlants!N375=0,"",BaseCoalPlants!N375) -> 0.82000011 | P357: =IF(BaseCoalPlants!O375=0,"",BaseCoalPlants!O375) -> 0.81999999 | Q357: =IF(BaseCoalPlants!P375=0,"",BaseCoalPlants!P375) -> 0.92400002 | R357: =IF(BaseCoalPlants!Q375=0,"",BaseCoalPlants!Q375) -> 0.92400002 | S357: =IF(BaseCoalPlants!R375=0,"",BaseCoalPlants!R375) -> 0.96399999 | T357: =IF(BaseCoalPlants!S375=0,"",BaseCoalPlants!S375) -> 0.87 | ... V357: =IF(BaseCoalPlants!U375=0,"",BaseCoalPlants!U375) -> 0.89999998
C358: =IF(BaseCoalPlants!B378="VDA_FLOP",IF(BaseCoalPlants!D378="ELC","*","INPUT"),BaseCoalPlants!B378) -> NCAP_COST | D358: =IF(BaseCoalPlants!C378="","\I:",BaseCoalPlants!C378&"_LE") -> ECSTMRBOO_LE | E358: =IF(BaseCoalPlants!D378="-","",BaseCoalPlants!D378) | F358: =IF(BaseCoalPlants!E378="-","",BaseCoalPlants!E378) | G358: =IF(BaseCoalPlants!F378="-","",BaseCoalPlants!F378) | H358: =IF(BaseCoalPlants!G378="-","",BaseCoalPlants!G378) -> 2010 | I358: =IF(BaseCoalPlants!H378="-","",BaseCoalPlants!H378) | J358: =IF(BaseCoalPlants!I378="-","",BaseCoalPlants!I378) -> USD05 | K358: =IF(BaseCoalPlants!J378="-","",BaseCoalPlants!J378) | L358: =IF(BaseCoalPlants!K378="-","",BaseCoalPlants!K378) | M358: =IF(BaseCoalPlants!L378=0,"",BaseCoalPlants!L378)*0.8 -> 366.66213 | N358: =IF(BaseCoalPlants!M378=0,"",BaseCoalPlants!M378)*0.8 -> 366.66213 | O358: =IF(BaseCoalPlants!N378=0,"",BaseCoalPlants!N378)*0.8 -> 366.66213 | P358: =IF(BaseCoalPlants!O378=0,"",BaseCoalPlants!O378)*0.8 -> 366.66213 | Q358: =IF(BaseCoalPlants!P378=0,"",BaseCoalPlants!P378)*0.8 -> 366.66213 | R358: =IF(BaseCoalPlants!Q378=0,"",BaseCoalPlants!Q378)*0.8 -> 366.66213 | S358: =IF(BaseCoalPlants!R378=0,"",BaseCoalPlants!R378)*0.8 -> 366.66213 | T358: =IF(BaseCoalPlants!S378=0,"",BaseCoalPlants!S378)*0.8 -> 366.66213 | ... V358: =IF(BaseCoalPlants!U378=0,"",BaseCoalPlants!U378)*0.8 -> 366.66213
C359: =IF(BaseCoalPlants!B379="VDA_FLOP",IF(BaseCoalPlants!D379="ELC","*","INPUT"),BaseCoalPlants!B379) -> NCAP_COST | D359: =IF(BaseCoalPlants!C379="","\I:",BaseCoalPlants!C379&"_LE") -> ECSTMRBOR_LE | E359: =IF(BaseCoalPlants!D379="-","",BaseCoalPlants!D379) | F359: =IF(BaseCoalPlants!E379="-","",BaseCoalPlants!E379) | G359: =IF(BaseCoalPlants!F379="-","",BaseCoalPlants!F379) | H359: =IF(BaseCoalPlants!G379="-","",BaseCoalPlants!G379) -> 2010 | I359: =IF(BaseCoalPlants!H379="-","",BaseCoalPlants!H379) | J359: =IF(BaseCoalPlants!I379="-","",BaseCoalPlants!I379) -> USD05 | K359: =IF(BaseCoalPlants!J379="-","",BaseCoalPlants!J379) | L359: =IF(BaseCoalPlants!K379="-","",BaseCoalPlants!K379) | M359: =IF(BaseCoalPlants!L379=0,"",BaseCoalPlants!L379)*0.8 -> 366.66213 | N359: =IF(BaseCoalPlants!M379=0,"",BaseCoalPlants!M379)*0.8 -> 366.66213 | O359: =IF(BaseCoalPlants!N379=0,"",BaseCoalPlants!N379)*0.8 -> 366.66213 | P359: =IF(BaseCoalPlants!O379=0,"",BaseCoalPlants!O379)*0.8 -> 366.66213 | Q359: =IF(BaseCoalPlants!P379=0,"",BaseCoalPlants!P379)*0.8 -> 366.66213 | R359: =IF(BaseCoalPlants!Q379=0,"",BaseCoalPlants!Q379)*0.8 -> 366.66213 | S359: =IF(BaseCoalPlants!R379=0,"",BaseCoalPlants!R379)*0.8 -> 366.66213 | T359: =IF(BaseCoalPlants!S379=0,"",BaseCoalPlants!S379)*0.8 -> 366.66213 | ... V359: =IF(BaseCoalPlants!U379=0,"",BaseCoalPlants!U379)*0.8 -> 366.66213
C360: =IF(BaseCoalPlants!B380="VDA_FLOP",IF(BaseCoalPlants!D380="ELC","*","INPUT"),BaseCoalPlants!B380) -> NCAP_COST | D360: =IF(BaseCoalPlants!C380="","\I:",BaseCoalPlants!C380&"_LE") -> ECSTMRBUO_LE | E360: =IF(BaseCoalPlants!D380="-","",BaseCoalPlants!D380) | F360: =IF(BaseCoalPlants!E380="-","",BaseCoalPlants!E380) | G360: =IF(BaseCoalPlants!F380="-","",BaseCoalPlants!F380) | H360: =IF(BaseCoalPlants!G380="-","",BaseCoalPlants!G380) -> 2010 | I360: =IF(BaseCoalPlants!H380="-","",BaseCoalPlants!H380) | J360: =IF(BaseCoalPlants!I380="-","",BaseCoalPlants!I380) -> USD05 | K360: =IF(BaseCoalPlants!J380="-","",BaseCoalPlants!J380) | L360: =IF(BaseCoalPlants!K380="-","",BaseCoalPlants!K380) | M360: =IF(BaseCoalPlants!L380=0,"",BaseCoalPlants!L380)*0.8 -> 366.66213 | N360: =IF(BaseCoalPlants!M380=0,"",BaseCoalPlants!M380)*0.8 -> 366.66213 | O360: =IF(BaseCoalPlants!N380=0,"",BaseCoalPlants!N380)*0.8 -> 366.66213 | P360: =IF(BaseCoalPlants!O380=0,"",BaseCoalPlants!O380)*0.8 -> 366.66213 | Q360: =IF(BaseCoalPlants!P380=0,"",BaseCoalPlants!P380)*0.8 -> 366.66213 | R360: =IF(BaseCoalPlants!Q380=0,"",BaseCoalPlants!Q380)*0.8 -> 366.66213 | S360: =IF(BaseCoalPlants!R380=0,"",BaseCoalPlants!R380)*0.8 -> 366.66213 | T360: =IF(BaseCoalPlants!S380=0,"",BaseCoalPlants!S380)*0.8 -> 366.66213 | ... V360: =IF(BaseCoalPlants!U380=0,"",BaseCoalPlants!U380)*0.8 -> 366.66213
C361: =IF(BaseCoalPlants!B381="VDA_FLOP",IF(BaseCoalPlants!D381="ELC","*","INPUT"),BaseCoalPlants!B381) -> NCAP_COST | D361: =IF(BaseCoalPlants!C381="","\I:",BaseCoalPlants!C381&"_LE") -> ECSTMRBUR_LE | E361: =IF(BaseCoalPlants!D381="-","",BaseCoalPlants!D381) | F361: =IF(BaseCoalPlants!E381="-","",BaseCoalPlants!E381) | G361: =IF(BaseCoalPlants!F381="-","",BaseCoalPlants!F381) | H361: =IF(BaseCoalPlants!G381="-","",BaseCoalPlants!G381) -> 2010 | I361: =IF(BaseCoalPlants!H381="-","",BaseCoalPlants!H381) | J361: =IF(BaseCoalPlants!I381="-","",BaseCoalPlants!I381) -> USD05 | K361: =IF(BaseCoalPlants!J381="-","",BaseCoalPlants!J381) | L361: =IF(BaseCoalPlants!K381="-","",BaseCoalPlants!K381) | M361: =IF(BaseCoalPlants!L381=0,"",BaseCoalPlants!L381)*0.8 -> 366.66213 | N361: =IF(BaseCoalPlants!M381=0,"",BaseCoalPlants!M381)*0.8 -> 366.66213 | O361: =IF(BaseCoalPlants!N381=0,"",BaseCoalPlants!N381)*0.8 -> 366.66213 | P361: =IF(BaseCoalPlants!O381=0,"",BaseCoalPlants!O381)*0.8 -> 366.66213 | Q361: =IF(BaseCoalPlants!P381=0,"",BaseCoalPlants!P381)*0.8 -> 366.66213 | R361: =IF(BaseCoalPlants!Q381=0,"",BaseCoalPlants!Q381)*0.8 -> 366.66213 | S361: =IF(BaseCoalPlants!R381=0,"",BaseCoalPlants!R381)*0.8 -> 366.66213 | T361: =IF(BaseCoalPlants!S381=0,"",BaseCoalPlants!S381)*0.8 -> 366.66213 | ... V361: =IF(BaseCoalPlants!U381=0,"",BaseCoalPlants!U381)*0.8 -> 366.66213
C362: =IF(BaseCoalPlants!B384="VDA_FLOP",IF(BaseCoalPlants!D384="ELC","*","INPUT"),BaseCoalPlants!B384) -> NCAP_COST | D362: =IF(BaseCoalPlants!C384="","\I:",BaseCoalPlants!C384&"_LE") -> ECSTMRLOO_LE | E362: =IF(BaseCoalPlants!D384="-","",BaseCoalPlants!D384) | F362: =IF(BaseCoalPlants!E384="-","",BaseCoalPlants!E384) | G362: =IF(BaseCoalPlants!F384="-","",BaseCoalPlants!F384) | H362: =IF(BaseCoalPlants!G384="-","",BaseCoalPlants!G384) -> 2010 | I362: =IF(BaseCoalPlants!H384="-","",BaseCoalPlants!H384) | J362: =IF(BaseCoalPlants!I384="-","",BaseCoalPlants!I384) -> USD05 | K362: =IF(BaseCoalPlants!J384="-","",BaseCoalPlants!J384) | L362: =IF(BaseCoalPlants!K384="-","",BaseCoalPlants!K384) | M362: =IF(BaseCoalPlants!L384=0,"",BaseCoalPlants!L384)*0.8 -> 366.66213 | N362: =IF(BaseCoalPlants!M384=0,"",BaseCoalPlants!M384)*0.8 -> 366.66213 | O362: =IF(BaseCoalPlants!N384=0,"",BaseCoalPlants!N384)*0.8 -> 366.66213 | P362: =IF(BaseCoalPlants!O384=0,"",BaseCoalPlants!O384)*0.8 -> 366.66213 | Q362: =IF(BaseCoalPlants!P384=0,"",BaseCoalPlants!P384)*0.8 -> 366.66213 | R362: =IF(BaseCoalPlants!Q384=0,"",BaseCoalPlants!Q384)*0.8 -> 366.66213 | S362: =IF(BaseCoalPlants!R384=0,"",BaseCoalPlants!R384)*0.8 -> 366.66213 | T362: =IF(BaseCoalPlants!S384=0,"",BaseCoalPlants!S384)*0.8 -> 366.66213 | ... V362: =IF(BaseCoalPlants!U384=0,"",BaseCoalPlants!U384)*0.8 -> 366.66213
C363: =IF(BaseCoalPlants!B385="VDA_FLOP",IF(BaseCoalPlants!D385="ELC","*","INPUT"),BaseCoalPlants!B385) -> NCAP_COST | D363: =IF(BaseCoalPlants!C385="","\I:",BaseCoalPlants!C385&"_LE") -> ECSTMRLOR_LE | E363: =IF(BaseCoalPlants!D385="-","",BaseCoalPlants!D385) | F363: =IF(BaseCoalPlants!E385="-","",BaseCoalPlants!E385) | G363: =IF(BaseCoalPlants!F385="-","",BaseCoalPlants!F385) | H363: =IF(BaseCoalPlants!G385="-","",BaseCoalPlants!G385) -> 2010 | I363: =IF(BaseCoalPlants!H385="-","",BaseCoalPlants!H385) | J363: =IF(BaseCoalPlants!I385="-","",BaseCoalPlants!I385) -> USD05 | K363: =IF(BaseCoalPlants!J385="-","",BaseCoalPlants!J385) | L363: =IF(BaseCoalPlants!K385="-","",BaseCoalPlants!K385) | M363: =IF(BaseCoalPlants!L385=0,"",BaseCoalPlants!L385)*0.8 -> 366.66213 | N363: =IF(BaseCoalPlants!M385=0,"",BaseCoalPlants!M385)*0.8 -> 366.66213 | O363: =IF(BaseCoalPlants!N385=0,"",BaseCoalPlants!N385)*0.8 -> 366.66213 | P363: =IF(BaseCoalPlants!O385=0,"",BaseCoalPlants!O385)*0.8 -> 366.66213 | Q363: =IF(BaseCoalPlants!P385=0,"",BaseCoalPlants!P385)*0.8 -> 366.66213 | R363: =IF(BaseCoalPlants!Q385=0,"",BaseCoalPlants!Q385)*0.8 -> 366.66213 | S363: =IF(BaseCoalPlants!R385=0,"",BaseCoalPlants!R385)*0.8 -> 366.66213 | T363: =IF(BaseCoalPlants!S385=0,"",BaseCoalPlants!S385)*0.8 -> 366.66213 | ... V363: =IF(BaseCoalPlants!U385=0,"",BaseCoalPlants!U385)*0.8 -> 366.66213
C364: =IF(BaseCoalPlants!B386="VDA_FLOP",IF(BaseCoalPlants!D386="ELC","*","INPUT"),BaseCoalPlants!B386) -> NCAP_COST | D364: =IF(BaseCoalPlants!C386="","\I:",BaseCoalPlants!C386&"_LE") -> ECSTMRLUO_LE | E364: =IF(BaseCoalPlants!D386="-","",BaseCoalPlants!D386) | F364: =IF(BaseCoalPlants!E386="-","",BaseCoalPlants!E386) | G364: =IF(BaseCoalPlants!F386="-","",BaseCoalPlants!F386) | H364: =IF(BaseCoalPlants!G386="-","",BaseCoalPlants!G386) -> 2010 | I364: =IF(BaseCoalPlants!H386="-","",BaseCoalPlants!H386) | J364: =IF(BaseCoalPlants!I386="-","",BaseCoalPlants!I386) -> USD05 | K364: =IF(BaseCoalPlants!J386="-","",BaseCoalPlants!J386) | L364: =IF(BaseCoalPlants!K386="-","",BaseCoalPlants!K386) | M364: =IF(BaseCoalPlants!L386=0,"",BaseCoalPlants!L386)*0.8 -> 366.66213 | N364: =IF(BaseCoalPlants!M386=0,"",BaseCoalPlants!M386)*0.8 -> 366.66213 | O364: =IF(BaseCoalPlants!N386=0,"",BaseCoalPlants!N386)*0.8 -> 366.66213 | P364: =IF(BaseCoalPlants!O386=0,"",BaseCoalPlants!O386)*0.8 -> 366.66213 | Q364: =IF(BaseCoalPlants!P386=0,"",BaseCoalPlants!P386)*0.8 -> 366.66213 | R364: =IF(BaseCoalPlants!Q386=0,"",BaseCoalPlants!Q386)*0.8 -> 366.66213 | S364: =IF(BaseCoalPlants!R386=0,"",BaseCoalPlants!R386)*0.8 -> 366.66213 | T364: =IF(BaseCoalPlants!S386=0,"",BaseCoalPlants!S386)*0.8 -> 366.66213 | ... V364: =IF(BaseCoalPlants!U386=0,"",BaseCoalPlants!U386)*0.8 -> 366.66213
C365: =IF(BaseCoalPlants!B390="VDA_FLOP",IF(BaseCoalPlants!D390="ELC","*","INPUT"),BaseCoalPlants!B390) -> NCAP_COST | D365: =IF(BaseCoalPlants!C390="","\I:",BaseCoalPlants!C390&"_LE") -> ECSTMRSOO_LE | E365: =IF(BaseCoalPlants!D390="-","",BaseCoalPlants!D390) | F365: =IF(BaseCoalPlants!E390="-","",BaseCoalPlants!E390) | G365: =IF(BaseCoalPlants!F390="-","",BaseCoalPlants!F390) | H365: =IF(BaseCoalPlants!G390="-","",BaseCoalPlants!G390) -> 2010 | I365: =IF(BaseCoalPlants!H390="-","",BaseCoalPlants!H390) | J365: =IF(BaseCoalPlants!I390="-","",BaseCoalPlants!I390) -> USD05 | K365: =IF(BaseCoalPlants!J390="-","",BaseCoalPlants!J390) | L365: =IF(BaseCoalPlants!K390="-","",BaseCoalPlants!K390) | M365: =IF(BaseCoalPlants!L390=0,"",BaseCoalPlants!L390)*0.8 -> 366.66213 | N365: =IF(BaseCoalPlants!M390=0,"",BaseCoalPlants!M390)*0.8 -> 366.66213 | O365: =IF(BaseCoalPlants!N390=0,"",BaseCoalPlants!N390)*0.8 -> 366.66213 | P365: =IF(BaseCoalPlants!O390=0,"",BaseCoalPlants!O390)*0.8 -> 366.66213 | Q365: =IF(BaseCoalPlants!P390=0,"",BaseCoalPlants!P390)*0.8 -> 366.66213 | R365: =IF(BaseCoalPlants!Q390=0,"",BaseCoalPlants!Q390)*0.8 -> 366.66213 | S365: =IF(BaseCoalPlants!R390=0,"",BaseCoalPlants!R390)*0.8 -> 366.66213 | T365: =IF(BaseCoalPlants!S390=0,"",BaseCoalPlants!S390)*0.8 -> 366.66213 | ... V365: =IF(BaseCoalPlants!U390=0,"",BaseCoalPlants!U390)*0.8 -> 366.66213
C366: =IF(BaseCoalPlants!B391="VDA_FLOP",IF(BaseCoalPlants!D391="ELC","*","INPUT"),BaseCoalPlants!B391) -> NCAP_COST | D366: =IF(BaseCoalPlants!C391="","\I:",BaseCoalPlants!C391&"_LE") -> ECSTMRSOR_LE | E366: =IF(BaseCoalPlants!D391="-","",BaseCoalPlants!D391) | F366: =IF(BaseCoalPlants!E391="-","",BaseCoalPlants!E391) | G366: =IF(BaseCoalPlants!F391="-","",BaseCoalPlants!F391) | H366: =IF(BaseCoalPlants!G391="-","",BaseCoalPlants!G391) -> 2010 | I366: =IF(BaseCoalPlants!H391="-","",BaseCoalPlants!H391) | J366: =IF(BaseCoalPlants!I391="-","",BaseCoalPlants!I391) -> USD05 | K366: =IF(BaseCoalPlants!J391="-","",BaseCoalPlants!J391) | L366: =IF(BaseCoalPlants!K391="-","",BaseCoalPlants!K391) | M366: =IF(BaseCoalPlants!L391=0,"",BaseCoalPlants!L391)*0.8 -> 366.66213 | N366: =IF(BaseCoalPlants!M391=0,"",BaseCoalPlants!M391)*0.8 -> 366.66213 | O366: =IF(BaseCoalPlants!N391=0,"",BaseCoalPlants!N391)*0.8 -> 366.66213 | P366: =IF(BaseCoalPlants!O391=0,"",BaseCoalPlants!O391)*0.8 -> 366.66213 | Q366: =IF(BaseCoalPlants!P391=0,"",BaseCoalPlants!P391)*0.8 -> 366.66213 | R366: =IF(BaseCoalPlants!Q391=0,"",BaseCoalPlants!Q391)*0.8 -> 366.66213 | S366: =IF(BaseCoalPlants!R391=0,"",BaseCoalPlants!R391)*0.8 -> 366.66213 | T366: =IF(BaseCoalPlants!S391=0,"",BaseCoalPlants!S391)*0.8 -> 366.66213 | ... V366: =IF(BaseCoalPlants!U391=0,"",BaseCoalPlants!U391)*0.8 -> 366.66213
C367: =IF(BaseCoalPlants!B392="VDA_FLOP",IF(BaseCoalPlants!D392="ELC","*","INPUT"),BaseCoalPlants!B392) -> NCAP_COST | D367: =IF(BaseCoalPlants!C392="","\I:",BaseCoalPlants!C392&"_LE") -> ECSTMRSUO_LE | E367: =IF(BaseCoalPlants!D392="-","",BaseCoalPlants!D392) | F367: =IF(BaseCoalPlants!E392="-","",BaseCoalPlants!E392) | G367: =IF(BaseCoalPlants!F392="-","",BaseCoalPlants!F392) | H367: =IF(BaseCoalPlants!G392="-","",BaseCoalPlants!G392) -> 2010 | I367: =IF(BaseCoalPlants!H392="-","",BaseCoalPlants!H392) | J367: =IF(BaseCoalPlants!I392="-","",BaseCoalPlants!I392) -> USD05 | K367: =IF(BaseCoalPlants!J392="-","",BaseCoalPlants!J392) | L367: =IF(BaseCoalPlants!K392="-","",BaseCoalPlants!K392) | M367: =IF(BaseCoalPlants!L392=0,"",BaseCoalPlants!L392)*0.8 -> 366.66213 | N367: =IF(BaseCoalPlants!M392=0,"",BaseCoalPlants!M392)*0.8 -> 366.66213 | O367: =IF(BaseCoalPlants!N392=0,"",BaseCoalPlants!N392)*0.8 -> 366.66213 | P367: =IF(BaseCoalPlants!O392=0,"",BaseCoalPlants!O392)*0.8 -> 366.66213 | Q367: =IF(BaseCoalPlants!P392=0,"",BaseCoalPlants!P392)*0.8 -> 366.66213 | R367: =IF(BaseCoalPlants!Q392=0,"",BaseCoalPlants!Q392)*0.8 -> 366.66213 | S367: =IF(BaseCoalPlants!R392=0,"",BaseCoalPlants!R392)*0.8 -> 366.66213 | T367: =IF(BaseCoalPlants!S392=0,"",BaseCoalPlants!S392)*0.8 -> 366.66213 | ... V367: =IF(BaseCoalPlants!U392=0,"",BaseCoalPlants!U392)*0.8 -> 366.66213
C368: =IF(BaseCoalPlants!B393="VDA_FLOP",IF(BaseCoalPlants!D393="ELC","*","INPUT"),BaseCoalPlants!B393) -> NCAP_COST | D368: =IF(BaseCoalPlants!C393="","\I:",BaseCoalPlants!C393&"_LE") -> ECSTMRSUR_LE | E368: =IF(BaseCoalPlants!D393="-","",BaseCoalPlants!D393) | F368: =IF(BaseCoalPlants!E393="-","",BaseCoalPlants!E393) | G368: =IF(BaseCoalPlants!F393="-","",BaseCoalPlants!F393) | H368: =IF(BaseCoalPlants!G393="-","",BaseCoalPlants!G393) -> 2010 | I368: =IF(BaseCoalPlants!H393="-","",BaseCoalPlants!H393) | J368: =IF(BaseCoalPlants!I393="-","",BaseCoalPlants!I393) -> USD05 | K368: =IF(BaseCoalPlants!J393="-","",BaseCoalPlants!J393) | L368: =IF(BaseCoalPlants!K393="-","",BaseCoalPlants!K393) | M368: =IF(BaseCoalPlants!L393=0,"",BaseCoalPlants!L393)*0.8 -> 366.66213 | N368: =IF(BaseCoalPlants!M393=0,"",BaseCoalPlants!M393)*0.8 -> 366.66213 | O368: =IF(BaseCoalPlants!N393=0,"",BaseCoalPlants!N393)*0.8 -> 366.66213 | P368: =IF(BaseCoalPlants!O393=0,"",BaseCoalPlants!O393)*0.8 -> 366.66213 | Q368: =IF(BaseCoalPlants!P393=0,"",BaseCoalPlants!P393)*0.8 -> 366.66213 | R368: =IF(BaseCoalPlants!Q393=0,"",BaseCoalPlants!Q393)*0.8 -> 366.66213 | S368: =IF(BaseCoalPlants!R393=0,"",BaseCoalPlants!R393)*0.8 -> 366.66213 | T368: =IF(BaseCoalPlants!S393=0,"",BaseCoalPlants!S393)*0.8 -> 366.66213 | ... V368: =IF(BaseCoalPlants!U393=0,"",BaseCoalPlants!U393)*0.8 -> 366.66213
C369: =IF(BaseCoalPlants!B395="VDA_FLOP",IF(BaseCoalPlants!D395="ELC","*","INPUT"),BaseCoalPlants!B395) -> NCAP_DRATE | D369: =IF(BaseCoalPlants!C395="","\I:",BaseCoalPlants!C395&"_LE") -> ECSTMRBOO_LE | E369: =IF(BaseCoalPlants!D395="-","",BaseCoalPlants!D395) | F369: =IF(BaseCoalPlants!E395="-","",BaseCoalPlants!E395) | G369: =IF(BaseCoalPlants!F395="-","",BaseCoalPlants!F395) | H369: =IF(BaseCoalPlants!G395="-","",BaseCoalPlants!G395) -> 2010 | I369: =IF(BaseCoalPlants!H395="-","",BaseCoalPlants!H395) | J369: =IF(BaseCoalPlants!I395="-","",BaseCoalPlants!I395) | K369: =IF(BaseCoalPlants!J395="-","",BaseCoalPlants!J395) | L369: =IF(BaseCoalPlants!K395="-","",BaseCoalPlants!K395) | M369: =IF(BaseCoalPlants!L395=0,"",BaseCoalPlants!L395) -> 0.05 | N369: =IF(BaseCoalPlants!M395=0,"",BaseCoalPlants!M395) -> 0.05 | O369: =IF(BaseCoalPlants!N395=0,"",BaseCoalPlants!N395) -> 0.05 | P369: =IF(BaseCoalPlants!O395=0,"",BaseCoalPlants!O395) -> 0.05 | Q369: =IF(BaseCoalPlants!P395=0,"",BaseCoalPlants!P395) -> 0.05 | R369: =IF(BaseCoalPlants!Q395=0,"",BaseCoalPlants!Q395) -> 0.05 | S369: =IF(BaseCoalPlants!R395=0,"",BaseCoalPlants!R395) -> 0.05 | T369: =IF(BaseCoalPlants!S395=0,"",BaseCoalPlants!S395) -> 0.05 | ... V369: =IF(BaseCoalPlants!U395=0,"",BaseCoalPlants!U395) -> 0.05
C370: =IF(BaseCoalPlants!B396="VDA_FLOP",IF(BaseCoalPlants!D396="ELC","*","INPUT"),BaseCoalPlants!B396) -> NCAP_DRATE | D370: =IF(BaseCoalPlants!C396="","\I:",BaseCoalPlants!C396&"_LE") -> ECSTMRBOR_LE | E370: =IF(BaseCoalPlants!D396="-","",BaseCoalPlants!D396) | F370: =IF(BaseCoalPlants!E396="-","",BaseCoalPlants!E396) | G370: =IF(BaseCoalPlants!F396="-","",BaseCoalPlants!F396) | H370: =IF(BaseCoalPlants!G396="-","",BaseCoalPlants!G396) -> 2010 | I370: =IF(BaseCoalPlants!H396="-","",BaseCoalPlants!H396) | J370: =IF(BaseCoalPlants!I396="-","",BaseCoalPlants!I396) | K370: =IF(BaseCoalPlants!J396="-","",BaseCoalPlants!J396) | L370: =IF(BaseCoalPlants!K396="-","",BaseCoalPlants!K396) | M370: =IF(BaseCoalPlants!L396=0,"",BaseCoalPlants!L396) -> 0.05 | N370: =IF(BaseCoalPlants!M396=0,"",BaseCoalPlants!M396) -> 0.05 | O370: =IF(BaseCoalPlants!N396=0,"",BaseCoalPlants!N396) -> 0.05 | P370: =IF(BaseCoalPlants!O396=0,"",BaseCoalPlants!O396) -> 0.05 | Q370: =IF(BaseCoalPlants!P396=0,"",BaseCoalPlants!P396) -> 0.05 | R370: =IF(BaseCoalPlants!Q396=0,"",BaseCoalPlants!Q396) -> 0.05 | S370: =IF(BaseCoalPlants!R396=0,"",BaseCoalPlants!R396) -> 0.05 | T370: =IF(BaseCoalPlants!S396=0,"",BaseCoalPlants!S396) -> 0.05 | ... V370: =IF(BaseCoalPlants!U396=0,"",BaseCoalPlants!U396) -> 0.05
C371: =IF(BaseCoalPlants!B397="VDA_FLOP",IF(BaseCoalPlants!D397="ELC","*","INPUT"),BaseCoalPlants!B397) -> NCAP_DRATE | D371: =IF(BaseCoalPlants!C397="","\I:",BaseCoalPlants!C397&"_LE") -> ECSTMRBUO_LE | E371: =IF(BaseCoalPlants!D397="-","",BaseCoalPlants!D397) | F371: =IF(BaseCoalPlants!E397="-","",BaseCoalPlants!E397) | G371: =IF(BaseCoalPlants!F397="-","",BaseCoalPlants!F397) | H371: =IF(BaseCoalPlants!G397="-","",BaseCoalPlants!G397) -> 2010 | I371: =IF(BaseCoalPlants!H397="-","",BaseCoalPlants!H397) | J371: =IF(BaseCoalPlants!I397="-","",BaseCoalPlants!I397) | K371: =IF(BaseCoalPlants!J397="-","",BaseCoalPlants!J397) | L371: =IF(BaseCoalPlants!K397="-","",BaseCoalPlants!K397) | M371: =IF(BaseCoalPlants!L397=0,"",BaseCoalPlants!L397) -> 0.05 | N371: =IF(BaseCoalPlants!M397=0,"",BaseCoalPlants!M397) -> 0.05 | O371: =IF(BaseCoalPlants!N397=0,"",BaseCoalPlants!N397) -> 0.05 | P371: =IF(BaseCoalPlants!O397=0,"",BaseCoalPlants!O397) -> 0.05 | Q371: =IF(BaseCoalPlants!P397=0,"",BaseCoalPlants!P397) -> 0.05 | R371: =IF(BaseCoalPlants!Q397=0,"",BaseCoalPlants!Q397) -> 0.05 | S371: =IF(BaseCoalPlants!R397=0,"",BaseCoalPlants!R397) -> 0.05 | T371: =IF(BaseCoalPlants!S397=0,"",BaseCoalPlants!S397) -> 0.05 | ... V371: =IF(BaseCoalPlants!U397=0,"",BaseCoalPlants!U397) -> 0.05
C372: =IF(BaseCoalPlants!B398="VDA_FLOP",IF(BaseCoalPlants!D398="ELC","*","INPUT"),BaseCoalPlants!B398) -> NCAP_DRATE | D372: =IF(BaseCoalPlants!C398="","\I:",BaseCoalPlants!C398&"_LE") -> ECSTMRBUR_LE | E372: =IF(BaseCoalPlants!D398="-","",BaseCoalPlants!D398) | F372: =IF(BaseCoalPlants!E398="-","",BaseCoalPlants!E398) | G372: =IF(BaseCoalPlants!F398="-","",BaseCoalPlants!F398) | H372: =IF(BaseCoalPlants!G398="-","",BaseCoalPlants!G398) -> 2010 | I372: =IF(BaseCoalPlants!H398="-","",BaseCoalPlants!H398) | J372: =IF(BaseCoalPlants!I398="-","",BaseCoalPlants!I398) | K372: =IF(BaseCoalPlants!J398="-","",BaseCoalPlants!J398) | L372: =IF(BaseCoalPlants!K398="-","",BaseCoalPlants!K398) | M372: =IF(BaseCoalPlants!L398=0,"",BaseCoalPlants!L398) -> 0.05 | N372: =IF(BaseCoalPlants!M398=0,"",BaseCoalPlants!M398) -> 0.05 | O372: =IF(BaseCoalPlants!N398=0,"",BaseCoalPlants!N398) -> 0.05 | P372: =IF(BaseCoalPlants!O398=0,"",BaseCoalPlants!O398) -> 0.05 | Q372: =IF(BaseCoalPlants!P398=0,"",BaseCoalPlants!P398) -> 0.05 | R372: =IF(BaseCoalPlants!Q398=0,"",BaseCoalPlants!Q398) -> 0.05 | S372: =IF(BaseCoalPlants!R398=0,"",BaseCoalPlants!R398) -> 0.05 | T372: =IF(BaseCoalPlants!S398=0,"",BaseCoalPlants!S398) -> 0.05 | ... V372: =IF(BaseCoalPlants!U398=0,"",BaseCoalPlants!U398) -> 0.05
C373: =IF(BaseCoalPlants!B400="VDA_FLOP",IF(BaseCoalPlants!D400="ELC","*","INPUT"),BaseCoalPlants!B400) -> NCAP_DRATE | D373: =IF(BaseCoalPlants!C400="","\I:",BaseCoalPlants!C400&"_LE") -> ECSTMRLOO_LE | E373: =IF(BaseCoalPlants!D400="-","",BaseCoalPlants!D400) | F373: =IF(BaseCoalPlants!E400="-","",BaseCoalPlants!E400) | G373: =IF(BaseCoalPlants!F400="-","",BaseCoalPlants!F400) | H373: =IF(BaseCoalPlants!G400="-","",BaseCoalPlants!G400) -> 2010 | I373: =IF(BaseCoalPlants!H400="-","",BaseCoalPlants!H400) | J373: =IF(BaseCoalPlants!I400="-","",BaseCoalPlants!I400) | K373: =IF(BaseCoalPlants!J400="-","",BaseCoalPlants!J400) | L373: =IF(BaseCoalPlants!K400="-","",BaseCoalPlants!K400) | M373: =IF(BaseCoalPlants!L400=0,"",BaseCoalPlants!L400) -> 0.05 | N373: =IF(BaseCoalPlants!M400=0,"",BaseCoalPlants!M400) -> 0.05 | O373: =IF(BaseCoalPlants!N400=0,"",BaseCoalPlants!N400) -> 0.05 | P373: =IF(BaseCoalPlants!O400=0,"",BaseCoalPlants!O400) -> 0.05 | Q373: =IF(BaseCoalPlants!P400=0,"",BaseCoalPlants!P400) -> 0.05 | R373: =IF(BaseCoalPlants!Q400=0,"",BaseCoalPlants!Q400) -> 0.05 | S373: =IF(BaseCoalPlants!R400=0,"",BaseCoalPlants!R400) -> 0.05 | T373: =IF(BaseCoalPlants!S400=0,"",BaseCoalPlants!S400) -> 0.05 | ... V373: =IF(BaseCoalPlants!U400=0,"",BaseCoalPlants!U400) -> 0.05
C374: =IF(BaseCoalPlants!B401="VDA_FLOP",IF(BaseCoalPlants!D401="ELC","*","INPUT"),BaseCoalPlants!B401) -> NCAP_DRATE | D374: =IF(BaseCoalPlants!C401="","\I:",BaseCoalPlants!C401&"_LE") -> ECSTMRLOR_LE | E374: =IF(BaseCoalPlants!D401="-","",BaseCoalPlants!D401) | F374: =IF(BaseCoalPlants!E401="-","",BaseCoalPlants!E401) | G374: =IF(BaseCoalPlants!F401="-","",BaseCoalPlants!F401) | H374: =IF(BaseCoalPlants!G401="-","",BaseCoalPlants!G401) -> 2010 | I374: =IF(BaseCoalPlants!H401="-","",BaseCoalPlants!H401) | J374: =IF(BaseCoalPlants!I401="-","",BaseCoalPlants!I401) | K374: =IF(BaseCoalPlants!J401="-","",BaseCoalPlants!J401) | L374: =IF(BaseCoalPlants!K401="-","",BaseCoalPlants!K401) | M374: =IF(BaseCoalPlants!L401=0,"",BaseCoalPlants!L401) -> 0.05 | N374: =IF(BaseCoalPlants!M401=0,"",BaseCoalPlants!M401) -> 0.05 | O374: =IF(BaseCoalPlants!N401=0,"",BaseCoalPlants!N401) -> 0.05 | P374: =IF(BaseCoalPlants!O401=0,"",BaseCoalPlants!O401) -> 0.05 | Q374: =IF(BaseCoalPlants!P401=0,"",BaseCoalPlants!P401) -> 0.05 | R374: =IF(BaseCoalPlants!Q401=0,"",BaseCoalPlants!Q401) -> 0.05 | S374: =IF(BaseCoalPlants!R401=0,"",BaseCoalPlants!R401) -> 0.05 | T374: =IF(BaseCoalPlants!S401=0,"",BaseCoalPlants!S401) -> 0.05 | ... V374: =IF(BaseCoalPlants!U401=0,"",BaseCoalPlants!U401) -> 0.05
C375: =IF(BaseCoalPlants!B402="VDA_FLOP",IF(BaseCoalPlants!D402="ELC","*","INPUT"),BaseCoalPlants!B402) -> NCAP_DRATE | D375: =IF(BaseCoalPlants!C402="","\I:",BaseCoalPlants!C402&"_LE") -> ECSTMRLUO_LE | E375: =IF(BaseCoalPlants!D402="-","",BaseCoalPlants!D402) | F375: =IF(BaseCoalPlants!E402="-","",BaseCoalPlants!E402) | G375: =IF(BaseCoalPlants!F402="-","",BaseCoalPlants!F402) | H375: =IF(BaseCoalPlants!G402="-","",BaseCoalPlants!G402) -> 2010 | I375: =IF(BaseCoalPlants!H402="-","",BaseCoalPlants!H402) | J375: =IF(BaseCoalPlants!I402="-","",BaseCoalPlants!I402) | K375: =IF(BaseCoalPlants!J402="-","",BaseCoalPlants!J402) | L375: =IF(BaseCoalPlants!K402="-","",BaseCoalPlants!K402) | M375: =IF(BaseCoalPlants!L402=0,"",BaseCoalPlants!L402) -> 0.05 | N375: =IF(BaseCoalPlants!M402=0,"",BaseCoalPlants!M402) -> 0.05 | O375: =IF(BaseCoalPlants!N402=0,"",BaseCoalPlants!N402) -> 0.05 | P375: =IF(BaseCoalPlants!O402=0,"",BaseCoalPlants!O402) -> 0.05 | Q375: =IF(BaseCoalPlants!P402=0,"",BaseCoalPlants!P402) -> 0.05 | R375: =IF(BaseCoalPlants!Q402=0,"",BaseCoalPlants!Q402) -> 0.05 | S375: =IF(BaseCoalPlants!R402=0,"",BaseCoalPlants!R402) -> 0.05 | T375: =IF(BaseCoalPlants!S402=0,"",BaseCoalPlants!S402) -> 0.05 | ... V375: =IF(BaseCoalPlants!U402=0,"",BaseCoalPlants!U402) -> 0.05
C376: =IF(BaseCoalPlants!B405="VDA_FLOP",IF(BaseCoalPlants!D405="ELC","*","INPUT"),BaseCoalPlants!B405) -> NCAP_DRATE | D376: =IF(BaseCoalPlants!C405="","\I:",BaseCoalPlants!C405&"_LE") -> ECSTMRSOO_LE | E376: =IF(BaseCoalPlants!D405="-","",BaseCoalPlants!D405) | F376: =IF(BaseCoalPlants!E405="-","",BaseCoalPlants!E405) | G376: =IF(BaseCoalPlants!F405="-","",BaseCoalPlants!F405) | H376: =IF(BaseCoalPlants!G405="-","",BaseCoalPlants!G405) -> 2010 | I376: =IF(BaseCoalPlants!H405="-","",BaseCoalPlants!H405) | J376: =IF(BaseCoalPlants!I405="-","",BaseCoalPlants!I405) | K376: =IF(BaseCoalPlants!J405="-","",BaseCoalPlants!J405) | L376: =IF(BaseCoalPlants!K405="-","",BaseCoalPlants!K405) | M376: =IF(BaseCoalPlants!L405=0,"",BaseCoalPlants!L405) -> 0.05 | N376: =IF(BaseCoalPlants!M405=0,"",BaseCoalPlants!M405) -> 0.05 | O376: =IF(BaseCoalPlants!N405=0,"",BaseCoalPlants!N405) -> 0.05 | P376: =IF(BaseCoalPlants!O405=0,"",BaseCoalPlants!O405) -> 0.05 | Q376: =IF(BaseCoalPlants!P405=0,"",BaseCoalPlants!P405) -> 0.05 | R376: =IF(BaseCoalPlants!Q405=0,"",BaseCoalPlants!Q405) -> 0.05 | S376: =IF(BaseCoalPlants!R405=0,"",BaseCoalPlants!R405) -> 0.05 | T376: =IF(BaseCoalPlants!S405=0,"",BaseCoalPlants!S405) -> 0.05 | ... V376: =IF(BaseCoalPlants!U405=0,"",BaseCoalPlants!U405) -> 0.05
C377: =IF(BaseCoalPlants!B406="VDA_FLOP",IF(BaseCoalPlants!D406="ELC","*","INPUT"),BaseCoalPlants!B406) -> NCAP_DRATE | D377: =IF(BaseCoalPlants!C406="","\I:",BaseCoalPlants!C406&"_LE") -> ECSTMRSOR_LE | E377: =IF(BaseCoalPlants!D406="-","",BaseCoalPlants!D406) | F377: =IF(BaseCoalPlants!E406="-","",BaseCoalPlants!E406) | G377: =IF(BaseCoalPlants!F406="-","",BaseCoalPlants!F406) | H377: =IF(BaseCoalPlants!G406="-","",BaseCoalPlants!G406) -> 2010 | I377: =IF(BaseCoalPlants!H406="-","",BaseCoalPlants!H406) | J377: =IF(BaseCoalPlants!I406="-","",BaseCoalPlants!I406) | K377: =IF(BaseCoalPlants!J406="-","",BaseCoalPlants!J406) | L377: =IF(BaseCoalPlants!K406="-","",BaseCoalPlants!K406) | M377: =IF(BaseCoalPlants!L406=0,"",BaseCoalPlants!L406) -> 0.05 | N377: =IF(BaseCoalPlants!M406=0,"",BaseCoalPlants!M406) -> 0.05 | O377: =IF(BaseCoalPlants!N406=0,"",BaseCoalPlants!N406) -> 0.05 | P377: =IF(BaseCoalPlants!O406=0,"",BaseCoalPlants!O406) -> 0.05 | Q377: =IF(BaseCoalPlants!P406=0,"",BaseCoalPlants!P406) -> 0.05 | R377: =IF(BaseCoalPlants!Q406=0,"",BaseCoalPlants!Q406) -> 0.05 | S377: =IF(BaseCoalPlants!R406=0,"",BaseCoalPlants!R406) -> 0.05 | T377: =IF(BaseCoalPlants!S406=0,"",BaseCoalPlants!S406) -> 0.05 | ... V377: =IF(BaseCoalPlants!U406=0,"",BaseCoalPlants!U406) -> 0.05
C378: =IF(BaseCoalPlants!B407="VDA_FLOP",IF(BaseCoalPlants!D407="ELC","*","INPUT"),BaseCoalPlants!B407) -> NCAP_DRATE | D378: =IF(BaseCoalPlants!C407="","\I:",BaseCoalPlants!C407&"_LE") -> ECSTMRSUO_LE | E378: =IF(BaseCoalPlants!D407="-","",BaseCoalPlants!D407) | F378: =IF(BaseCoalPlants!E407="-","",BaseCoalPlants!E407) | G378: =IF(BaseCoalPlants!F407="-","",BaseCoalPlants!F407) | H378: =IF(BaseCoalPlants!G407="-","",BaseCoalPlants!G407) -> 2010 | I378: =IF(BaseCoalPlants!H407="-","",BaseCoalPlants!H407) | J378: =IF(BaseCoalPlants!I407="-","",BaseCoalPlants!I407) | K378: =IF(BaseCoalPlants!J407="-","",BaseCoalPlants!J407) | L378: =IF(BaseCoalPlants!K407="-","",BaseCoalPlants!K407) | M378: =IF(BaseCoalPlants!L407=0,"",BaseCoalPlants!L407) -> 0.05 | N378: =IF(BaseCoalPlants!M407=0,"",BaseCoalPlants!M407) -> 0.05 | O378: =IF(BaseCoalPlants!N407=0,"",BaseCoalPlants!N407) -> 0.05 | P378: =IF(BaseCoalPlants!O407=0,"",BaseCoalPlants!O407) -> 0.05 | Q378: =IF(BaseCoalPlants!P407=0,"",BaseCoalPlants!P407) -> 0.05 | R378: =IF(BaseCoalPlants!Q407=0,"",BaseCoalPlants!Q407) -> 0.05 | S378: =IF(BaseCoalPlants!R407=0,"",BaseCoalPlants!R407) -> 0.05 | T378: =IF(BaseCoalPlants!S407=0,"",BaseCoalPlants!S407) -> 0.05 | ... V378: =IF(BaseCoalPlants!U407=0,"",BaseCoalPlants!U407) -> 0.05
C379: =IF(BaseCoalPlants!B408="VDA_FLOP",IF(BaseCoalPlants!D408="ELC","*","INPUT"),BaseCoalPlants!B408) -> NCAP_DRATE | D379: =IF(BaseCoalPlants!C408="","\I:",BaseCoalPlants!C408&"_LE") -> ECSTMRSUR_LE | E379: =IF(BaseCoalPlants!D408="-","",BaseCoalPlants!D408) | F379: =IF(BaseCoalPlants!E408="-","",BaseCoalPlants!E408) | G379: =IF(BaseCoalPlants!F408="-","",BaseCoalPlants!F408) | H379: =IF(BaseCoalPlants!G408="-","",BaseCoalPlants!G408) -> 2010 | I379: =IF(BaseCoalPlants!H408="-","",BaseCoalPlants!H408) | J379: =IF(BaseCoalPlants!I408="-","",BaseCoalPlants!I408) | K379: =IF(BaseCoalPlants!J408="-","",BaseCoalPlants!J408) | L379: =IF(BaseCoalPlants!K408="-","",BaseCoalPlants!K408) | M379: =IF(BaseCoalPlants!L408=0,"",BaseCoalPlants!L408) -> 0.05 | N379: =IF(BaseCoalPlants!M408=0,"",BaseCoalPlants!M408) -> 0.05 | O379: =IF(BaseCoalPlants!N408=0,"",BaseCoalPlants!N408) -> 0.05 | P379: =IF(BaseCoalPlants!O408=0,"",BaseCoalPlants!O408) -> 0.05 | Q379: =IF(BaseCoalPlants!P408=0,"",BaseCoalPlants!P408) -> 0.05 | R379: =IF(BaseCoalPlants!Q408=0,"",BaseCoalPlants!Q408) -> 0.05 | S379: =IF(BaseCoalPlants!R408=0,"",BaseCoalPlants!R408) -> 0.05 | T379: =IF(BaseCoalPlants!S408=0,"",BaseCoalPlants!S408) -> 0.05 | ... V379: =IF(BaseCoalPlants!U408=0,"",BaseCoalPlants!U408) -> 0.05
C380: =IF(BaseCoalPlants!B410="VDA_FLOP",IF(BaseCoalPlants!D410="ELC","*","INPUT"),BaseCoalPlants!B410) -> NCAP_FOM | D380: =IF(BaseCoalPlants!C410="","\I:",BaseCoalPlants!C410&"_LE") -> ECSTMRBOO_LE | E380: =IF(BaseCoalPlants!D410="-","",BaseCoalPlants!D410) | F380: =IF(BaseCoalPlants!E410="-","",BaseCoalPlants!E410) | G380: =IF(BaseCoalPlants!F410="-","",BaseCoalPlants!F410) | H380: =IF(BaseCoalPlants!G410="-","",BaseCoalPlants!G410) -> 2010 | I380: =IF(BaseCoalPlants!H410="-","",BaseCoalPlants!H410) | J380: =IF(BaseCoalPlants!I410="-","",BaseCoalPlants!I410) -> USD05 | K380: =IF(BaseCoalPlants!J410="-","",BaseCoalPlants!J410) | L380: =IF(BaseCoalPlants!K410="-","",BaseCoalPlants!K410) | M380: =IF(BaseCoalPlants!L410=0,"",BaseCoalPlants!L410) | N380: =IF(BaseCoalPlants!M410=0,"",BaseCoalPlants!M410) -> 21.707457 | O380: =IF(BaseCoalPlants!N410=0,"",BaseCoalPlants!N410) -> 23.750059 | P380: =IF(BaseCoalPlants!O410=0,"",BaseCoalPlants!O410) -> 18.033482 | Q380: =IF(BaseCoalPlants!P410=0,"",BaseCoalPlants!P410) -> 15.842981 | R380: =IF(BaseCoalPlants!Q410=0,"",BaseCoalPlants!Q410) -> 21.677069 | S380: =IF(BaseCoalPlants!R410=0,"",BaseCoalPlants!R410) -> 19.831084 | T380: =IF(BaseCoalPlants!S410=0,"",BaseCoalPlants!S410) -> 24.337682 | ... V380: =IF(BaseCoalPlants!U410=0,"",BaseCoalPlants!U410) -> 18.041996
C381: =IF(BaseCoalPlants!B411="VDA_FLOP",IF(BaseCoalPlants!D411="ELC","*","INPUT"),BaseCoalPlants!B411) -> NCAP_FOM | D381: =IF(BaseCoalPlants!C411="","\I:",BaseCoalPlants!C411&"_LE") -> ECSTMRBOR_LE | E381: =IF(BaseCoalPlants!D411="-","",BaseCoalPlants!D411) | F381: =IF(BaseCoalPlants!E411="-","",BaseCoalPlants!E411) | G381: =IF(BaseCoalPlants!F411="-","",BaseCoalPlants!F411) | H381: =IF(BaseCoalPlants!G411="-","",BaseCoalPlants!G411) -> 2010 | I381: =IF(BaseCoalPlants!H411="-","",BaseCoalPlants!H411) | J381: =IF(BaseCoalPlants!I411="-","",BaseCoalPlants!I411) -> USD05 | K381: =IF(BaseCoalPlants!J411="-","",BaseCoalPlants!J411) | L381: =IF(BaseCoalPlants!K411="-","",BaseCoalPlants!K411) | M381: =IF(BaseCoalPlants!L411=0,"",BaseCoalPlants!L411) | N381: =IF(BaseCoalPlants!M411=0,"",BaseCoalPlants!M411) -> 21.707457 | O381: =IF(BaseCoalPlants!N411=0,"",BaseCoalPlants!N411) -> 23.750059 | P381: =IF(BaseCoalPlants!O411=0,"",BaseCoalPlants!O411) -> 18.033482 | Q381: =IF(BaseCoalPlants!P411=0,"",BaseCoalPlants!P411) -> 15.842981 | R381: =IF(BaseCoalPlants!Q411=0,"",BaseCoalPlants!Q411) -> 21.677069 | S381: =IF(BaseCoalPlants!R411=0,"",BaseCoalPlants!R411) -> 19.831084 | T381: =IF(BaseCoalPlants!S411=0,"",BaseCoalPlants!S411) -> 24.337682 | ... V381: =IF(BaseCoalPlants!U411=0,"",BaseCoalPlants!U411) -> 18.041996
C382: =IF(BaseCoalPlants!B412="VDA_FLOP",IF(BaseCoalPlants!D412="ELC","*","INPUT"),BaseCoalPlants!B412) -> NCAP_FOM | D382: =IF(BaseCoalPlants!C412="","\I:",BaseCoalPlants!C412&"_LE") -> ECSTMRBUO_LE | E382: =IF(BaseCoalPlants!D412="-","",BaseCoalPlants!D412) | F382: =IF(BaseCoalPlants!E412="-","",BaseCoalPlants!E412) | G382: =IF(BaseCoalPlants!F412="-","",BaseCoalPlants!F412) | H382: =IF(BaseCoalPlants!G412="-","",BaseCoalPlants!G412) -> 2010 | I382: =IF(BaseCoalPlants!H412="-","",BaseCoalPlants!H412) | J382: =IF(BaseCoalPlants!I412="-","",BaseCoalPlants!I412) -> USD05 | K382: =IF(BaseCoalPlants!J412="-","",BaseCoalPlants!J412) | L382: =IF(BaseCoalPlants!K412="-","",BaseCoalPlants!K412) | M382: =IF(BaseCoalPlants!L412=0,"",BaseCoalPlants!L412) | N382: =IF(BaseCoalPlants!M412=0,"",BaseCoalPlants!M412) -> 21.707457 | O382: =IF(BaseCoalPlants!N412=0,"",BaseCoalPlants!N412) -> 23.750059 | P382: =IF(BaseCoalPlants!O412=0,"",BaseCoalPlants!O412) -> 18.033482 | Q382: =IF(BaseCoalPlants!P412=0,"",BaseCoalPlants!P412) -> 15.842981 | R382: =IF(BaseCoalPlants!Q412=0,"",BaseCoalPlants!Q412) -> 21.677069 | S382: =IF(BaseCoalPlants!R412=0,"",BaseCoalPlants!R412) -> 19.831084 | T382: =IF(BaseCoalPlants!S412=0,"",BaseCoalPlants!S412) -> 24.337682 | ... V382: =IF(BaseCoalPlants!U412=0,"",BaseCoalPlants!U412) -> 18.041996
C383: =IF(BaseCoalPlants!B413="VDA_FLOP",IF(BaseCoalPlants!D413="ELC","*","INPUT"),BaseCoalPlants!B413) -> NCAP_FOM | D383: =IF(BaseCoalPlants!C413="","\I:",BaseCoalPlants!C413&"_LE") -> ECSTMRBUR_LE | E383: =IF(BaseCoalPlants!D413="-","",BaseCoalPlants!D413) | F383: =IF(BaseCoalPlants!E413="-","",BaseCoalPlants!E413) | G383: =IF(BaseCoalPlants!F413="-","",BaseCoalPlants!F413) | H383: =IF(BaseCoalPlants!G413="-","",BaseCoalPlants!G413) -> 2010 | I383: =IF(BaseCoalPlants!H413="-","",BaseCoalPlants!H413) | J383: =IF(BaseCoalPlants!I413="-","",BaseCoalPlants!I413) -> USD05 | K383: =IF(BaseCoalPlants!J413="-","",BaseCoalPlants!J413) | L383: =IF(BaseCoalPlants!K413="-","",BaseCoalPlants!K413) | M383: =IF(BaseCoalPlants!L413=0,"",BaseCoalPlants!L413) | N383: =IF(BaseCoalPlants!M413=0,"",BaseCoalPlants!M413) -> 21.707457 | O383: =IF(BaseCoalPlants!N413=0,"",BaseCoalPlants!N413) -> 23.750059 | P383: =IF(BaseCoalPlants!O413=0,"",BaseCoalPlants!O413) -> 18.033482 | Q383: =IF(BaseCoalPlants!P413=0,"",BaseCoalPlants!P413) -> 15.842981 | R383: =IF(BaseCoalPlants!Q413=0,"",BaseCoalPlants!Q413) -> 21.677069 | S383: =IF(BaseCoalPlants!R413=0,"",BaseCoalPlants!R413) -> 19.831084 | T383: =IF(BaseCoalPlants!S413=0,"",BaseCoalPlants!S413) -> 24.337682 | ... V383: =IF(BaseCoalPlants!U413=0,"",BaseCoalPlants!U413) -> 18.041996
C384: =IF(BaseCoalPlants!B415="VDA_FLOP",IF(BaseCoalPlants!D415="ELC","*","INPUT"),BaseCoalPlants!B415) -> NCAP_FOM | D384: =IF(BaseCoalPlants!C415="","\I:",BaseCoalPlants!C415&"_LE") -> ECSTMRLOO_LE | E384: =IF(BaseCoalPlants!D415="-","",BaseCoalPlants!D415) | F384: =IF(BaseCoalPlants!E415="-","",BaseCoalPlants!E415) | G384: =IF(BaseCoalPlants!F415="-","",BaseCoalPlants!F415) | H384: =IF(BaseCoalPlants!G415="-","",BaseCoalPlants!G415) -> 2010 | I384: =IF(BaseCoalPlants!H415="-","",BaseCoalPlants!H415) | J384: =IF(BaseCoalPlants!I415="-","",BaseCoalPlants!I415) -> USD05 | K384: =IF(BaseCoalPlants!J415="-","",BaseCoalPlants!J415) | L384: =IF(BaseCoalPlants!K415="-","",BaseCoalPlants!K415) | M384: =IF(BaseCoalPlants!L415=0,"",BaseCoalPlants!L415) | N384: =IF(BaseCoalPlants!M415=0,"",BaseCoalPlants!M415) -> 21.707457 | O384: =IF(BaseCoalPlants!N415=0,"",BaseCoalPlants!N415) -> 23.750059 | P384: =IF(BaseCoalPlants!O415=0,"",BaseCoalPlants!O415) -> 18.033482 | Q384: =IF(BaseCoalPlants!P415=0,"",BaseCoalPlants!P415) -> 15.842981 | R384: =IF(BaseCoalPlants!Q415=0,"",BaseCoalPlants!Q415) -> 21.677069 | S384: =IF(BaseCoalPlants!R415=0,"",BaseCoalPlants!R415) -> 19.831084 | T384: =IF(BaseCoalPlants!S415=0,"",BaseCoalPlants!S415) -> 24.337682 | ... V384: =IF(BaseCoalPlants!U415=0,"",BaseCoalPlants!U415) -> 18.041996
C385: =IF(BaseCoalPlants!B416="VDA_FLOP",IF(BaseCoalPlants!D416="ELC","*","INPUT"),BaseCoalPlants!B416) -> NCAP_FOM | D385: =IF(BaseCoalPlants!C416="","\I:",BaseCoalPlants!C416&"_LE") -> ECSTMRLOR_LE | E385: =IF(BaseCoalPlants!D416="-","",BaseCoalPlants!D416) | F385: =IF(BaseCoalPlants!E416="-","",BaseCoalPlants!E416) | G385: =IF(BaseCoalPlants!F416="-","",BaseCoalPlants!F416) | H385: =IF(BaseCoalPlants!G416="-","",BaseCoalPlants!G416) -> 2010 | I385: =IF(BaseCoalPlants!H416="-","",BaseCoalPlants!H416) | J385: =IF(BaseCoalPlants!I416="-","",BaseCoalPlants!I416) -> USD05 | K385: =IF(BaseCoalPlants!J416="-","",BaseCoalPlants!J416) | L385: =IF(BaseCoalPlants!K416="-","",BaseCoalPlants!K416) | M385: =IF(BaseCoalPlants!L416=0,"",BaseCoalPlants!L416) | N385: =IF(BaseCoalPlants!M416=0,"",BaseCoalPlants!M416) -> 21.707457 | O385: =IF(BaseCoalPlants!N416=0,"",BaseCoalPlants!N416) -> 23.750059 | P385: =IF(BaseCoalPlants!O416=0,"",BaseCoalPlants!O416) -> 18.033482 | Q385: =IF(BaseCoalPlants!P416=0,"",BaseCoalPlants!P416) -> 15.842981 | R385: =IF(BaseCoalPlants!Q416=0,"",BaseCoalPlants!Q416) -> 21.677069 | S385: =IF(BaseCoalPlants!R416=0,"",BaseCoalPlants!R416) -> 19.831084 | T385: =IF(BaseCoalPlants!S416=0,"",BaseCoalPlants!S416) -> 24.337682 | ... V385: =IF(BaseCoalPlants!U416=0,"",BaseCoalPlants!U416) -> 18.041996
C386: =IF(BaseCoalPlants!B417="VDA_FLOP",IF(BaseCoalPlants!D417="ELC","*","INPUT"),BaseCoalPlants!B417) -> NCAP_FOM | D386: =IF(BaseCoalPlants!C417="","\I:",BaseCoalPlants!C417&"_LE") -> ECSTMRLUO_LE | E386: =IF(BaseCoalPlants!D417="-","",BaseCoalPlants!D417) | F386: =IF(BaseCoalPlants!E417="-","",BaseCoalPlants!E417) | G386: =IF(BaseCoalPlants!F417="-","",BaseCoalPlants!F417) | H386: =IF(BaseCoalPlants!G417="-","",BaseCoalPlants!G417) -> 2010 | I386: =IF(BaseCoalPlants!H417="-","",BaseCoalPlants!H417) | J386: =IF(BaseCoalPlants!I417="-","",BaseCoalPlants!I417) -> USD05 | K386: =IF(BaseCoalPlants!J417="-","",BaseCoalPlants!J417) | L386: =IF(BaseCoalPlants!K417="-","",BaseCoalPlants!K417) | M386: =IF(BaseCoalPlants!L417=0,"",BaseCoalPlants!L417) | N386: =IF(BaseCoalPlants!M417=0,"",BaseCoalPlants!M417) -> 21.707457 | O386: =IF(BaseCoalPlants!N417=0,"",BaseCoalPlants!N417) -> 23.750059 | P386: =IF(BaseCoalPlants!O417=0,"",BaseCoalPlants!O417) -> 18.033482 | Q386: =IF(BaseCoalPlants!P417=0,"",BaseCoalPlants!P417) -> 15.842981 | R386: =IF(BaseCoalPlants!Q417=0,"",BaseCoalPlants!Q417) -> 21.677069 | S386: =IF(BaseCoalPlants!R417=0,"",BaseCoalPlants!R417) -> 19.831084 | T386: =IF(BaseCoalPlants!S417=0,"",BaseCoalPlants!S417) -> 24.337682 | ... V386: =IF(BaseCoalPlants!U417=0,"",BaseCoalPlants!U417) -> 18.041996
C387: =IF(BaseCoalPlants!B420="VDA_FLOP",IF(BaseCoalPlants!D420="ELC","*","INPUT"),BaseCoalPlants!B420) -> NCAP_FOM | D387: =IF(BaseCoalPlants!C420="","\I:",BaseCoalPlants!C420&"_LE") -> ECSTMRSOO_LE | E387: =IF(BaseCoalPlants!D420="-","",BaseCoalPlants!D420) | F387: =IF(BaseCoalPlants!E420="-","",BaseCoalPlants!E420) | G387: =IF(BaseCoalPlants!F420="-","",BaseCoalPlants!F420) | H387: =IF(BaseCoalPlants!G420="-","",BaseCoalPlants!G420) -> 2010 | I387: =IF(BaseCoalPlants!H420="-","",BaseCoalPlants!H420) | J387: =IF(BaseCoalPlants!I420="-","",BaseCoalPlants!I420) -> USD05 | K387: =IF(BaseCoalPlants!J420="-","",BaseCoalPlants!J420) | L387: =IF(BaseCoalPlants!K420="-","",BaseCoalPlants!K420) | M387: =IF(BaseCoalPlants!L420=0,"",BaseCoalPlants!L420) | N387: =IF(BaseCoalPlants!M420=0,"",BaseCoalPlants!M420) -> 21.707457 | O387: =IF(BaseCoalPlants!N420=0,"",BaseCoalPlants!N420) -> 23.750059 | P387: =IF(BaseCoalPlants!O420=0,"",BaseCoalPlants!O420) -> 18.033482 | Q387: =IF(BaseCoalPlants!P420=0,"",BaseCoalPlants!P420) -> 15.842981 | R387: =IF(BaseCoalPlants!Q420=0,"",BaseCoalPlants!Q420) -> 21.677069 | S387: =IF(BaseCoalPlants!R420=0,"",BaseCoalPlants!R420) -> 19.831084 | T387: =IF(BaseCoalPlants!S420=0,"",BaseCoalPlants!S420) -> 24.337682 | ... V387: =IF(BaseCoalPlants!U420=0,"",BaseCoalPlants!U420) -> 18.041996
...

Sheet Tech availbility
C3: ~TFM_AVA
C4: PSET_PN | D4: R1 | E4: R2 | F4: R3 | G4: R4 | H4: R5 | I4: R6 | J4: R7 | K4: R8 | L4: R9
C5: ECSTMRBOO_LE | D5: =SUMIFS('LifeExtn techs'!N$4:N$457,'LifeExtn techs'!$C$4:$C$457,"EFF",'LifeExtn techs'!$D$4:$D$457,'Tech availbility'!$C5) -> 1.9968502 | E5: =SUMIFS('LifeExtn techs'!O$4:O$457,'LifeExtn techs'!$C$4:$C$457,"EFF",'LifeExtn techs'!$D$4:$D$457,'Tech availbility'!$C5) -> 5.8676091 | F5: =SUMIFS('LifeExtn techs'!P$4:P$457,'LifeExtn techs'!$C$4:$C$457,"EFF",'LifeExtn techs'!$D$4:$D$457,'Tech availbility'!$C5) -> 8.7341478 | G5: =SUMIFS('LifeExtn techs'!Q$4:Q$457,'LifeExtn techs'!$C$4:$C$457,"EFF",'LifeExtn techs'!$D$4:$D$457,'Tech availbility'!$C5) -> 0 | H5: =SUMIFS('LifeExtn techs'!R$4:R$457,'LifeExtn techs'!$C$4:$C$457,"EFF",'LifeExtn techs'!$D$4:$D$457,'Tech availbility'!$C5) -> 10.360825 | I5: =SUMIFS('LifeExtn techs'!S$4:S$457,'LifeExtn techs'!$C$4:$C$457,"EFF",'LifeExtn techs'!$D$4:$D$457,'Tech availbility'!$C5) -> 8.5752952 | J5: =SUMIFS('LifeExtn techs'!T$4:T$457,'LifeExtn techs'!$C$4:$C$457,"EFF",'LifeExtn techs'!$D$4:$D$457,'Tech availbility'!$C5) -> 0 | K5: =SUMIFS('LifeExtn techs'!U$4:U$457,'LifeExtn techs'!$C$4:$C$457,"EFF",'LifeExtn techs'!$D$4:$D$457,'Tech availbility'!$C5) -> 0 | L5: =SUMIFS('LifeExtn techs'!V$4:V$457,'LifeExtn techs'!$C$4:$C$457,"EFF",'LifeExtn techs'!$D$4:$D$457,'Tech availbility'!$C5) -> 0
C6: ECSTMRBOR_LE | D6: =SUMIFS('LifeExtn techs'!N$4:N$457,'LifeExtn techs'!$C$4:$C$457,"EFF",'LifeExtn techs'!$D$4:$D$457,'Tech availbility'!$C6) -> 0 | E6: =SUMIFS('LifeExtn techs'!O$4:O$457,'LifeExtn techs'!$C$4:$C$457,"EFF",'LifeExtn techs'!$D$4:$D$457,'Tech availbility'!$C6) -> 4.5977259 | F6: =SUMIFS('LifeExtn techs'!P$4:P$457,'LifeExtn techs'!$C$4:$C$457,"EFF",'LifeExtn techs'!$D$4:$D$457,'Tech availbility'!$C6) -> 3.5060117 | G6: =SUMIFS('LifeExtn techs'!Q$4:Q$457,'LifeExtn techs'!$C$4:$C$457,"EFF",'LifeExtn techs'!$D$4:$D$457,'Tech availbility'!$C6) -> 0 | H6: =SUMIFS('LifeExtn techs'!R$4:R$457,'LifeExtn techs'!$C$4:$C$457,"EFF",'LifeExtn techs'!$D$4:$D$457,'Tech availbility'!$C6) -> 11.06307 | I6: =SUMIFS('LifeExtn techs'!S$4:S$457,'LifeExtn techs'!$C$4:$C$457,"EFF",'LifeExtn techs'!$D$4:$D$457,'Tech availbility'!$C6) -> 4.49685 | J6: =SUMIFS('LifeExtn techs'!T$4:T$457,'LifeExtn techs'!$C$4:$C$457,"EFF",'LifeExtn techs'!$D$4:$D$457,'Tech availbility'!$C6) -> 0.52260801 | K6: =SUMIFS('LifeExtn techs'!U$4:U$457,'LifeExtn techs'!$C$4:$C$457,"EFF",'LifeExtn techs'!$D$4:$D$457,'Tech availbility'!$C6) -> 5.6302295 | L6: =SUMIFS('LifeExtn techs'!V$4:V$457,'LifeExtn techs'!$C$4:$C$457,"EFF",'LifeExtn techs'!$D$4:$D$457,'Tech availbility'!$C6) -> 0.29995691
C7: ECSTMRBUO_LE | D7: =SUMIFS('LifeExtn techs'!N$4:N$457,'LifeExtn techs'!$C$4:$C$457,"EFF",'LifeExtn techs'!$D$4:$D$457,'Tech availbility'!$C7) -> 1.1707948 | E7: =SUMIFS('LifeExtn techs'!O$4:O$457,'LifeExtn techs'!$C$4:$C$457,"EFF",'LifeExtn techs'!$D$4:$D$457,'Tech availbility'!$C7) -> 3.2836576 | F7: =SUMIFS('LifeExtn techs'!P$4:P$457,'LifeExtn techs'!$C$4:$C$457,"EFF",'LifeExtn techs'!$D$4:$D$457,'Tech availbility'!$C7) -> 7.2735052 | G7: =SUMIFS('LifeExtn techs'!Q$4:Q$457,'LifeExtn techs'!$C$4:$C$457,"EFF",'LifeExtn techs'!$D$4:$D$457,'Tech availbility'!$C7) -> 2.6347561 | H7: =SUMIFS('LifeExtn techs'!R$4:R$457,'LifeExtn techs'!$C$4:$C$457,"EFF",'LifeExtn techs'!$D$4:$D$457,'Tech availbility'!$C7) -> 4.6163958 | I7: =SUMIFS('LifeExtn techs'!S$4:S$457,'LifeExtn techs'!$C$4:$C$457,"EFF",'LifeExtn techs'!$D$4:$D$457,'Tech availbility'!$C7) -> 2.4725269 | J7: =SUMIFS('LifeExtn techs'!T$4:T$457,'LifeExtn techs'!$C$4:$C$457,"EFF",'LifeExtn techs'!$D$4:$D$457,'Tech availbility'!$C7) -> 0 | K7: =SUMIFS('LifeExtn techs'!U$4:U$457,'LifeExtn techs'!$C$4:$C$457,"EFF",'LifeExtn techs'!$D$4:$D$457,'Tech availbility'!$C7) -> 0.28394118 | L7: =SUMIFS('LifeExtn techs'!V$4:V$457,'LifeExtn techs'!$C$4:$C$457,"EFF",'LifeExtn techs'!$D$4:$D$457,'Tech availbility'!$C7) -> 0
C8: ECSTMRBUR_LE | D8: =SUMIFS('LifeExtn techs'!N$4:N$457,'LifeExtn techs'!$C$4:$C$457,"EFF",'LifeExtn techs'!$D$4:$D$457,'Tech availbility'!$C8) -> 0.30631137 | E8: =SUMIFS('LifeExtn techs'!O$4:O$457,'LifeExtn techs'!$C$4:$C$457,"EFF",'LifeExtn techs'!$D$4:$D$457,'Tech availbility'!$C8) -> 4.0974698 | F8: =SUMIFS('LifeExtn techs'!P$4:P$457,'LifeExtn techs'!$C$4:$C$457,"EFF",'LifeExtn techs'!$D$4:$D$457,'Tech availbility'!$C8) -> 2.9466613 | G8: =SUMIFS('LifeExtn techs'!Q$4:Q$457,'LifeExtn techs'!$C$4:$C$457,"EFF",'LifeExtn techs'!$D$4:$D$457,'Tech availbility'!$C8) -> 2.3499651 | H8: =SUMIFS('LifeExtn techs'!R$4:R$457,'LifeExtn techs'!$C$4:$C$457,"EFF",'LifeExtn techs'!$D$4:$D$457,'Tech availbility'!$C8) -> 3.8566244 | I8: =SUMIFS('LifeExtn techs'!S$4:S$457,'LifeExtn techs'!$C$4:$C$457,"EFF",'LifeExtn techs'!$D$4:$D$457,'Tech availbility'!$C8) -> 1.1516801 | J8: =SUMIFS('LifeExtn techs'!T$4:T$457,'LifeExtn techs'!$C$4:$C$457,"EFF",'LifeExtn techs'!$D$4:$D$457,'Tech availbility'!$C8) -> 0.63206106 | K8: =SUMIFS('LifeExtn techs'!U$4:U$457,'LifeExtn techs'!$C$4:$C$457,"EFF",'LifeExtn techs'!$D$4:$D$457,'Tech availbility'!$C8) -> 2.6966123 | L8: =SUMIFS('LifeExtn techs'!V$4:V$457,'LifeExtn techs'!$C$4:$C$457,"EFF",'LifeExtn techs'!$D$4:$D$457,'Tech availbility'!$C8) -> 1.7475284
C9: ECSTMRLOO_LE | D9: =SUMIFS('LifeExtn techs'!N$4:N$457,'LifeExtn techs'!$C$4:$C$457,"EFF",'LifeExtn techs'!$D$4:$D$457,'Tech availbility'!$C9) -> 0 | E9: =SUMIFS('LifeExtn techs'!O$4:O$457,'LifeExtn techs'!$C$4:$C$457,"EFF",'LifeExtn techs'!$D$4:$D$457,'Tech availbility'!$C9) -> 0 | F9: =SUMIFS('LifeExtn techs'!P$4:P$457,'LifeExtn techs'!$C$4:$C$457,"EFF",'LifeExtn techs'!$D$4:$D$457,'Tech availbility'!$C9) -> 0 | G9: =SUMIFS('LifeExtn techs'!Q$4:Q$457,'LifeExtn techs'!$C$4:$C$457,"EFF",'LifeExtn techs'!$D$4:$D$457,'Tech availbility'!$C9) -> 1.1990324 | H9: =SUMIFS('LifeExtn techs'!R$4:R$457,'LifeExtn techs'!$C$4:$C$457,"EFF",'LifeExtn techs'!$D$4:$D$457,'Tech availbility'!$C9) -> 0 | I9: =SUMIFS('LifeExtn techs'!S$4:S$457,'LifeExtn techs'!$C$4:$C$457,"EFF",'LifeExtn techs'!$D$4:$D$457,'Tech availbility'!$C9) -> 0 | J9: =SUMIFS('LifeExtn techs'!T$4:T$457,'LifeExtn techs'!$C$4:$C$457,"EFF",'LifeExtn techs'!$D$4:$D$457,'Tech availbility'!$C9) -> 1.478216 | K9: =SUMIFS('LifeExtn techs'!U$4:U$457,'LifeExtn techs'!$C$4:$C$457,"EFF",'LifeExtn techs'!$D$4:$D$457,'Tech availbility'!$C9) -> 0 | L9: =SUMIFS('LifeExtn techs'!V$4:V$457,'LifeExtn techs'!$C$4:$C$457,"EFF",'LifeExtn techs'!$D$4:$D$457,'Tech availbility'!$C9) -> 0
C10: ECSTMRLOR_LE | D10: =SUMIFS('LifeExtn techs'!N$4:N$457,'LifeExtn techs'!$C$4:$C$457,"EFF",'LifeExtn techs'!$D$4:$D$457,'Tech availbility'!$C10) -> 0 | E10: =SUMIFS('LifeExtn techs'!O$4:O$457,'LifeExtn techs'!$C$4:$C$457,"EFF",'LifeExtn techs'!$D$4:$D$457,'Tech availbility'!$C10) -> 0 | F10: =SUMIFS('LifeExtn techs'!P$4:P$457,'LifeExtn techs'!$C$4:$C$457,"EFF",'LifeExtn techs'!$D$4:$D$457,'Tech availbility'!$C10) -> 0 | G10: =SUMIFS('LifeExtn techs'!Q$4:Q$457,'LifeExtn techs'!$C$4:$C$457,"EFF",'LifeExtn techs'!$D$4:$D$457,'Tech availbility'!$C10) -> 1.1756351 | H10: =SUMIFS('LifeExtn techs'!R$4:R$457,'LifeExtn techs'!$C$4:$C$457,"EFF",'LifeExtn techs'!$D$4:$D$457,'Tech availbility'!$C10) -> 0 | I10: =SUMIFS('LifeExtn techs'!S$4:S$457,'LifeExtn techs'!$C$4:$C$457,"EFF",'LifeExtn techs'!$D$4:$D$457,'Tech availbility'!$C10) -> 0.32707784 | J10: =SUMIFS('LifeExtn techs'!T$4:T$457,'LifeExtn techs'!$C$4:$C$457,"EFF",'LifeExtn techs'!$D$4:$D$457,'Tech availbility'!$C10) -> 1.8620009 | K10: =SUMIFS('LifeExtn techs'!U$4:U$457,'LifeExtn techs'!$C$4:$C$457,"EFF",'LifeExtn techs'!$D$4:$D$457,'Tech availbility'!$C10) -> 0.86899028 | L10: =SUMIFS('LifeExtn techs'!V$4:V$457,'LifeExtn techs'!$C$4:$C$457,"EFF",'LifeExtn techs'!$D$4:$D$457,'Tech availbility'!$C10) -> 0
C11: ECSTMRLUO_LE | D11: =SUMIFS('LifeExtn techs'!N$4:N$457,'LifeExtn techs'!$C$4:$C$457,"EFF",'LifeExtn techs'!$D$4:$D$457,'Tech availbility'!$C11) -> 0 | E11: =SUMIFS('LifeExtn techs'!O$4:O$457,'LifeExtn techs'!$C$4:$C$457,"EFF",'LifeExtn techs'!$D$4:$D$457,'Tech availbility'!$C11) -> 0 | F11: =SUMIFS('LifeExtn techs'!P$4:P$457,'LifeExtn techs'!$C$4:$C$457,"EFF",'LifeExtn techs'!$D$4:$D$457,'Tech availbility'!$C11) -> 0 | G11: =SUMIFS('LifeExtn techs'!Q$4:Q$457,'LifeExtn techs'!$C$4:$C$457,"EFF",'LifeExtn techs'!$D$4:$D$457,'Tech availbility'!$C11) -> 0.56103422 | H11: =SUMIFS('LifeExtn techs'!R$4:R$457,'LifeExtn techs'!$C$4:$C$457,"EFF",'LifeExtn techs'!$D$4:$D$457,'Tech availbility'!$C11) -> 0 | I11: =SUMIFS('LifeExtn techs'!S$4:S$457,'LifeExtn techs'!$C$4:$C$457,"EFF",'LifeExtn techs'!$D$4:$D$457,'Tech availbility'!$C11) -> 0 | J11: =SUMIFS('LifeExtn techs'!T$4:T$457,'LifeExtn techs'!$C$4:$C$457,"EFF",'LifeExtn techs'!$D$4:$D$457,'Tech availbility'!$C11) -> 0 | K11: =SUMIFS('LifeExtn techs'!U$4:U$457,'LifeExtn techs'!$C$4:$C$457,"EFF",'LifeExtn techs'!$D$4:$D$457,'Tech availbility'!$C11) -> 0.23760277 | L11: =SUMIFS('LifeExtn techs'!V$4:V$457,'LifeExtn techs'!$C$4:$C$457,"EFF",'LifeExtn techs'!$D$4:$D$457,'Tech availbility'!$C11) -> 0
C12: ECSTMRLUR_LE | D12: =SUMIFS('LifeExtn techs'!N$4:N$457,'LifeExtn techs'!$C$4:$C$457,"EFF",'LifeExtn techs'!$D$4:$D$457,'Tech availbility'!$C12) -> 0 | E12: =SUMIFS('LifeExtn techs'!O$4:O$457,'LifeExtn techs'!$C$4:$C$457,"EFF",'LifeExtn techs'!$D$4:$D$457,'Tech availbility'!$C12) -> 0 | F12: =SUMIFS('LifeExtn techs'!P$4:P$457,'LifeExtn techs'!$C$4:$C$457,"EFF",'LifeExtn techs'!$D$4:$D$457,'Tech availbility'!$C12) -> 0 | G12: =SUMIFS('LifeExtn techs'!Q$4:Q$457,'LifeExtn techs'!$C$4:$C$457,"EFF",'LifeExtn techs'!$D$4:$D$457,'Tech availbility'!$C12) -> 0 | H12: =SUMIFS('LifeExtn techs'!R$4:R$457,'LifeExtn techs'!$C$4:$C$457,"EFF",'LifeExtn techs'!$D$4:$D$457,'Tech availbility'!$C12) -> 0 | I12: =SUMIFS('LifeExtn techs'!S$4:S$457,'LifeExtn techs'!$C$4:$C$457,"EFF",'LifeExtn techs'!$D$4:$D$457,'Tech availbility'!$C12) -> 0 | J12: =SUMIFS('LifeExtn techs'!T$4:T$457,'LifeExtn techs'!$C$4:$C$457,"EFF",'LifeExtn techs'!$D$4:$D$457,'Tech availbility'!$C12) -> 0 | K12: =SUMIFS('LifeExtn techs'!U$4:U$457,'LifeExtn techs'!$C$4:$C$457,"EFF",'LifeExtn techs'!$D$4:$D$457,'Tech availbility'!$C12) -> 0 | L12: =SUMIFS('LifeExtn techs'!V$4:V$457,'LifeExtn techs'!$C$4:$C$457,"EFF",'LifeExtn techs'!$D$4:$D$457,'Tech availbility'!$C12) -> 0
C13: ECSTMRSOO_LE | D13: =SUMIFS('LifeExtn techs'!N$4:N$457,'LifeExtn techs'!$C$4:$C$457,"EFF",'LifeExtn techs'!$D$4:$D$457,'Tech availbility'!$C13) -> 0.32382655 | E13: =SUMIFS('LifeExtn techs'!O$4:O$457,'LifeExtn techs'!$C$4:$C$457,"EFF",'LifeExtn techs'!$D$4:$D$457,'Tech availbility'!$C13) -> 1.2788807 | F13: =SUMIFS('LifeExtn techs'!P$4:P$457,'LifeExtn techs'!$C$4:$C$457,"EFF",'LifeExtn techs'!$D$4:$D$457,'Tech availbility'!$C13) -> 7.9033906 | G13: =SUMIFS('LifeExtn techs'!Q$4:Q$457,'LifeExtn techs'!$C$4:$C$457,"EFF",'LifeExtn techs'!$D$4:$D$457,'Tech availbility'!$C13) -> 8.2705754 | H13: =SUMIFS('LifeExtn techs'!R$4:R$457,'LifeExtn techs'!$C$4:$C$457,"EFF",'LifeExtn techs'!$D$4:$D$457,'Tech availbility'!$C13) -> 0 | I13: =SUMIFS('LifeExtn techs'!S$4:S$457,'LifeExtn techs'!$C$4:$C$457,"EFF",'LifeExtn techs'!$D$4:$D$457,'Tech availbility'!$C13) -> 2.1483704 | J13: =SUMIFS('LifeExtn techs'!T$4:T$457,'LifeExtn techs'!$C$4:$C$457,"EFF",'LifeExtn techs'!$D$4:$D$457,'Tech availbility'!$C13) -> 2.1645669 | K13: =SUMIFS('LifeExtn techs'!U$4:U$457,'LifeExtn techs'!$C$4:$C$457,"EFF",'LifeExtn techs'!$D$4:$D$457,'Tech availbility'!$C13) -> 1.4660343 | L13: =SUMIFS('LifeExtn techs'!V$4:V$457,'LifeExtn techs'!$C$4:$C$457,"EFF",'LifeExtn techs'!$D$4:$D$457,'Tech availbility'!$C13) -> 0
C14: ECSTMRSOR_LE | D14: =SUMIFS('LifeExtn techs'!N$4:N$457,'LifeExtn techs'!$C$4:$C$457,"EFF",'LifeExtn techs'!$D$4:$D$457,'Tech availbility'!$C14) -> 0 | E14: =SUMIFS('LifeExtn techs'!O$4:O$457,'LifeExtn techs'!$C$4:$C$457,"EFF",'LifeExtn techs'!$D$4:$D$457,'Tech availbility'!$C14) -> 0 | F14: =SUMIFS('LifeExtn techs'!P$4:P$457,'LifeExtn techs'!$C$4:$C$457,"EFF",'LifeExtn techs'!$D$4:$D$457,'Tech availbility'!$C14) -> 4.3297408 | G14: =SUMIFS('LifeExtn techs'!Q$4:Q$457,'LifeExtn techs'!$C$4:$C$457,"EFF",'LifeExtn techs'!$D$4:$D$457,'Tech availbility'!$C14) -> 4.4724926 | H14: =SUMIFS('LifeExtn techs'!R$4:R$457,'LifeExtn techs'!$C$4:$C$457,"EFF",'LifeExtn techs'!$D$4:$D$457,'Tech availbility'!$C14) -> 1.2603662 | I14: =SUMIFS('LifeExtn techs'!S$4:S$457,'LifeExtn techs'!$C$4:$C$457,"EFF",'LifeExtn techs'!$D$4:$D$457,'Tech availbility'!$C14) -> 1.2849865 | J14: =SUMIFS('LifeExtn techs'!T$4:T$457,'LifeExtn techs'!$C$4:$C$457,"EFF",'LifeExtn techs'!$D$4:$D$457,'Tech availbility'!$C14) -> 3.4276423 | K14: =SUMIFS('LifeExtn techs'!U$4:U$457,'LifeExtn techs'!$C$4:$C$457,"EFF",'LifeExtn techs'!$D$4:$D$457,'Tech availbility'!$C14) -> 6.9036929 | L14: =SUMIFS('LifeExtn techs'!V$4:V$457,'LifeExtn techs'!$C$4:$C$457,"EFF",'LifeExtn techs'!$D$4:$D$457,'Tech availbility'!$C14) -> 0.87902541
C15: ECSTMRSUO_LE | D15: =SUMIFS('LifeExtn techs'!N$4:N$457,'LifeExtn techs'!$C$4:$C$457,"EFF",'LifeExtn techs'!$D$4:$D$457,'Tech availbility'!$C15) -> 0 | E15: =SUMIFS('LifeExtn techs'!O$4:O$457,'LifeExtn techs'!$C$4:$C$457,"EFF",'LifeExtn techs'!$D$4:$D$457,'Tech availbility'!$C15) -> 0.61459603 | F15: =SUMIFS('LifeExtn techs'!P$4:P$457,'LifeExtn techs'!$C$4:$C$457,"EFF",'LifeExtn techs'!$D$4:$D$457,'Tech availbility'!$C15) -> 3.5150676 | G15: =SUMIFS('LifeExtn techs'!Q$4:Q$457,'LifeExtn techs'!$C$4:$C$457,"EFF",'LifeExtn techs'!$D$4:$D$457,'Tech availbility'!$C15) -> 5.712825 | H15: =SUMIFS('LifeExtn techs'!R$4:R$457,'LifeExtn techs'!$C$4:$C$457,"EFF",'LifeExtn techs'!$D$4:$D$457,'Tech availbility'!$C15) -> 0 | I15: =SUMIFS('LifeExtn techs'!S$4:S$457,'LifeExtn techs'!$C$4:$C$457,"EFF",'LifeExtn techs'!$D$4:$D$457,'Tech availbility'!$C15) -> 0 | J15: =SUMIFS('LifeExtn techs'!T$4:T$457,'LifeExtn techs'!$C$4:$C$457,"EFF",'LifeExtn techs'!$D$4:$D$457,'Tech availbility'!$C15) -> 0 | K15: =SUMIFS('LifeExtn techs'!U$4:U$457,'LifeExtn techs'!$C$4:$C$457,"EFF",'LifeExtn techs'!$D$4:$D$457,'Tech availbility'!$C15) -> 0 | L15: =SUMIFS('LifeExtn techs'!V$4:V$457,'LifeExtn techs'!$C$4:$C$457,"EFF",'LifeExtn techs'!$D$4:$D$457,'Tech availbility'!$C15) -> 0
C16: ECSTMRSUR_LE | D16: =SUMIFS('LifeExtn techs'!N$4:N$457,'LifeExtn techs'!$C$4:$C$457,"EFF",'LifeExtn techs'!$D$4:$D$457,'Tech availbility'!$C16) -> 0 | E16: =SUMIFS('LifeExtn techs'!O$4:O$457,'LifeExtn techs'!$C$4:$C$457,"EFF",'LifeExtn techs'!$D$4:$D$457,'Tech availbility'!$C16) -> 0 | F16: =SUMIFS('LifeExtn techs'!P$4:P$457,'LifeExtn techs'!$C$4:$C$457,"EFF",'LifeExtn techs'!$D$4:$D$457,'Tech availbility'!$C16) -> 0 | G16: =SUMIFS('LifeExtn techs'!Q$4:Q$457,'LifeExtn techs'!$C$4:$C$457,"EFF",'LifeExtn techs'!$D$4:$D$457,'Tech availbility'!$C16) -> 3.2936624 | H16: =SUMIFS('LifeExtn techs'!R$4:R$457,'LifeExtn techs'!$C$4:$C$457,"EFF",'LifeExtn techs'!$D$4:$D$457,'Tech availbility'!$C16) -> 0 | I16: =SUMIFS('LifeExtn techs'!S$4:S$457,'LifeExtn techs'!$C$4:$C$457,"EFF",'LifeExtn techs'!$D$4:$D$457,'Tech availbility'!$C16) -> 0 | J16: =SUMIFS('LifeExtn techs'!T$4:T$457,'LifeExtn techs'!$C$4:$C$457,"EFF",'LifeExtn techs'!$D$4:$D$457,'Tech availbility'!$C16) -> 0 | K16: =SUMIFS('LifeExtn techs'!U$4:U$457,'LifeExtn techs'!$C$4:$C$457,"EFF",'LifeExtn techs'!$D$4:$D$457,'Tech availbility'!$C16) -> 1.810831 | L16: =SUMIFS('LifeExtn techs'!V$4:V$457,'LifeExtn techs'!$C$4:$C$457,"EFF",'LifeExtn techs'!$D$4:$D$457,'Tech availbility'!$C16) -> 0
