Workbook

Sheet INS
A1: Trans - Insert
B2: ~TFM_INS
B3: TimeSlice | C3: LimType | D3: Attribute | E3: Year | F3: Attrib_Cond | G3: Val_Cond | H3: AllRegions | I3: R0 | J3: R1 | K3: R2 | L3: R3 | M3: R4 | N3: R5 | O3: R6 | P3: R7 | Q3: R8 | R3: R9 | S3: Pset_Set | T3: Pset_PN | U3: Pset_PD | V3: Pset_CI | W3: Pset_CO | X3: Cset_Set | Y3: Cset_CN | Z3: Cset_CD
D4: STOCK | E4: 2010 | K4: =NGCap!B3*NGCap!$O$3*NGCap!$O$5*10^9*1.2 -> 1035.4936 | T4: Trd_NGA_R2-R1-Existing
D5: STOCK | E5: 2010 | L5: =NGCap!B6*NGCap!$O$3*NGCap!$O$5*10^9*1.2 -> 818.64554 | T5: Trd_NGA_R3-R2-Existing
D6: STOCK | E6: 2010 | L6: =NGCap!B8*NGCap!$O$3*NGCap!$O$5*10^9*1.2 -> 988.11155 | T6: Trd_NGA_R3-R5-Existing
D7: STOCK | E7: 2010 | M7: =NGCap!B10*NGCap!$O$3*NGCap!$O$5*10^9*1.2 -> 4770.2793 | T7: Trd_NGA_R4-R3-Existing
D8: STOCK | E8: 2010 | N8: =NGCap!B12*NGCap!$O$3*NGCap!$O$5*10^9*1.2 -> 2235.5148 | T8: Trd_NGA_R5-R2-Existing
D9: STOCK | E9: 2010 | O9: =NGCap!B14*NGCap!$O$3*NGCap!$O$5*10^9*1.2 -> 2370.5098 | T9: Trd_NGA_R6-R3-Existing
D10: STOCK | E10: 2010 | O10: =NGCap!B15*NGCap!$O$3*NGCap!$O$5*10^9*1.2 -> 4330.2068 | T10: Trd_NGA_R6-R5-Existing
D11: STOCK | E11: 2010 | P11: =NGCap!B17*NGCap!$O$3*NGCap!$O$5*10^9*1.2 -> 1902.0346 | T11: Trd_NGA_R7-R4-Existing
D12: STOCK | E12: 2010 | P12: =NGCap!B18*NGCap!$O$3*NGCap!$O$5*10^9*1.2 -> 8357.7351 | T12: Trd_NGA_R7-R6-Existing
D13: STOCK | E13: 2010 | Q13: =NGCap!B19*NGCap!$O$3*NGCap!$O$5*10^9*1.2 -> 3121.6761 | T13: Trd_NGA_R8-R4-Existing
D14: STOCK | E14: 2010 | Q14: =NGCap!B20*NGCap!$O$3*NGCap!$O$5*10^9*1.2 -> 505.32407 | T14: Trd_NGA_R8-R7-Existing
D15: STOCK | E15: 2010 | Q15: =NGCap!B21*NGCap!$O$3*NGCap!$O$5*10^9*1.2 -> 2258.4386 | T15: Trd_NGA_R8-R9-Existing
D16: STOCK | E16: 2055 | K16: =K4 -> 1035.4936 | T16: Trd_NGA_R2-R1-Existing
D17: STOCK | E17: 2055 | L17: 0 | T17: Trd_NGA_R3-R2-Existing
D18: STOCK | E18: 2055 | L18: 0 | T18: Trd_NGA_R3-R5-Existing
D19: STOCK | E19: 2055 | M19: =M7 -> 4770.2793 | T19: Trd_NGA_R4-R3-Existing
D20: STOCK | E20: 2055 | N20: 0 | T20: Trd_NGA_R5-R2-Existing
D21: STOCK | E21: 2055 | O21: =O9 -> 2370.5098 | T21: Trd_NGA_R6-R3-Existing
D22: STOCK | E22: 2055 | O22: =O10 -> 4330.2068 | T22: Trd_NGA_R6-R5-Existing
D23: STOCK | E23: 2055 | P23: =P11 -> 1902.0346 | T23: Trd_NGA_R7-R4-Existing
D24: STOCK | E24: 2055 | P24: =P12 -> 8357.7351 | T24: Trd_NGA_R7-R6-Existing
D25: STOCK | E25: 2055 | Q25: =Q13 -> 3121.6761 | T25: Trd_NGA_R8-R4-Existing
D26: STOCK | E26: 2055 | Q26: =Q14 -> 505.32407 | T26: Trd_NGA_R8-R7-Existing
D27: STOCK | E27: 2055 | Q27: =Q15 -> 2258.4386 | T27: Trd_NGA_R8-R9-Existing
D28: STOCK | E28: 0 | K28: 5 | T28: Trd_NGA_R2-R1-Existing
D29: STOCK | E29: 0 | L29: 5 | T29: Trd_NGA_R3-R2-Existing
D30: STOCK | E30: 0 | L30: 5 | T30: Trd_NGA_R3-R5-Existing
D31: STOCK | E31: 0 | M31: 5 | T31: Trd_NGA_R4-R3-Existing
D32: STOCK | E32: 0 | N32: 5 | T32: Trd_NGA_R5-R2-Existing
D33: STOCK | E33: 0 | O33: 5 | T33: Trd_NGA_R6-R3-Existing
D34: STOCK | E34: 0 | O34: 5 | T34: Trd_NGA_R6-R5-Existing
D35: STOCK | E35: 0 | P35: 5 | T35: Trd_NGA_R7-R4-Existing
D36: STOCK | E36: 0 | P36: 5 | T36: Trd_NGA_R7-R6-Existing
D37: STOCK | E37: 0 | Q37: 5 | T37: Trd_NGA_R8-R4-Existing
D38: STOCK | E38: 0 | Q38: 5 | T38: Trd_NGA_R8-R7-Existing
D39: STOCK | E39: 0 | Q39: 5 | T39: Trd_NGA_R8-R9-Existing
D40: NCAP_BND | K40: 0 | T40: Trd_NGA_R2-R1-Existing
D41: NCAP_BND | L41: 0 | T41: Trd_NGA_R3-R2-Existing
D42: NCAP_BND | L42: 0 | T42: Trd_NGA_R3-R5-Existing
D43: NCAP_BND | M43: 0 | T43: Trd_NGA_R4-R3-Existing
D44: NCAP_BND | N44: 0 | T44: Trd_NGA_R5-R2-Existing
D45: NCAP_BND | O45: 0 | T45: Trd_NGA_R6-R3-Existing
D46: NCAP_BND | O46: 0 | T46: Trd_NGA_R6-R5-Existing
D47: NCAP_BND | P47: 0 | T47: Trd_NGA_R7-R4-Existing
D48: NCAP_BND | P48: 0 | T48: Trd_NGA_R7-R6-Existing
D49: NCAP_BND | Q49: 0 | T49: Trd_NGA_R8-R4-Existing
D50: NCAP_BND | Q50: 0 | T50: Trd_NGA_R8-R7-Existing
D51: NCAP_BND | Q51: 0 | T51: Trd_NGA_R8-R9-Existing
D52: NCAP_BND | E52: 0 | K52: 5 | T52: Trd_NGA_R2-R1-Existing
D53: NCAP_BND | E53: 0 | L53: 5 | T53: Trd_NGA_R3-R2-Existing
D54: NCAP_BND | E54: 0 | L54: 5 | T54: Trd_NGA_R3-R5-Existing
D55: NCAP_BND | E55: 0 | M55: 5 | T55: Trd_NGA_R4-R3-Existing
D56: NCAP_BND | E56: 0 | N56: 5 | T56: Trd_NGA_R5-R2-Existing
D57: NCAP_BND | E57: 0 | O57: 5 | T57: Trd_NGA_R6-R3-Existing
D58: NCAP_BND | E58: 0 | O58: 5 | T58: Trd_NGA_R6-R5-Existing
D59: NCAP_BND | E59: 0 | P59: 5 | T59: Trd_NGA_R7-R4-Existing
D60: NCAP_BND | E60: 0 | P60: 5 | T60: Trd_NGA_R7-R6-Existing
D61: NCAP_BND | E61: 0 | Q61: 5 | T61: Trd_NGA_R8-R4-Existing
D62: NCAP_BND | E62: 0 | Q62: 5 | T62: Trd_NGA_R8-R7-Existing
D63: NCAP_BND | E63: 0 | Q63: 5 | T63: Trd_NGA_R8-R9-Existing
D64: NCAP_COST | E64: 2011 | K64: 500 | T64: Trd_NGA_R2-R1-New
D65: NCAP_COST | E65: 2011 | L65: 9999 | T65: Trd_NGA_R3-R2-New
D66: NCAP_COST | E66: 2011 | L66: 9999 | T66: Trd_NGA_R3-R5-New
D67: NCAP_COST | E67: 2011 | M67: 500 | T67: Trd_NGA_R4-R3-New
D68: NCAP_COST | E68: 2011 | N68: 9999 | T68: Trd_NGA_R5-R2-New
D69: NCAP_COST | E69: 2011 | O69: 500 | T69: Trd_NGA_R6-R3-New
D70: NCAP_COST | E70: 2011 | O70: 500 | T70: Trd_NGA_R6-R5-New
D71: NCAP_COST | E71: 2011 | P71: 500 | T71: Trd_NGA_R7-R4-New
D72: NCAP_COST | E72: 2011 | P72: 500 | T72: Trd_NGA_R7-R6-New
D73: NCAP_COST | E73: 2011 | Q73: 500 | T73: Trd_NGA_R8-R4-New
D74: NCAP_COST | E74: 2011 | Q74: 500 | T74: Trd_NGA_R8-R7-New
D75: NCAP_COST | E75: 2011 | Q75: 500 | T75: Trd_NGA_R8-R9-New
D76: STOCK | E76: 2015 | K76: 400 | T76: Trd_NGA_R2-R3-New
D77: STOCK | E77: 2015 | K77: 600 | T77: Trd_NGA_R2-R5-New
D78: STOCK | E78: 2015 | L78: 700 | T78: Trd_NGA_R3-R6-New
D79: STOCK | E79: 0 | K79: 5 | T79: Trd_NGA_R2-R3-New
D80: STOCK | E80: 0 | K80: 5 | T80: Trd_NGA_R2-R5-New
D81: STOCK | E81: 0 | L81: 5 | T81: Trd_NGA_R3-R6-New
D82: NCAP_COST | E82: 2011 | K82: 0.0001 | T82: Trd_NGA_R2-R3-New
D83: NCAP_COST | E83: 2011 | K83: 0.0001 | T83: Trd_NGA_R2-R5-New
D84: NCAP_COST | E84: 2011 | L84: 0.0001 | T84: Trd_NGA_R3-R4-New
D85: NCAP_COST | E85: 2011 | L85: 0.0001 | T85: Trd_NGA_R3-R6-New
D86: NCAP_COST | E86: 2011 | M86: 0.0001 | T86: Trd_NGA_R4-R7-New
D87: NCAP_COST | E87: 2011 | N87: 0.0001 | T87: Trd_NGA_R5-R6-New
D88: NCAP_COST | E88: 2011 | O88: 0.0001 | T88: Trd_NGA_R6-R7-New
D89: NCAP_COST | E89: 0 | K89: 5 | T89: Trd_NGA_R2-R1-New
D90: NCAP_COST | E90: 0 | L90: 5 | T90: Trd_NGA_R3-R2-New
D91: NCAP_COST | E91: 0 | L91: 5 | T91: Trd_NGA_R3-R5-New
D92: NCAP_COST | E92: 0 | M92: 5 | T92: Trd_NGA_R4-R3-New
D93: NCAP_COST | E93: 0 | N93: 5 | T93: Trd_NGA_R5-R2-New
D94: NCAP_COST | E94: 0 | O94: 5 | T94: Trd_NGA_R6-R3-New
D95: NCAP_COST | E95: 0 | O95: 5 | T95: Trd_NGA_R6-R5-New
D96: NCAP_COST | E96: 0 | P96: 5 | T96: Trd_NGA_R7-R4-New
D97: NCAP_COST | E97: 0 | P97: 5 | T97: Trd_NGA_R7-R6-New
D98: NCAP_COST | E98: 0 | Q98: 5 | T98: Trd_NGA_R8-R4-New
D99: NCAP_COST | E99: 0 | Q99: 5 | T99: Trd_NGA_R8-R7-New
D100: NCAP_COST | E100: 0 | Q100: 5 | T100: Trd_NGA_R8-R9-New
...

Sheet UPD
A1: Trans - Update
B2: ~TFM_UPD
B3: TimeSlice | C3: LimType | D3: Attribute | E3: Year | F3: Attrib_Cond | G3: Val_Cond | H3: AllRegions | I3: R0 | J3: R1 | K3: R2 | L3: R3 | M3: R4 | N3: R5 | O3: R6 | P3: R7 | Q3: R8 | R3: R9 | S3: Pset_Set | T3: Pset_PN | U3: Pset_PD | V3: Pset_CI | W3: Pset_CO | X3: Cset_Set | Y3: Cset_CN | Z3: Cset_CD

Sheet ELC data
G1: START | H1: LIFE | I1: INP(ENT)c | J1: OUT(ELC)_TID | K1: RESID | M1: IBOND(UP) | N1: INVCOST | O1: VAROM | P1: BOUND(UP)
B3: TechName | C3: TechDesc | D3: Units | E3: CommIN | F3: CommOUT | G3: TID | H3: TID | J3: TID | P3: 2005-2055
A4: * Domestic Trade Processes, Infastructure - Existing
A5: R2 | B5: XELCR1E | C5: Electricity Imports from R1 to R2 - Existing | D5: PJ, GW | E5: ELCR1 | F5: ELC | G5: 2005 | H5: 50 | I5: 1.11 | J5: 1 | K5: 1.425 | L5: =K5*31.536 -> 44.9388 | M5: 0 | O5: 1
A6: R1 | B6: XELCR2E | C6: Electricity Imports from R2 to R1 - Existing | D6: PJ, GW | E6: ELCR2 | F6: ELC | G6: 2005 | H6: 50 | I6: 1.11 | J6: 1 | K6: 1.6 | L6: =K6*31.536 -> 50.4576 | M6: 0 | O6: 1
A7: R3 | B7: XELCR2E | C7: Electricity Imports from R2 to R3 - Existing | D7: PJ, GW | E7: ELCR2 | F7: ELC | G7: 2005 | H7: 50 | I7: 1.11 | J7: 1 | K7: 3.546 | L7: =K7*31.536 -> 111.82666 | M7: 0 | O7: 1
A8: R5 | B8: XELCR2E | C8: Electricity Imports from R2 to R5 - Existing | D8: PJ, GW | E8: ELCR2 | F8: ELC | G8: 2005 | H8: 50 | I8: 1 | J8: 1 | K8: 2.4 | L8: =K8*31.536 -> 75.6864 | M8: 0 | O8: 1
A9: R2 | B9: XELCR3E | C9: Electricity Imports from R3 to R2 - Existing | D9: PJ, GW | E9: ELCR3 | F9: ELC | G9: 2005 | H9: 50 | I9: 1.11 | J9: 1 | K9: 4.706 | L9: =K9*31.536 -> 148.40842 | M9: 0 | O9: 1
A10: R4 | B10: XELCR3E | C10: Electricity Imports from R3 to R4 - Existing | D10: PJ, GW | E10: ELCR3 | F10: ELC | G10: 2005 | H10: 50 | I10: 1.11 | J10: 1 | K10: 2.915 | L10: =K10*31.536 -> 91.92744 | M10: 0 | O10: 1
A11: R5 | B11: XELCR3E | C11: Electricity Imports from R3 to R5 - Existing | D11: PJ, GW | E11: ELCR3 | F11: ELC | G11: 2005 | H11: 50 | I11: 1.11 | J11: 1 | K11: 4.428 | L11: =K11*31.536 -> 139.64141 | M11: 0 | O11: 1
A12: R6 | B12: XELCR3E | C12: Electricity Imports from R3 to R6 - Existing | D12: PJ, GW | E12: ELCR3 | F12: ELC | G12: 2005 | H12: 50 | I12: 1 | J12: 1 | K12: 1.425 | L12: =K12*31.536 -> 44.9388 | M12: 0 | O12: 1
A13: R7 | B13: XELCR3E | C13: Electricity Imports from R3 to R7 - Existing | D13: PJ, GW | E13: ELCR3 | F13: ELC | G13: 2005 | H13: 50 | I13: 1 | J13: 1 | K13: 1.53 | L13: =K13*31.536 -> 48.25008 | M13: 0 | O13: 1
A14: R3 | B14: XELCR4E | C14: Electricity Imports from R4 to R3 - Existing | D14: PJ, GW | E14: ELCR4 | F14: ELC | G14: 2005 | H14: 50 | I14: 1.11 | J14: 1 | K14: 1.748 | L14: =K14*31.536 -> 55.124928 | M14: 0 | O14: 1
A15: R6 | B15: XELCR4E | C15: Electricity Imports from R4 to R6 - Existing | D15: PJ, GW | E15: ELCR4 | F15: ELC | G15: 2005 | H15: 50 | I15: 1.11 | J15: 1 | K15: 2.428 | L15: =K15*31.536 -> 76.569408 | M15: 0 | O15: 1
A16: R7 | B16: XELCR4E | C16: Electricity Imports from R4 to R7 - Existing | D16: PJ, GW | E16: ELCR4 | F16: ELC | G16: 2005 | H16: 50 | I16: 1.11 | J16: 1 | K16: 3.843 | L16: =K16*31.536 -> 121.19285 | M16: 0 | O16: 1
... A32: R8 | B32: XELCR9E | C32: Electricity Imports from R9 to R8 - Existing | D32: PJ, GW | E32: ELCR9 | F32: ELC | G32: 2005 | H32: 50 | I32: 1.11 | J32: 1 | K32: 12.247 | L32: =K32*31.536 -> 386.22139 | M32: 0 | O32: 1
A34: * Domestic Trade Processes, Infastructure - New
A35: *** R1
A36: R2 | B36: XELCR1N | C36: Electricity Imports from R1 to R2 - New | D36: PJ, GW | E36: ELCR1 | F36: ELC | G36: 2005 | H36: 50 | I36: 1.11 | J36: 1 | N36: 500 | O36: 1 | P36: 10 | Q36: =P36*31.536 -> 315.36
A37: R1 | B37: XELCR2N | C37: Electricity Imports from R2 to R1 - New | D37: PJ, GW | E37: ELCR2 | F37: ELC | G37: 2005 | H37: 50 | I37: 1.11 | J37: 1 | N37: 500 | O37: 1 | Q37: =P37*31.536 -> 0
A38: R3 | B38: XELCR2N | C38: Electricity Imports from R2 to R3 - New | D38: PJ, GW | E38: ELCR2 | F38: ELC | G38: 2005 | H38: 50 | I38: 1.11 | J38: 1 | N38: 500 | O38: 1 | P38: 10 | Q38: =P38*31.536 -> 315.36
A39: R5 | B39: XELCR2N | C39: Electricity Imports from R2 to R5 - New | D39: PJ, GW | E39: ELCR2 | F39: ELC | G39: 2005 | H39: 50 | I39: 1 | J39: 1 | N39: 999 | O39: 1 | Q39: =P39*31.536 -> 0
A40: R2 | B40: XELCR3N | C40: Electricity Imports from R3 to R2 - New | D40: PJ, GW | E40: ELCR3 | F40: ELC | G40: 2005 | H40: 50 | I40: 1.11 | J40: 1 | N40: 500 | O40: 1 | P40: 10 | Q40: =P40*31.536 -> 315.36
A41: R4 | B41: XELCR3N | C41: Electricity Imports from R3 to R4 - New | D41: PJ, GW | E41: ELCR3 | F41: ELC | G41: 2005 | H41: 50 | I41: 1.11 | J41: 1 | N41: 500 | O41: 1 | P41: 10 | Q41: =P41*31.536 -> 315.36
A42: R5 | B42: XELCR3N | C42: Electricity Imports from R3 to R5 - New | D42: PJ, GW | E42: ELCR3 | F42: ELC | G42: 2005 | H42: 50 | I42: 1.11 | J42: 1 | N42: 500 | O42: 1 | P42: 10 | Q42: =P42*31.536 -> 315.36
A43: R6 | B43: XELCR3N | C43: Electricity Imports from R3 to R6 - New | D43: PJ, GW | E43: ELCR3 | F43: ELC | G43: 2005 | H43: 50 | I43: 1 | J43: 1 | N43: 999 | O43: 1 | Q43: =P43*31.536 -> 0
A44: R7 | B44: XELCR3N | C44: Electricity Imports from R3 to R7 - New | D44: PJ, GW | E44: ELCR3 | F44: ELC | G44: 2005 | H44: 50 | I44: 1 | J44: 1 | N44: 999 | O44: 1 | Q44: =P44*31.536 -> 0
A45: R3 | B45: XELCR4N | C45: Electricity Imports from R4 to R3 - New | D45: PJ, GW | E45: ELCR4 | F45: ELC | G45: 2005 | H45: 50 | I45: 1.11 | J45: 1 | N45: 500 | O45: 1 | P45: 10 | Q45: =P45*31.536 -> 315.36
A46: R6 | B46: XELCR4N | C46: Electricity Imports from R4 to R6 - New | D46: PJ, GW | E46: ELCR4 | F46: ELC | G46: 2005 | H46: 50 | I46: 1.11 | J46: 1 | N46: 500 | O46: 1 | P46: 10 | Q46: =P46*31.536 -> 315.36
A47: R7 | B47: XELCR4N | C47: Electricity Imports from R4 to R7 - New | D47: PJ, GW | E47: ELCR4 | F47: ELC | G47: 2005 | H47: 50 | I47: 1.11 | J47: 1 | N47: 500 | O47: 1 | P47: 10 | Q47: =P47*31.536 -> 315.36
A48: R8 | B48: XELCR4N | C48: Electricity Imports from R4 to R8 - New | D48: PJ, GW | E48: ELCR4 | F48: ELC | G48: 2005 | H48: 50 | I48: 1 | J48: 1 | N48: 999 | O48: 1 | Q48: =P48*31.536 -> 0
A49: R2 | B49: XELCR5N | C49: Electricity Imports from R5 to R2 - New | D49: PJ, GW | E49: ELCR5 | F49: ELC | G49: 2005 | H49: 50 | I49: 1 | J49: 1 | N49: 999 | O49: 1 | Q49: =P49*31.536 -> 0
A50: R3 | B50: XELCR5N | C50: Electricity Imports from R5 to R3 - New | D50: PJ, GW | E50: ELCR5 | F50: ELC | G50: 2005 | H50: 50 | I50: 1.11 | J50: 1 | N50: 500 | O50: 1 | P50: 10 | Q50: =P50*31.536 -> 315.36
A51: R6 | B51: XELCR5N | C51: Electricity Imports from R5 to R6 - New | D51: PJ, GW | E51: ELCR5 | F51: ELC | G51: 2005 | H51: 50 | I51: 1.11 | J51: 1 | N51: 500 | O51: 1 | P51: 10 | Q51: =P51*31.536 -> 315.36
A52: R3 | B52: XELCR6N | C52: Electricity Imports from R6 to R3 - New | D52: PJ, GW | E52: ELCR6 | F52: ELC | G52: 2005 | H52: 50 | I52: 1 | J52: 1 | N52: 999 | O52: 1 | Q52: =P52*31.536 -> 0
A53: R4 | B53: XELCR6N | C53: Electricity Imports from R6 to R4 - New | D53: PJ, GW | E53: ELCR6 | F53: ELC | G53: 2005 | H53: 50 | I53: 1.11 | J53: 1 | N53: 500 | O53: 1 | P53: 10 | Q53: =P53*31.536 -> 315.36
A54: R5 | B54: XELCR6N | C54: Electricity Imports from R6 to R5 - New | D54: PJ, GW | E54: ELCR6 | F54: ELC | G54: 2005 | H54: 50 | I54: 1.11 | J54: 1 | N54: 500 | O54: 1 | P54: 10 | Q54: =P54*31.536 -> 315.36
A55: R7 | B55: XELCR6N | C55: Electricity Imports from R6 to R7 - New | D55: PJ, GW | E55: ELCR6 | F55: ELC | G55: 2005 | H55: 50 | I55: 1.11 | J55: 1 | N55: 500 | O55: 1 | P55: 10 | Q55: =P55*31.536 -> 315.36
A56: R3 | B56: XELCR7N | C56: Electricity Imports from R7 to R3 - New | D56: PJ, GW | E56: ELCR7 | F56: ELC | G56: 2005 | H56: 50 | I56: 1 | J56: 1 | N56: 999 | O56: 1 | Q56: =P56*31.536 -> 0
A57: R4 | B57: XELCR7N | C57: Electricity Imports from R7 to R4 - New | D57: PJ, GW | E57: ELCR7 | F57: ELC | G57: 2005 | H57: 50 | I57: 1.11 | J57: 1 | N57: 500 | O57: 1 | P57: 10 | Q57: =P57*31.536 -> 315.36
A58: R6 | B58: XELCR7N | C58: Electricity Imports from R7 to R6 - New | D58: PJ, GW | E58: ELCR7 | F58: ELC | G58: 2005 | H58: 50 | I58: 1.11 | J58: 1 | N58: 500 | O58: 1 | P58: 10 | Q58: =P58*31.536 -> 315.36
A59: R8 | B59: XELCR7N | C59: Electricity Imports from R7 to R8 - New | D59: PJ, GW | E59: ELCR7 | F59: ELC | G59: 2005 | H59: 50 | I59: 1.11 | J59: 1 | N59: 500 | O59: 1 | P59: 10 | Q59: =P59*31.536 -> 315.36
A60: R4 | B60: XELCR8N | C60: Electricity Imports from R8 to R4 - New | D60: PJ, GW | E60: ELCR8 | F60: ELC | G60: 2005 | H60: 50 | I60: 1 | J60: 1 | N60: 999 | O60: 1 | Q60: =P60*31.536 -> 0
A61: R7 | B61: XELCR8N | C61: Electricity Imports from R8 to R7 - New | D61: PJ, GW | E61: ELCR8 | F61: ELC | G61: 2005 | H61: 50 | I61: 1.11 | J61: 1 | N61: 500 | O61: 1 | P61: 10 | Q61: =P61*31.536 -> 315.36
A62: R8 | B62: XELCR9N | C62: Electricity Imports from R9 to R8 - New | D62: PJ, GW | E62: ELCR9 | F62: ELC | G62: 2005 | H62: 50 | I62: 1.11 | J62: 1 | N62: 500 | O62: 1 | P62: 10 | Q62: =P62*31.536 -> 315.36
A63: R9 | B63: XELCR8N | C63: Electricity Imports from R8 to R9 - New | D63: PJ, GW | E63: ELCR8 | F63: ELC | G63: 2005 | H63: 50 | I63: 1.11 | J63: 1 | N63: 500 | O63: 1 | P63: 10 | Q63: =P63*31.536 -> 315.36
G66: START | H66: LIFE | I66: INP(ENT)c | J66: OUT(ELC)_TID | K66: RESID | M66: IBOND(UP) | N66: INVCOST
B68: TechName | C68: TechDesc | D68: Units | E68: CommIN | F68: CommOUT | G68: TID | H68: TID | J68: TID
A69: * International Trade Processes, Infrastructure - Existing
A70: R9 | B70: XELCMXE | C70: Electricity Imports from R0 (Mexico) to R9 | D70: PJ,GW | E70: ELCMX | F70: ELC | G70: 2005 | H70: 50 | I70: 1 | J70: 1 | K70: 0.408 | L70: =K70*31.536 -> 12.866688 | M70: 0
A71: R9 | B71: XELCBCE | C71: Electricity Imports from R0 (British Columbia) to R9 | D71: PJ,GW | E71: ELCBC | F71: ELC | G71: 2005 | H71: 50 | I71: 1 | J71: 1 | K71: 2 | L71: =K71*31.536 -> 63.072 | M71: 0
A72: R4 | B72: XELCMAE | C72: Electricity Imports from R0 (Manitoba) to R4 | D72: PJ,GW | E72: ELCMA | F72: ELC | G72: 2005 | H72: 50 | I72: 1 | J72: 1 | K72: 0.65 | L72: =K72*31.536 -> 20.4984 | M72: 0
A73: R2 | B73: XELCONE | C73: Electricity Imports from R0 (Ontario) to R2 | D73: PJ,GW | E73: ELCON | F73: ELC | G73: 2005 | H73: 50 | I73: 1 | J73: 1 | K73: 1.95 | L73: =K73*31.536 -> 61.4952 | M73: 0
A74: R3 | B74: XELCONE | C74: Electricity Imports from R0 (Ontario) to R3 | D74: PJ,GW | E74: ELCON | F74: ELC | G74: 2005 | H74: 50 | I74: 1 | J74: 1 | K74: 2 | L74: =K74*31.536 -> 63.072 | M74: 0
A75: R4 | B75: XELCONE | C75: Electricity Imports from R0 (Ontario) to R4 | D75: PJ,GW | E75: ELCON | F75: ELC | G75: 2005 | H75: 50 | I75: 1 | J75: 1 | K75: 0.1 | L75: =K75*31.536 -> 3.1536 | M75: 0
A76: R1 | B76: XELCQUE | C76: Electricity Imports from R0 (Quebec) to R1 | D76: PJ,GW | E76: ELCQU | F76: ELC | G76: 2005 | H76: 50 | I76: 1 | J76: 1 | K76: 1.57 | L76: =K76*31.536 -> 49.51152 | M76: 0
A77: R2 | B77: XELCQUE | C77: Electricity Imports from R0 (Quebec) to R2 | D77: PJ,GW | E77: ELCQU | F77: ELC | G77: 2005 | H77: 50 | I77: 1 | J77: 1 | K77: 1.9 | L77: =K77*31.536 -> 59.9184 | M77: 0
A78: R1 | B78: XELCNBE | C78: Electricity Imports from R0 (New Brunswick) to R1 | D78: PJ,GW | E78: ELCNB | F78: ELC | G78: 2005 | H78: 50 | I78: 1 | J78: 1 | K78: 0.95 | L78: =K78*31.536 -> 29.9592 | M78: 0
A79: * International Trade Processes, Infrastructure - New
A80: R9 | B80: XELCMXN | C80: Electricity Imports from R0 (Mexico) to R9 | D80: PJ,GW | E80: ELCMX | F80: ELC | G80: 2005 | H80: 50 | I80: 1 | J80: 1 | N80: 999
A81: R9 | B81: XELCBCN | C81: Electricity Imports from R0 (British Columbia) to R9 | D81: PJ,GW | E81: ELCBC | F81: ELC | G81: 2005 | H81: 50 | I81: 1 | J81: 1 | N81: 999
A82: R4 | B82: XELCMAN | C82: Electricity Imports from R0 (Manitoba) to R4 | D82: PJ,GW | E82: ELCMA | F82: ELC | G82: 2005 | H82: 50 | I82: 1 | J82: 1 | N82: 999
A83: R2 | B83: XELCONN | C83: Electricity Imports from R0 (Ontario) to R2 | D83: PJ,GW | E83: ELCON | F83: ELC | G83: 2005 | H83: 50 | I83: 1 | J83: 1 | N83: 999
A84: R3 | B84: XELCONN | C84: Electricity Imports from R0 (Ontario) to R3 | D84: PJ,GW | E84: ELCON | F84: ELC | G84: 2005 | H84: 50 | I84: 1 | J84: 1 | N84: 999
A85: R4 | B85: XELCONN | C85: Electricity Imports from R0 (Ontario) to R4 | D85: PJ,GW | E85: ELCON | F85: ELC | G85: 2005 | H85: 50 | I85: 1 | J85: 1 | N85: 999
A86: R1 | B86: XELCQUN | C86: Electricity Imports from R0 (Quebec) to R1 | D86: PJ,GW | E86: ELCQU | F86: ELC | G86: 2005 | H86: 50 | I86: 1 | J86: 1 | N86: 999
A87: R2 | B87: XELCQUN | C87: Electricity Imports from R0 (Quebec) to R2 | D87: PJ,GW | E87: ELCQU | F87: ELC | G87: 2005 | H87: 50 | I87: 1 | J87: 1 | N87: 999
A88: R1 | B88: XELCNBN | C88: Electricity Imports from R0 (New Brunswick) to R1 | D88: PJ,GW | E88: ELCNB | F88: ELC | G88: 2005 | H88: 50 | I88: 1 | J88: 1 | N88: 999

Sheet NGCap
A1: Trade Links
B2: 2010 Capacity (billion cubic feet per year) | C2: 2011 | D2: 2015 | E2: 2020 | F2: 2025 | G2: 2030 | H2: 2035 | I2: 2040 | J2: 2045 | K2: 2050 | L2: 2050-2010
A3: R2 to R1 | B3: =SUMIFS(C$39:C$92,$A$39:$A$92,$A3) -> 803.2879 | C3: =SUMIFS(D$39:D$92,$A$39:$A$92,$A3) -> 890.94684 | D3: =SUMIFS(E$39:E$92,$A$39:$A$92,$A3) -> 870.14172 | E3: =SUMIFS(F$39:F$92,$A$39:$A$92,$A3) -> 719.4339 | F3: =SUMIFS(G$39:G$92,$A$39:$A$92,$A3) -> 735.6947 | G3: =SUMIFS(H$39:H$92,$A$39:$A$92,$A3) -> 767.86969 | H3: =SUMIFS(I$39:I$92,$A$39:$A$92,$A3) -> 783.24164 | I3: =SUMIFS(J$39:J$92,$A$39:$A$92,$A3) -> 809.85529 | ... K3: =SUMIFS(L$39:L$92,$A$39:$A$92,$A3) -> 882.5202 | L3: =K3-B3 -> 79.2323 | N3: MMBTU per cf (natural gas) | O3: 0.001022 | P3: (production)
A4: R2 to R3 | B4: =SUMIFS(C$39:C$92,$A$39:$A$92,$A4) -> 0 | C4: =SUMIFS(D$39:D$92,$A$39:$A$92,$A4) -> 0 | D4: =SUMIFS(E$39:E$92,$A$39:$A$92,$A4) -> 382.12701 | E4: =SUMIFS(F$39:F$92,$A$39:$A$92,$A4) -> 993.61163 | F4: =SUMIFS(G$39:G$92,$A$39:$A$92,$A4) -> 1859.999 | G4: =SUMIFS(H$39:H$92,$A$39:$A$92,$A4) -> 3636.8315 | H4: =SUMIFS(I$39:I$92,$A$39:$A$92,$A4) -> 4410.2061 | I4: =SUMIFS(J$39:J$92,$A$39:$A$92,$A4) -> 5226.0234 | ... K4: =SUMIFS(L$39:L$92,$A$39:$A$92,$A4) -> 7016.3174 | L4: =K4-B4 -> 7016.3174 | O4: 0.001025 | P4: (imports)
A5: R2 to R5 | B5: =SUMIFS(C$39:C$92,$A$39:$A$92,$A5) -> 0 | C5: =SUMIFS(D$39:D$92,$A$39:$A$92,$A5) -> 0 | D5: =SUMIFS(E$39:E$92,$A$39:$A$92,$A5) -> 554.35113 | E5: =SUMIFS(F$39:F$92,$A$39:$A$92,$A5) -> 2123.3215 | F5: =SUMIFS(G$39:G$92,$A$39:$A$92,$A5) -> 3199.1108 | G5: =SUMIFS(H$39:H$92,$A$39:$A$92,$A5) -> 2855.3599 | H5: =SUMIFS(I$39:I$92,$A$39:$A$92,$A5) -> 2705.9258 | I5: =SUMIFS(J$39:J$92,$A$39:$A$92,$A5) -> 2591.1631 | ... K5: =SUMIFS(L$39:L$92,$A$39:$A$92,$A5) -> 2433.0078 | L5: =K5-B5 -> 2433.0078 | N5: MMBTU per pj | O5: 1.0511e-06
A6: R3 to R2 | B6: =SUMIFS(C$39:C$92,$A$39:$A$92,$A6) -> 635.06726 | C6: =SUMIFS(D$39:D$92,$A$39:$A$92,$A6) -> 556.9754 | D6: =SUMIFS(E$39:E$92,$A$39:$A$92,$A6) -> 0 | E6: =SUMIFS(F$39:F$92,$A$39:$A$92,$A6) -> 0 | F6: =SUMIFS(G$39:G$92,$A$39:$A$92,$A6) -> 0 | G6: =SUMIFS(H$39:H$92,$A$39:$A$92,$A6) -> 0 | H6: =SUMIFS(I$39:I$92,$A$39:$A$92,$A6) -> 0 | I6: =SUMIFS(J$39:J$92,$A$39:$A$92,$A6) -> 0 | ... K6: =SUMIFS(L$39:L$92,$A$39:$A$92,$A6) -> 0 | L6: =K6-B6 -> -635.06726
A7: R3 to R4 | B7: =SUMIFS(C$39:C$92,$A$39:$A$92,$A7) -> 0 | C7: =SUMIFS(D$39:D$92,$A$39:$A$92,$A7) -> 0 | D7: =SUMIFS(E$39:E$92,$A$39:$A$92,$A7) -> 3.099 | E7: =SUMIFS(F$39:F$92,$A$39:$A$92,$A7) -> 0 | F7: =SUMIFS(G$39:G$92,$A$39:$A$92,$A7) -> 0 | G7: =SUMIFS(H$39:H$92,$A$39:$A$92,$A7) -> 57.478882 | H7: =SUMIFS(I$39:I$92,$A$39:$A$92,$A7) -> 72.601357 | I7: =SUMIFS(J$39:J$92,$A$39:$A$92,$A7) -> 84.217232 | ... K7: =SUMIFS(L$39:L$92,$A$39:$A$92,$A7) -> 182.09943 | L7: =K7-B7 -> 182.09943
A8: R3 to R5 | B8: =SUMIFS(C$39:C$92,$A$39:$A$92,$A8) -> 766.53113 | C8: =SUMIFS(D$39:D$92,$A$39:$A$92,$A8) -> 660.31354 | D8: =SUMIFS(E$39:E$92,$A$39:$A$92,$A8) -> 19.952679 | E8: =SUMIFS(F$39:F$92,$A$39:$A$92,$A8) -> 0 | F8: =SUMIFS(G$39:G$92,$A$39:$A$92,$A8) -> 0 | G8: =SUMIFS(H$39:H$92,$A$39:$A$92,$A8) -> 0 | H8: =SUMIFS(I$39:I$92,$A$39:$A$92,$A8) -> 0 | I8: =SUMIFS(J$39:J$92,$A$39:$A$92,$A8) -> 0 | ... K8: =SUMIFS(L$39:L$92,$A$39:$A$92,$A8) -> 0 | L8: =K8-B8 -> -766.53113
A9: R3 to R6 | B9: =SUMIFS(C$39:C$92,$A$39:$A$92,$A9) -> 0 | C9: =SUMIFS(D$39:D$92,$A$39:$A$92,$A9) -> 0 | D9: =SUMIFS(E$39:E$92,$A$39:$A$92,$A9) -> 641.44012 | E9: =SUMIFS(F$39:F$92,$A$39:$A$92,$A9) -> 190.37256 | F9: =SUMIFS(G$39:G$92,$A$39:$A$92,$A9) -> 1167.4193 | G9: =SUMIFS(H$39:H$92,$A$39:$A$92,$A9) -> 2292.6726 | H9: =SUMIFS(I$39:I$92,$A$39:$A$92,$A9) -> 2653.9321 | I9: =SUMIFS(J$39:J$92,$A$39:$A$92,$A9) -> 2867.2231 | ... K9: =SUMIFS(L$39:L$92,$A$39:$A$92,$A9) -> 3635.7361 | L9: =K9-B9 -> 3635.7361
A10: R4 to R3 | B10: =SUMIFS(C$39:C$92,$A$39:$A$92,$A10) -> 3700.5615 | C10: =SUMIFS(D$39:D$92,$A$39:$A$92,$A10) -> 3876.4404 | D10: =SUMIFS(E$39:E$92,$A$39:$A$92,$A10) -> 2398.1172 | E10: =SUMIFS(F$39:F$92,$A$39:$A$92,$A10) -> 2258.9976 | F10: =SUMIFS(G$39:G$92,$A$39:$A$92,$A10) -> 1620.8055 | G10: =SUMIFS(H$39:H$92,$A$39:$A$92,$A10) -> 1182.2509 | H10: =SUMIFS(I$39:I$92,$A$39:$A$92,$A10) -> 976.10181 | I10: =SUMIFS(J$39:J$92,$A$39:$A$92,$A10) -> 752.70508 | ... K10: =SUMIFS(L$39:L$92,$A$39:$A$92,$A10) -> 302.31201 | L10: =K10-B10 -> -3398.2495
A11: R4 to R7 | B11: =SUMIFS(C$39:C$92,$A$39:$A$92,$A11) -> 0 | C11: =SUMIFS(D$39:D$92,$A$39:$A$92,$A11) -> 0 | D11: =SUMIFS(E$39:E$92,$A$39:$A$92,$A11) -> 6.483 | E11: =SUMIFS(F$39:F$92,$A$39:$A$92,$A11) -> 0 | F11: =SUMIFS(G$39:G$92,$A$39:$A$92,$A11) -> 0 | G11: =SUMIFS(H$39:H$92,$A$39:$A$92,$A11) -> 23.246014 | H11: =SUMIFS(I$39:I$92,$A$39:$A$92,$A11) -> 14.154186 | I11: =SUMIFS(J$39:J$92,$A$39:$A$92,$A11) -> 9.329961 | ... K11: =SUMIFS(L$39:L$92,$A$39:$A$92,$A11) -> 0 | L11: =K11-B11 -> 0
A12: R5 to R2 | B12: =SUMIFS(C$39:C$92,$A$39:$A$92,$A12) -> 1734.2087 | C12: =SUMIFS(D$39:D$92,$A$39:$A$92,$A12) -> 1538.6575 | D12: =SUMIFS(E$39:E$92,$A$39:$A$92,$A12) -> 0 | E12: =SUMIFS(F$39:F$92,$A$39:$A$92,$A12) -> 0 | F12: =SUMIFS(G$39:G$92,$A$39:$A$92,$A12) -> 0 | G12: =SUMIFS(H$39:H$92,$A$39:$A$92,$A12) -> 0 | H12: =SUMIFS(I$39:I$92,$A$39:$A$92,$A12) -> 0 | I12: =SUMIFS(J$39:J$92,$A$39:$A$92,$A12) -> 0 | ... K12: =SUMIFS(L$39:L$92,$A$39:$A$92,$A12) -> 0 | L12: =K12-B12 -> -1734.2087
A13: R5 to R6 | B13: =SUMIFS(C$39:C$92,$A$39:$A$92,$A13) -> 0 | C13: =SUMIFS(D$39:D$92,$A$39:$A$92,$A13) -> 0 | D13: =SUMIFS(E$39:E$92,$A$39:$A$92,$A13) -> 83.915291 | E13: =SUMIFS(F$39:F$92,$A$39:$A$92,$A13) -> 1176.8667 | F13: =SUMIFS(G$39:G$92,$A$39:$A$92,$A13) -> 1637.3507 | G13: =SUMIFS(H$39:H$92,$A$39:$A$92,$A13) -> 1577.5996 | H13: =SUMIFS(I$39:I$92,$A$39:$A$92,$A13) -> 1513.1655 | I13: =SUMIFS(J$39:J$92,$A$39:$A$92,$A13) -> 1521.427 | ... K13: =SUMIFS(L$39:L$92,$A$39:$A$92,$A13) -> 1512.3253 | L13: =K13-B13 -> 1512.3253
A14: R6 to R3 | B14: =SUMIFS(C$39:C$92,$A$39:$A$92,$A14) -> 1838.9316 | C14: =SUMIFS(D$39:D$92,$A$39:$A$92,$A14) -> 1995.3987 | D14: =SUMIFS(E$39:E$92,$A$39:$A$92,$A14) -> 1094.4344 | E14: =SUMIFS(F$39:F$92,$A$39:$A$92,$A14) -> 144.89494 | F14: =SUMIFS(G$39:G$92,$A$39:$A$92,$A14) -> 236.53589 | G14: =SUMIFS(H$39:H$92,$A$39:$A$92,$A14) -> 438.95221 | H14: =SUMIFS(I$39:I$92,$A$39:$A$92,$A14) -> 542.9032 | I14: =SUMIFS(J$39:J$92,$A$39:$A$92,$A14) -> 621.05219 | ... K14: =SUMIFS(L$39:L$92,$A$39:$A$92,$A14) -> 818.39166 | L14: =K14-B14 -> -1020.54
A15: R6 to R5 | B15: =SUMIFS(C$39:C$92,$A$39:$A$92,$A15) -> 3359.1737 | C15: =SUMIFS(D$39:D$92,$A$39:$A$92,$A15) -> 3341.9423 | D15: =SUMIFS(E$39:E$92,$A$39:$A$92,$A15) -> 2671.3029 | E15: =SUMIFS(F$39:F$92,$A$39:$A$92,$A15) -> 2361.2946 | F15: =SUMIFS(G$39:G$92,$A$39:$A$92,$A15) -> 2230.7334 | G15: =SUMIFS(H$39:H$92,$A$39:$A$92,$A15) -> 2228.7909 | H15: =SUMIFS(I$39:I$92,$A$39:$A$92,$A15) -> 2287.0612 | I15: =SUMIFS(J$39:J$92,$A$39:$A$92,$A15) -> 2296.3717 | ... K15: =SUMIFS(L$39:L$92,$A$39:$A$92,$A15) -> 2455.229 | L15: =K15-B15 -> -903.9447
A16: R6 to R7 | B16: =SUMIFS(C$39:C$92,$A$39:$A$92,$A16) -> 0 | C16: =SUMIFS(D$39:D$92,$A$39:$A$92,$A16) -> 0 | D16: =SUMIFS(E$39:E$92,$A$39:$A$92,$A16) -> 51.532066 | E16: =SUMIFS(F$39:F$92,$A$39:$A$92,$A16) -> 0 | F16: =SUMIFS(G$39:G$92,$A$39:$A$92,$A16) -> 0 | G16: =SUMIFS(H$39:H$92,$A$39:$A$92,$A16) -> 21.636526 | H16: =SUMIFS(I$39:I$92,$A$39:$A$92,$A16) -> 80.933334 | I16: =SUMIFS(J$39:J$92,$A$39:$A$92,$A16) -> 149.49989 | ... K16: =SUMIFS(L$39:L$92,$A$39:$A$92,$A16) -> 397.37936 | L16: =K16-B16 -> 397.37936
A17: R7 to R4 | B17: =SUMIFS(C$39:C$92,$A$39:$A$92,$A17) -> 1475.5103 | C17: =SUMIFS(D$39:D$92,$A$39:$A$92,$A17) -> 1638.5508 | D17: =SUMIFS(E$39:E$92,$A$39:$A$92,$A17) -> 1761.5397 | E17: =SUMIFS(F$39:F$92,$A$39:$A$92,$A17) -> 824.29102 | F17: =SUMIFS(G$39:G$92,$A$39:$A$92,$A17) -> 458.60672 | G17: =SUMIFS(H$39:H$92,$A$39:$A$92,$A17) -> 328.25684 | H17: =SUMIFS(I$39:I$92,$A$39:$A$92,$A17) -> 413.22742 | I17: =SUMIFS(J$39:J$92,$A$39:$A$92,$A17) -> 504.60947 | ... K17: =SUMIFS(L$39:L$92,$A$39:$A$92,$A17) -> 934.1648 | L17: =K17-B17 -> -541.34546
... A19: R8 to R4 | B19: =SUMIFS(C$39:C$92,$A$39:$A$92,$A19) -> 2421.6516 | C19: =SUMIFS(D$39:D$92,$A$39:$A$92,$A19) -> 2465.95 | D19: =SUMIFS(E$39:E$92,$A$39:$A$92,$A19) -> 991.18121 | E19: =SUMIFS(F$39:F$92,$A$39:$A$92,$A19) -> 1547.4204 | F19: =SUMIFS(G$39:G$92,$A$39:$A$92,$A19) -> 1411.7443 | G19: =SUMIFS(H$39:H$92,$A$39:$A$92,$A19) -> 1159.4485 | H19: =SUMIFS(I$39:I$92,$A$39:$A$92,$A19) -> 968.3927 | I19: =SUMIFS(J$39:J$92,$A$39:$A$92,$A19) -> 863.72394 | ... K19: =SUMIFS(L$39:L$92,$A$39:$A$92,$A19) -> 490.46365 | L19: =K19-B19 -> -1931.188
A20: R8 to R7 | B20: =SUMIFS(C$39:C$92,$A$39:$A$92,$A20) -> 392.00699 | C20: =SUMIFS(D$39:D$92,$A$39:$A$92,$A20) -> 288.18565 | D20: =SUMIFS(E$39:E$92,$A$39:$A$92,$A20) -> 925.73569 | E20: =SUMIFS(F$39:F$92,$A$39:$A$92,$A20) -> 330.61512 | F20: =SUMIFS(G$39:G$92,$A$39:$A$92,$A20) -> 280.49626 | G20: =SUMIFS(H$39:H$92,$A$39:$A$92,$A20) -> 266.21397 | H20: =SUMIFS(I$39:I$92,$A$39:$A$92,$A20) -> 185.26766 | I20: =SUMIFS(J$39:J$92,$A$39:$A$92,$A20) -> 133.50718 | ... K20: =SUMIFS(L$39:L$92,$A$39:$A$92,$A20) -> 3.429176 | L20: =K20-B20 -> -388.57781 | V20: * Taken from the AEO2007
A21: R8 to R9 | B21: =SUMIFS(C$39:C$92,$A$39:$A$92,$A21) -> 1751.992 | C21: =SUMIFS(D$39:D$92,$A$39:$A$92,$A21) -> 1776.845 | D21: =SUMIFS(E$39:E$92,$A$39:$A$92,$A21) -> 1689.8249 | E21: =SUMIFS(F$39:F$92,$A$39:$A$92,$A21) -> 2323.8833 | F21: =SUMIFS(G$39:G$92,$A$39:$A$92,$A21) -> 2307.3871 | G21: =SUMIFS(H$39:H$92,$A$39:$A$92,$A21) -> 2288.0345 | H21: =SUMIFS(I$39:I$92,$A$39:$A$92,$A21) -> 2376.2982 | I21: =SUMIFS(J$39:J$92,$A$39:$A$92,$A21) -> 2420.3849 | ... K21: =SUMIFS(L$39:L$92,$A$39:$A$92,$A21) -> 2679.5755 | L21: =K21-B21 -> 927.58353
A23: C to R1 | B23: =SUMIFS(C$39:C$92,$A$39:$A$92,$A23) -> 212.44701 | C23: =SUMIFS(D$39:D$92,$A$39:$A$92,$A23) -> 228.65195 | D23: =SUMIFS(E$39:E$92,$A$39:$A$92,$A23) -> 133.79437 | E23: =SUMIFS(F$39:F$92,$A$39:$A$92,$A23) -> 87.592781 | F23: =SUMIFS(G$39:G$92,$A$39:$A$92,$A23) -> 80.620499 | G23: =SUMIFS(H$39:H$92,$A$39:$A$92,$A23) -> 83.207558 | H23: =SUMIFS(I$39:I$92,$A$39:$A$92,$A23) -> 83.897675 | I23: =SUMIFS(J$39:J$92,$A$39:$A$92,$A23) -> 84.144768 | ... K23: =SUMIFS(L$39:L$92,$A$39:$A$92,$A23) -> 84.600792 | L23: =K23-B23 -> -127.84621 | V23: * For more information on capacity use see
A24: C to R2 | B24: =SUMIFS(C$39:C$92,$A$39:$A$92,$A24) -> 434.526 | C24: =SUMIFS(D$39:D$92,$A$39:$A$92,$A24) -> 324.50354 | D24: =SUMIFS(E$39:E$92,$A$39:$A$92,$A24) -> 0 | E24: =SUMIFS(F$39:F$92,$A$39:$A$92,$A24) -> 0 | F24: =SUMIFS(G$39:G$92,$A$39:$A$92,$A24) -> 0 | G24: =SUMIFS(H$39:H$92,$A$39:$A$92,$A24) -> 0 | H24: =SUMIFS(I$39:I$92,$A$39:$A$92,$A24) -> 0 | I24: =SUMIFS(J$39:J$92,$A$39:$A$92,$A24) -> 0 | ... K24: =SUMIFS(L$39:L$92,$A$39:$A$92,$A24) -> 0 | L24: =K24-B24 -> -434.526 | V24: http://www.eia.gov/pub/oil_gas/natural_gas/analysis_publications/ngpipeline/usage.html
A25: C to R4 | B25: =SUMIFS(C$39:C$92,$A$39:$A$92,$A25) -> 1862.3105 | C25: =SUMIFS(D$39:D$92,$A$39:$A$92,$A25) -> 1884.2112 | D25: =SUMIFS(E$39:E$92,$A$39:$A$92,$A25) -> 1162.2148 | E25: =SUMIFS(F$39:F$92,$A$39:$A$92,$A25) -> 999.65997 | F25: =SUMIFS(G$39:G$92,$A$39:$A$92,$A25) -> 931.302 | G25: =SUMIFS(H$39:H$92,$A$39:$A$92,$A25) -> 850.40729 | H25: =SUMIFS(I$39:I$92,$A$39:$A$92,$A25) -> 783.49915 | I25: =SUMIFS(J$39:J$92,$A$39:$A$92,$A25) -> 678.9469 | ... K25: =SUMIFS(L$39:L$92,$A$39:$A$92,$A25) -> 290.64163 | L25: =K25-B25 -> -1571.6689
A26: C to R8 | B26: =SUMIFS(C$39:C$92,$A$39:$A$92,$A26) -> 33.186462 | C26: =SUMIFS(D$39:D$92,$A$39:$A$92,$A26) -> 20.10022 | D26: =SUMIFS(E$39:E$92,$A$39:$A$92,$A26) -> 25.572746 | E26: =SUMIFS(F$39:F$92,$A$39:$A$92,$A26) -> 571.06995 | F26: =SUMIFS(G$39:G$92,$A$39:$A$92,$A26) -> 529.08887 | G26: =SUMIFS(H$39:H$92,$A$39:$A$92,$A26) -> 436.24896 | H26: =SUMIFS(I$39:I$92,$A$39:$A$92,$A26) -> 354.38364 | I26: =SUMIFS(J$39:J$92,$A$39:$A$92,$A26) -> 250.61052 | ... K26: =SUMIFS(L$39:L$92,$A$39:$A$92,$A26) -> 51.98991 | L26: =K26-B26 -> 18.803448
A27: C to R9 | B27: =SUMIFS(C$39:C$92,$A$39:$A$92,$A27) -> 1041.164 | C27: =SUMIFS(D$39:D$92,$A$39:$A$92,$A27) -> 920.0101 | D27: =SUMIFS(E$39:E$92,$A$39:$A$92,$A27) -> 1103.5586 | E27: =SUMIFS(F$39:F$92,$A$39:$A$92,$A27) -> 989.01172 | F27: =SUMIFS(G$39:G$92,$A$39:$A$92,$A27) -> 978.49558 | G27: =SUMIFS(H$39:H$92,$A$39:$A$92,$A27) -> 949.57526 | H27: =SUMIFS(I$39:I$92,$A$39:$A$92,$A27) -> 929.11478 | I27: =SUMIFS(J$39:J$92,$A$39:$A$92,$A27) -> 871.62527 | ... K27: =SUMIFS(L$39:L$92,$A$39:$A$92,$A27) -> 679.67635 | L27: =K27-B27 -> -361.48769
B28: =SUM(B3:B27) -> 28946.1 | C28: =SUM(C3:C27) -> 29153.9 | D28: =SUM(D3:D27) -> 21503.413 | E28: =SUM(E3:E27) -> 20257.756 | F28: =SUM(F3:F27) -> 20991.447 | G28: =SUM(G3:G27) -> 21853.669 | H28: =SUM(H3:H27) -> 22441.812 | I28: =SUM(I3:I27) -> 22979.216 | ... K28: =SUM(K3:K27) -> 25006.781
B29: =SUM(C39:C92)-C91-C87 -> 28946.1 | C29: =SUM(D39:D92)-D91-D87 -> 29153.9 | D29: =SUM(E39:E92)-E91-E87 -> 21503.413 | E29: =SUM(F39:F92)-F91-F87 -> 20257.756 | F29: =SUM(G39:G92)-G91-G87 -> 20991.447 | G29: =SUM(H39:H92)-H91-H87 -> 21853.669 | H29: =SUM(I39:I92)-I91-I87 -> 22441.812 | I29: =SUM(J39:J92)-J91-J87 -> 22979.216 | ... K29: =SUM(L39:L92)-L91-L87 -> 25006.781
B30: =B29-B28 -> 0 | C30: =C29-C28 -> 0 | D30: =D29-D28 -> 0 | E30: =E29-E28 -> 0 | F30: =F29-F28 -> 0 | G30: =G29-G28 -> 0 | H30: =H29-H28 -> 0 | I30: =I29-I28 -> 0 | ... K30: =K29-K28 -> 0
B33: Primary Natural Gas Flows Entering NGTDM Region from Neighboring Regions, Reference case
B34: (billion cubic feet per year)
C36: 2010 | D36: 2011 | E36: 2015 | F36: 2020 | G36: 2025 | H36: 2030 | I36: 2035 | J36: 2040 | K36: 2045 | L36: 2050 | M36: 2055
B38: Into New England From:
A39: R2 to R1 | B39: Middle Atlantic | C39: 803.2879 | D39: 890.94684 | E39: 870.14172 | F39: 719.4339 | G39: 735.6947 | H39: 767.86969 | I39: 783.24164 | J39: 809.85529 | K39: 839.76569 | L39: 882.5202 | M39: =L39*(AVERAGE((L39/K39),(K39/J39))) -> 921.2829
A40: C to R1 | B40: Canada | C40: 212.44701 | D40: 228.65195 | E40: 133.79437 | F40: 87.592781 | G40: 80.620499 | H40: 83.207558 | I40: 83.897675 | J40: 84.144768 | K40: 83.890495 | L40: 84.600792 | M40: =L40*(AVERAGE((L40/K40),(K40/J40))) -> 84.831122
B42: Into Middle Atlantic From:
A43: R3 to R2 | B43: East North Central | C43: 635.06726 | D43: 556.9754
A44: R5 to R2 | B44: South Atlantic | C44: 1734.2087 | D44: 1538.6575
A45: C to R2 | B45: Canada | C45: 434.526 | D45: 324.50354
B47: Into East North Central From:
A48: R2 to R3 | B48: Middle Atlantic | E48: 382.12701 | F48: 993.61163 | G48: 1859.999 | H48: 3636.8315 | I48: 4410.2061 | J48: 5226.0234 | K48: 6076.4629 | L48: 7016.3174
A49: R4 to R3 | B49: West North Central | C49: 3700.5615 | D49: 3876.4404 | E49: 2398.1172 | F49: 2258.9976 | G49: 1620.8055 | H49: 1182.2509 | I49: 976.10181 | J49: 752.70508 | K49: 499.37897 | L49: 302.31201 | M49: =L49*(AVERAGE((L49/K49),(K49/J49))) -> 191.79002
A50: R6 to R3 | B50: East South Central | C50: 1838.9316 | D50: 1995.3987 | E50: 1094.4344 | F50: 144.89494 | G50: 236.53589 | H50: 438.95221 | I50: 542.9032 | J50: 621.05219 | K50: 710.76569 | L50: 818.39166 | M50: =L50*(AVERAGE((L50/K50),(K50/J50))) -> 939.46315
B52: Into West North Central from:
A53: R3 to R4 | B53: East North Central | E53: 3.099 | F53: 0 | G53: 0 | H53: 57.478882 | I53: 72.601357 | J53: 84.217232 | K53: 115.71646 | L53: 182.09943
A54: R7 to R4 | B54: West South Central | C54: 1475.5103 | D54: 1638.5508 | E54: 1761.5397 | F54: 824.29102 | G54: 458.60672 | H54: 328.25684 | I54: 413.22742 | J54: 504.60947 | K54: 683.76929 | L54: 934.1648 | M54: =L54*(AVERAGE((L54/K54),(K54/J54))) -> 1271.0458
A55: R8 to R4 | B55: Mountain | C55: 2421.6516 | D55: 2465.95 | E55: 991.18121 | F55: 1547.4204 | G55: 1411.7443 | H55: 1159.4485 | I55: 968.3927 | J55: 863.72394 | K55: 646.71844 | L55: 490.46365 | M55: =L55*(AVERAGE((L55/K55),(K55/J55))) -> 369.59972
A56: C to R4 | B56: Canada (direct) | C56: 1189.296 | D56: 1224.5039 | E56: 652.92017 | F56: 999.65997 | G56: 931.302 | H56: 850.40729 | I56: 783.49915 | J56: 678.9469 | K56: 522.33105 | L56: 290.64163 | M56: =L56*(AVERAGE((L56/K56),(K56/J56))) -> 192.66012
A57: C to R4 | B57: Canada (through Mountain) | C57: 673.01453 | D57: 659.70727 | E57: 509.29468 | M57: =L57*(AVERAGE((L57/K57),(K57/J57))) -> #DIV/0!
B59: Into South Atlantic from:
A60: R2 to R5 | B60: Middle Atlantic | E60: 554.35113 | F60: 2123.3215 | G60: 3199.1108 | H60: 2855.3599 | I60: 2705.9258 | J60: 2591.1631 | K60: 2579.3394 | L60: 2433.0078
A61: R3 to R5 | B61: East North Central | C61: 766.53113 | D61: 660.31354 | E61: 19.952679 | F61: 0 | G61: 0 | H61: 0 | I61: 0 | J61: 0 | K61: 0 | L61: 0 | M61: =L61*(AVERAGE((L61/K61),(K61/J61))) -> #DIV/0!
A62: R6 to R5 | B62: East South Central | C62: 2261.7419 | D62: 2166.8867 | E62: 1369.0847 | F62: 1114.906 | G62: 1047.5751 | H62: 1037.2748 | I62: 1090.1848 | J62: 1109.1447 | K62: 1168.4907 | L62: 1210.1891 | M62: =L62*(AVERAGE((L62/K62),(K62/J62))) -> 1264.1586
B64: Into East South Central from:
A65: R3 to R6 | B65: East North Central | E65: 641.44012 | F65: 190.37256 | G65: 1167.4193 | H65: 2292.6726 | I65: 2653.9321 | J65: 2867.2231 | K65: 3190.1038 | L65: 3635.7361
A66: R5 to R6 | B66: South Atlantic | E66: 83.915291 | F66: 1176.8667 | G66: 1637.3507 | H66: 1577.5996 | I66: 1513.1655 | J66: 1521.427 | K66: 1528.5402 | L66: 1512.3253
A67: R7 to R6 | B67: West South Central | C67: 6483.5435 | D67: 6746.2173 | E67: 4933.0947 | F67: 2615.418 | G67: 1326.0562 | H67: 409.58792 | I67: 307.50513 | J67: 242.79451 | K67: 213.94437 | L67: 156.92058 | M67: =L67*(AVERAGE((L67/K67),(K67/J67))) -> 126.68505
B69: Into West South Central from:
A70: R4 to R7 | B70: West North Central | E70: 6.483 | F70: 0 | G70: 0 | H70: 23.246014 | I70: 14.154186 | J70: 9.329961 | K70: 4.754159 | L70: 0
A71: R6 to R7 | B71: East South Central | E71: 51.532066 | F71: 0 | G71: 0 | H71: 21.636526 | I71: 80.933334 | J71: 149.49989 | K71: 195.56668 | L71: 397.37936
A72: R8 to R7 | B72: Mountain | C72: 149.29855 | D72: 114.66023 | E72: 179.4476 | F72: 55.070808 | G72: 31.014326 | H72: 42.722576 | I72: 23.233023 | J72: 4.786263 | K72: 0 | L72: 0 | M72: =L72*(AVERAGE((L72/K72),(K72/J72))) -> #DIV/0!
A73: R8 to R7 | B73: Arizona/New Mexico | C73: 242.70844 | D73: 173.52542 | E73: 746.28809 | F73: 275.54431 | G73: 249.48193 | H73: 223.49139 | I73: 162.03464 | J73: 128.72092 | K73: 41.501949 | L73: 3.429176 | M73: =L73*(AVERAGE((L73/K73),(K73/J73))) -> 0.69448518
B75: Into Mountain from:
A76: C to R8 | B76: Canada | C76: 33.186462 | D76: 20.10022 | E76: 25.572746 | F76: 571.06995 | G76: 529.08887 | H76: 436.24896 | I76: 354.38364 | J76: 250.61052 | K76: 139.32092 | L76: 51.98991 | M76: =L76*(AVERAGE((L76/K76),(K76/J76))) -> 24.151721
B78: Into Pacific from:
A79: R8 to R9 | B79: Mountain | C79: 111.42429 | D79: 155.35252 | E79: 251.49785 | F79: 890.63147 | G79: 872.33594 | H79: 870.68762 | I79: 910.21082 | J79: 915.98608 | K79: 895.59686 | L79: 886.21979 | M79: =L79*(AVERAGE((L79/K79),(K79/J79))) -> 871.71702
A80: C to R9 | B80: Canada (into Washington) | C80: 332.358 | D80: 313.90347 | E80: 429.69617 | F80: 290.81055 | G80: 283.95987 | H80: 272.94287 | I80: 267.51566 | J80: 251.48294 | K80: 230.48399 | L80: 194.41203 | M80: =L80*(AVERAGE((L80/K80),(K80/J80))) -> 171.08203
A81: C to R9 | B81: Canada (through Idaho) | C81: 708.80603 | D81: 606.10663 | E81: 673.86243 | F81: 698.20117 | G81: 694.53571 | H81: 676.63238 | I81: 661.59912 | J81: 620.14233 | K81: 565.37952 | L81: 485.26431 | M81: =L81*(AVERAGE((L81/K81),(K81/J81))) -> 429.45686
B83: Into Florida from:
A84: R6 to R5 | B84: East South Central | C84: 1097.4318 | D84: 1175.0555 | E84: 1302.2181 | F84: 1246.3885 | G84: 1183.1583 | H84: 1191.5161 | I84: 1196.8763 | J84: 1187.2271 | K84: 1215.2177 | L84: 1245.0399 | M84: =L84*(AVERAGE((L84/K84),(K84/J84))) -> 1274.9938
B86: Into Arizona/New Mexico from:
B87: Mountain | C87: 579.66937 | D87: 607.08368 | E87: 719.80914 | F87: 416.56912 | G87: 407.15301 | H87: 397.97516 | I87: 362.96332 | J87: 324.49918 | K87: 259.92307 | L87: 196.48868 | M87: =L87*(AVERAGE((L87/K87),(K87/J87))) -> 152.96123
B89: Into California from:
A90: R8 to R9 | B90: Mountain | C90: 548.56647 | D90: 509.84399 | E90: 475.32791 | F90: 645.25842 | G90: 655.53851 | H90: 686.84815 | I90: 693.37427 | J90: 692.49091 | K90: 804.30017 | L90: 963.03619 | M90: =L90*(AVERAGE((L90/K90),(K90/J90))) -> 1135.8139
B91: Pacific | C91: 521.31061 | D91: 488.97284 | E91: 762.38037 | F91: 598.04645 | G91: 606.59235 | H91: 593.72662 | I91: 573.04907 | J91: 545.8631 | K91: 542.33997 | L91: 491.42862 | M91: =L91*(AVERAGE((L91/K91),(K91/J91))) -> 466.77666
A92: R8 to R9 | B92: Arizona/New Mexico | C92: 1092.0012 | D92: 1111.6484 | E92: 962.99915 | F92: 787.99341 | G92: 779.5127 | H92: 730.49872 | I92: 772.71307 | J92: 811.90796 | K92: 840.8382 | L92: 830.31952 | M92: =L92*(AVERAGE((L92/K92),(K92/J92))) -> 839.91912
A104: NEMS Output Table 76. Natural Gas Imports and Exports (bottom portion)
A105: (trillion cubic feet per year)
A106: Liquefied Natural Gas Imports | B106: 2005 | C106: 2010 | D106: 2015 | E106: 2020 | F106: 2025 | G106: 2030
A107: Everett, MA | B107: 0.16854201 | C107: 0.1098334 | D107: 0.13085221 | E107: 0.13357368 | F107: 0.13993691 | G107: 0.15456069
A108: Cove Point, MD | B108: 0.221689 | C108: 0.13433677 | D108: 0.1912531 | E108: 0.21416524 | F108: 0.23164864 | G108: 0.2524718
A109: Elba Island, GA | B109: 0.132062 | C109: 0.12938638 | D109: 0.1808677 | E109: 0.20183037 | F109: 0.21747057 | G109: 0.236384
A110: Lake Charles, LA | B110: 0.103769 | C110: 0.14705198 | D110: 0.28720263 | E110: 0.32318261 | F110: 0.35317126 | G110: 0.38334399
A111: New England | B111: 0 | C111: 0.059476383 | D111: 0.09332002 | E111: 0.094852723 | F111: 0.099789888 | G111: 0.11121117
A112: Middle Atlantic | B112: 0 | C112: 0 | D112: 0 | E112: 0 | F112: 0 | G112: 0
A113: South Atlantic | B113: 0 | C113: 0 | D113: 0 | E113: 0 | F113: 0 | G113: 0
A114: East South Central | B114: 0 | C114: 0 | D114: 0 | E114: 0 | F114: 0 | G114: 0
A115: West South Central | B115: 0.005198 | C115: 0.66248083 | D115: 1.23507 | E115: 1.4036171 | F115: 1.5546316 | G115: 1.7042319
A116: Washington/Oregon | B116: 0 | C116: 0 | D116: 0 | E116: 0 | F116: 0 | G116: 0
A117: California | B117: 0 | C117: 0 | D117: 0 | E117: 0 | F117: 0 | G117: 0
... A121: Imports to Canada | B121: 0 | C121: 0.31 | D121: 0.46499997 | E121: 0.46499997 | F121: 0.46499997 | G121: 0.46499997
A124: End of Year Liquefied Natural Gas Capacity
A125: Everett, MA | B125: 0.2 | C125: 0.36500001 | D125: 0.36500001 | E125: 0.36500001 | F125: 0.36500001 | G125: 0.36500001 | I125: R1
A126: Cove Point, MD | B126: 0.36500001 | C126: 0.36500001 | D126: 0.36500001 | E126: 0.36500001 | F126: 0.36500001 | G126: 0.36500001 | I126: R5
A127: Elba Island, GA | B127: 0.24800001 | C127: 0.44499999 | D127: 0.44499999 | E127: 0.44499999 | F127: 0.44499999 | G127: 0.44499999 | I127: R5
A128: Lake Charles, LA | B128: 0.36500001 | C128: 0.76700008 | D128: 0.76700008 | E128: 0.76700008 | F128: 0.76700008 | G128: 0.76700008 | I128: R7
A129: New England | B129: 0 | C129: 0.292 | D129: 0.292 | E129: 0.292 | F129: 0.292 | G129: 0.292
A130: Middle Atlantic | B130: 0 | C130: 0 | D130: 0 | E130: 0 | F130: 0 | G130: 0
A131: South Atlantic | B131: 0 | C131: 0 | D131: 0 | E131: 0 | F131: 0 | G131: 0
A132: East South Central | B132: 0 | C132: 0 | D132: 0 | E132: 0 | F132: 0 | G132: 0
A133: West South Central | B133: 0.183 | C133: 2.9579999 | D133: 2.9579999 | E133: 2.9579999 | F133: 2.9579999 | G133: 2.9579999 | I133: R7
...

Sheet NGExpansion
A1: NG Pipeline Expansion Cost Data (NEMS ngptar input file)
A2: Source: Foster Associates, "Capital Costs for Gas Pipeline and Storage Project
A3: Expansions, May 1999. Anayst judgement.
A4: Derivation:
A5: Units: fraction
A7: Variables: PCNT_C -- Average percentage (fraction) for compressor costs (read but not used)
A8: PCNT_L -- Average percentage (fraction) for looping costs (read but not used)
A9: PCNT_N -- Average percentage (fraction) for new pipeline costs (read but not used)
A10: PCNT_R -- Assumed average percentage (fraction) for replacement costs
A11: MILE_FAC --Factor to compute effective or real mileage (read but not used)
A13: DOCUMENTATION UPDATES: DATE--AUTHOR--COMMENT
A14: -------------------------------------------------------------------------------
... A18: -------------------------------------------------------------------------------
B19: PCNT_C, | C19: PCNT_L, | D19: PCNT_N, | E19: PCNT_R, | F19: MILE_FAC,
A20: @
B21: 0.25 | C21: 0.21 | D21: 0.54 | E21: 0.023 | F21: 0.5
A23: ===============================================================================
A24: Data: Parameters for Capital Costs for Pipeline Expansion by arc.
A25: 1998 Average Tariffs will not be used. CCOST1 and CCOST2 will not be used.
A26: Geographical Mileage by arc.
A27: Source: Foster Associates, "Capital Costs for Gas Pipeline and Storage Project
A28: Expansions, May 1999
A29: Derivation:
A30: Units: Capital Costs in 1998$-day per (Mcf-Mile);
A31: Average Tariff in 1998$/Mcf
A32: Mileage in Miles;
A34: Notes:
A35: Variables: MILES -- Length of an arc
... A37: CC_LOOPI -- Capital Cost for Looping
A38: CC_NEWPI -- Capital Cost for New Pipeline | M38: Price Adjustment
B39: Start Region | C39: End Region | H39: Capital Cost for Capacity Expansion | M39: 1.8
B40: AF | C40: AT | D40: MILES | E40: CC_COMP | F40: CC_LOOP | G40: CC_NEWP | H40: 1998$-day per (Mcf-Mile); | I40: M 2005$/PJ /a | J40: R from | K40: R to | O40: NGTDM network | P40: Region
B41: 1 | C41: 1 | D41: 141 | E41: 2.396 | F41: 5.554 | G41: 7.81 | H41: =E41*$B$21+F41*$C$21+G41*$D$21 -> 5.98274 | I41: =H41*D41*[1]Conv!$D$31/365/[1]Conv!$D$6/[1]Conv!$J$5/10^9 -> 2.497619 | J41: =VLOOKUP(B41,$O$41:$P$62,2,FALSE) -> R1 | K41: =VLOOKUP(C41,$O$41:$P$62,2,FALSE) -> R1 | M41: =I41*$M$39 -> 4.4957141 | O41: 1 | P41: R1
B42: 2 | C42: 1 | D42: 208 | E42: 2.396 | F42: 5.554 | G42: 7.81 | H42: =E42*$B$21+F42*$C$21+G42*$D$21 -> 5.98274 | I42: =H42*D42*[1]Conv!$D$31/365/[1]Conv!$D$6/[1]Conv!$J$5/10^9 -> 3.6844308 | J42: =VLOOKUP(B42,$O$41:$P$62,2,FALSE) -> R2 | K42: =VLOOKUP(C42,$O$41:$P$62,2,FALSE) -> R1 | M42: =I42*$M$39 -> 6.6319754 | O42: 2 | P42: R2
B43: 2 | C43: 2 | D43: 268 | E43: 2.396 | F43: 5.554 | G43: 7.81 | H43: =E43*$B$21+F43*$C$21+G43*$D$21 -> 5.98274 | I43: =H43*D43*[1]Conv!$D$31/365/[1]Conv!$D$6/[1]Conv!$J$5/10^9 -> 4.7472474 | J43: =VLOOKUP(B43,$O$41:$P$62,2,FALSE) -> R2 | K43: =VLOOKUP(C43,$O$41:$P$62,2,FALSE) -> R2 | M43: =I43*$M$39 -> 8.5450453 | O43: 3 | P43: R3
B44: 3 | C44: 2 | D44: 264 | E44: 2.396 | F44: 5.554 | G44: 5.263 | H44: =E44*$B$21+F44*$C$21+G44*$D$21 -> 4.60736 | I44: =H44*D44*[1]Conv!$D$31/365/[1]Conv!$D$6/[1]Conv!$J$5/10^9 -> 3.6013308 | J44: =VLOOKUP(B44,$O$41:$P$62,2,FALSE) -> R3 | K44: =VLOOKUP(C44,$O$41:$P$62,2,FALSE) -> R2 | M44: =I44*$M$39 -> 6.4823954 | O44: 4 | P44: R4
B45: 3 | C45: 3 | D45: 238 | E45: 2.26 | F45: 2.353 | G45: 3.243 | H45: =E45*$B$21+F45*$C$21+G45*$D$21 -> 2.81035 | I45: =H45*D45*[1]Conv!$D$31/365/[1]Conv!$D$6/[1]Conv!$J$5/10^9 -> 1.9803607 | J45: =VLOOKUP(B45,$O$41:$P$62,2,FALSE) -> R3 | K45: =VLOOKUP(C45,$O$41:$P$62,2,FALSE) -> R3 | M45: =I45*$M$39 -> 3.5646493 | O45: 5 | P45: R5
B46: 3 | C46: 5 | D46: 510 | E46: 1.674 | F46: 5.059 | G46: 6.787 | H46: =E46*$B$21+F46*$C$21+G46*$D$21 -> 5.14587 | I46: =H46*D46*[1]Conv!$D$31/365/[1]Conv!$D$6/[1]Conv!$J$5/10^9 -> 7.7702667 | J46: =VLOOKUP(B46,$O$41:$P$62,2,FALSE) -> R3 | K46: =VLOOKUP(C46,$O$41:$P$62,2,FALSE) -> R5 | M46: =I46*$M$39 -> 13.98648 | O46: 6 | P46: R6
B47: 4 | C47: 3 | D47: 604 | E47: 2.012 | F47: 4.638 | G47: 6.34 | H47: =E47*$B$21+F47*$C$21+G47*$D$21 -> 4.90058 | I47: =H47*D47*[1]Conv!$D$31/365/[1]Conv!$D$6/[1]Conv!$J$5/10^9 -> 8.7637779 | J47: =VLOOKUP(B47,$O$41:$P$62,2,FALSE) -> R4 | K47: =VLOOKUP(C47,$O$41:$P$62,2,FALSE) -> R3 | M47: =I47*$M$39 -> 15.7748 | O47: 7 | P47: R7
B48: 4 | C48: 4 | D48: 338 | E48: 1.987 | F48: 4.638 | G48: 6.34 | H48: =E48*$B$21+F48*$C$21+G48*$D$21 -> 4.89433 | I48: =H48*D48*[1]Conv!$D$31/365/[1]Conv!$D$6/[1]Conv!$J$5/10^9 -> 4.8979787 | J48: =VLOOKUP(B48,$O$41:$P$62,2,FALSE) -> R4 | K48: =VLOOKUP(C48,$O$41:$P$62,2,FALSE) -> R4 | M48: =I48*$M$39 -> 8.8163616 | O48: 8 | P48: R8
B49: 5 | C49: 2 | D49: 523 | E49: 1.674 | F49: 5.059 | G49: 6.787 | H49: =E49*$B$21+F49*$C$21+G49*$D$21 -> 5.14587 | I49: =H49*D49*[1]Conv!$D$31/365/[1]Conv!$D$6/[1]Conv!$J$5/10^9 -> 7.9683323 | J49: =VLOOKUP(B49,$O$41:$P$62,2,FALSE) -> R5 | K49: =VLOOKUP(C49,$O$41:$P$62,2,FALSE) -> R2 | M49: =I49*$M$39 -> 14.342998 | O49: 9 | P49: R9
B50: 5 | C50: 5 | D50: 194 | E50: 1.674 | F50: 5.059 | G50: 6.787 | H50: =E50*$B$21+F50*$C$21+G50*$D$21 -> 5.14587 | I50: =H50*D50*[1]Conv!$D$31/365/[1]Conv!$D$6/[1]Conv!$J$5/10^9 -> 2.9557485 | J50: =VLOOKUP(B50,$O$41:$P$62,2,FALSE) -> R5 | K50: =VLOOKUP(C50,$O$41:$P$62,2,FALSE) -> R5 | M50: =I50*$M$39 -> 5.3203473 | O50: 10 | P50: R5
B51: 6 | C51: 3 | D51: 494 | E51: 1.674 | F51: 5.059 | G51: 6.787 | H51: =E51*$B$21+F51*$C$21+G51*$D$21 -> 5.14587 | I51: =H51*D51*[1]Conv!$D$31/365/[1]Conv!$D$6/[1]Conv!$J$5/10^9 -> 7.5264937 | J51: =VLOOKUP(B51,$O$41:$P$62,2,FALSE) -> R6 | K51: =VLOOKUP(C51,$O$41:$P$62,2,FALSE) -> R3 | M51: =I51*$M$39 -> 13.547689 | O51: 11 | P51: R8
B52: 6 | C52: 5 | D52: 447 | E52: 1.674 | F52: 5.059 | G52: 6.787 | H52: =E52*$B$21+F52*$C$21+G52*$D$21 -> 5.14587 | I52: =H52*D52*[1]Conv!$D$31/365/[1]Conv!$D$6/[1]Conv!$J$5/10^9 -> 6.8104102 | J52: =VLOOKUP(B52,$O$41:$P$62,2,FALSE) -> R6 | K52: =VLOOKUP(C52,$O$41:$P$62,2,FALSE) -> R5 | M52: =I52*$M$39 -> 12.258738 | O52: 12 | P52: R9
... B62: 8 | C62: 9 | D62: 790 | E62: 1.632 | F62: 4.214 | G62: 3.381 | H62: =E62*$B$21+F62*$C$21+G62*$D$21 -> 3.11868 | I62: =H62*D62*[1]Conv!$D$31/365/[1]Conv!$D$6/[1]Conv!$J$5/10^9 -> 7.2946565 | J62: =VLOOKUP(B62,$O$41:$P$62,2,FALSE) -> R8 | K62: =VLOOKUP(C62,$O$41:$P$62,2,FALSE) -> R9 | M62: =I62*$M$39 -> 13.130382 | O62: 22 | P62: M
B63: 8 | C63: 11 | D63: 355 | E63: 1.632 | F63: 4.214 | G63: 3.381 | H63: =E63*$B$21+F63*$C$21+G63*$D$21 -> 3.11868 | I63: =H63*D63*[1]Conv!$D$31/365/[1]Conv!$D$6/[1]Conv!$J$5/10^9 -> 3.2779786 | J63: =VLOOKUP(B63,$O$41:$P$62,2,FALSE) -> R8 | K63: =VLOOKUP(C63,$O$41:$P$62,2,FALSE) -> R8 | M63: =I63*$M$39 -> 5.9003614
B64: 8 | C64: 12 | D64: 710 | E64: 1.632 | F64: 4.214 | G64: 3.381 | H64: =E64*$B$21+F64*$C$21+G64*$D$21 -> 3.11868 | I64: =H64*D64*[1]Conv!$D$31/365/[1]Conv!$D$6/[1]Conv!$J$5/10^9 -> 6.5559571 | J64: =VLOOKUP(B64,$O$41:$P$62,2,FALSE) -> R8 | K64: =VLOOKUP(C64,$O$41:$P$62,2,FALSE) -> R9 | M64: =I64*$M$39 -> 11.800723
B65: 9 | C65: 9 | D65: 465 | E65: 1.235 | F65: 4.214 | G65: 3.381 | H65: =E65*$B$21+F65*$C$21+G65*$D$21 -> 3.01943 | I65: =H65*D65*[1]Conv!$D$31/365/[1]Conv!$D$6/[1]Conv!$J$5/10^9 -> 4.1570463 | J65: =VLOOKUP(B65,$O$41:$P$62,2,FALSE) -> R9 | K65: =VLOOKUP(C65,$O$41:$P$62,2,FALSE) -> R9 | M65: =I65*$M$39 -> 7.4826833
B66: 9 | C66: 12 | D66: 355 | E66: 1.235 | F66: 4.214 | G66: 3.381 | H66: =E66*$B$21+F66*$C$21+G66*$D$21 -> 3.01943 | I66: =H66*D66*[1]Conv!$D$31/365/[1]Conv!$D$6/[1]Conv!$J$5/10^9 -> 3.173659 | J66: =VLOOKUP(B66,$O$41:$P$62,2,FALSE) -> R9 | K66: =VLOOKUP(C66,$O$41:$P$62,2,FALSE) -> R9 | M66: =I66*$M$39 -> 5.7125862
B67: 10 | C67: 10 | D67: 150 | E67: 1.674 | F67: 6.291 | G67: 6.787 | H67: =E67*$B$21+F67*$C$21+G67*$D$21 -> 5.40459 | I67: =H67*D67*[1]Conv!$D$31/365/[1]Conv!$D$6/[1]Conv!$J$5/10^9 -> 2.4002747 | J67: =VLOOKUP(B67,$O$41:$P$62,2,FALSE) -> R5 | K67: =VLOOKUP(C67,$O$41:$P$62,2,FALSE) -> R5 | M67: =I67*$M$39 -> 4.3204945
B68: 11 | C68: 7 | D68: 277 | E68: 1.347 | F68: 3.233 | G68: 3.628 | H68: =E68*$B$21+F68*$C$21+G68*$D$21 -> 2.9748 | I68: =H68*D68*[1]Conv!$D$31/365/[1]Conv!$D$6/[1]Conv!$J$5/10^9 -> 2.4397453 | J68: =VLOOKUP(B68,$O$41:$P$62,2,FALSE) -> R8 | K68: =VLOOKUP(C68,$O$41:$P$62,2,FALSE) -> R7 | M68: =I68*$M$39 -> 4.3915415
B69: 11 | C69: 11 | D69: 504 | E69: 1.235 | F69: 3.233 | G69: 3.628 | H69: =E69*$B$21+F69*$C$21+G69*$D$21 -> 2.9468 | I69: =H69*D69*[1]Conv!$D$31/365/[1]Conv!$D$6/[1]Conv!$J$5/10^9 -> 4.3973207 | J69: =VLOOKUP(B69,$O$41:$P$62,2,FALSE) -> R8 | K69: =VLOOKUP(C69,$O$41:$P$62,2,FALSE) -> R8 | M69: =I69*$M$39 -> 7.9151772
B70: 11 | C70: 12 | D70: 320 | E70: 1.235 | F70: 3.233 | G70: 3.628 | H70: =E70*$B$21+F70*$C$21+G70*$D$21 -> 2.9468 | I70: =H70*D70*[1]Conv!$D$31/365/[1]Conv!$D$6/[1]Conv!$J$5/10^9 -> 2.7919496 | J70: =VLOOKUP(B70,$O$41:$P$62,2,FALSE) -> R8 | K70: =VLOOKUP(C70,$O$41:$P$62,2,FALSE) -> R9 | M70: =I70*$M$39 -> 5.0255093
B71: 12 | C71: 12 | D71: 385 | E71: 1.235 | F71: 3.007 | G71: 3.307 | H71: =E71*$B$21+F71*$C$21+G71*$D$21 -> 2.726 | I71: =H71*D71*[1]Conv!$D$31/365/[1]Conv!$D$6/[1]Conv!$J$5/10^9 -> 3.107374 | J71: =VLOOKUP(B71,$O$41:$P$62,2,FALSE) -> R9 | K71: =VLOOKUP(C71,$O$41:$P$62,2,FALSE) -> R9 | M71: =I71*$M$39 -> 5.5932731
B72: 13 | C72: 1 | D72: 218 | E72: 2.396 | F72: 5.554 | G72: 3.486 | H72: =E72*$B$21+F72*$C$21+G72*$D$21 -> 3.64778 | I72: =H72*D72*[1]Conv!$D$31/365/[1]Conv!$D$6/[1]Conv!$J$5/10^9 -> 2.3544641 | J72: =VLOOKUP(B72,$O$41:$P$62,2,FALSE) -> C | K72: =VLOOKUP(C72,$O$41:$P$62,2,FALSE) -> R1 | M72: =I72*$M$39 -> 4.2380354
B73: 14 | C73: 2 | D73: 137 | E73: 2.166 | F73: 5.554 | G73: 3.486 | H73: =E73*$B$21+F73*$C$21+G73*$D$21 -> 3.59028 | I73: =H73*D73*[1]Conv!$D$31/365/[1]Conv!$D$6/[1]Conv!$J$5/10^9 -> 1.4563167 | J73: =VLOOKUP(B73,$O$41:$P$62,2,FALSE) -> C | K73: =VLOOKUP(C73,$O$41:$P$62,2,FALSE) -> R2 | M73: =I73*$M$39 -> 2.62137
B74: 15 | C74: 3 | D74: 163 | E74: 2.172 | F74: 4.638 | G74: 3.243 | H74: =E74*$B$21+F74*$C$21+G74*$D$21 -> 3.2682 | I74: =H74*D74*[1]Conv!$D$31/365/[1]Conv!$D$6/[1]Conv!$J$5/10^9 -> 1.5772596 | J74: =VLOOKUP(B74,$O$41:$P$62,2,FALSE) -> C | K74: =VLOOKUP(C74,$O$41:$P$62,2,FALSE) -> R3 | M74: =I74*$M$39 -> 2.8390672
... B79: 19 | C79: 9 | D79: 793 | E79: 1.235 | F79: 4.214 | G79: 3.381 | H79: =E79*$B$21+F79*$C$21+G79*$D$21 -> 3.01943 | I79: =H79*D79*[1]Conv!$D$31/365/[1]Conv!$D$6/[1]Conv!$J$5/10^9 -> 7.0893284 | J79: =VLOOKUP(B79,$O$41:$P$62,2,FALSE) -> C | K79: =VLOOKUP(C79,$O$41:$P$62,2,FALSE) -> R9 | M79: =I79*$M$39 -> 12.760791
A84: In order to access North Slope Alaska and Mackenzie Delta supplies, the following pipelines must be built. The gas will then be ready to import from Alberta (split to all import regions except New England (Shares Rows 35-38)
A85: Note: I can't find where the North Slope Alaska supply is hooked to the supply techs, so I've just indicated the line of the Shares sheet that applies
B87: Supply accessed | C87: Cap. Cost (from NEMS) | D87: Capacity (from NEMS) | E87: INVCOST | F87: Expansion potential (from NEMS) | G87: BOUND(UP)
C88: B2004$ | D88: Bcf/day | E88: M 2000$/PJ /a | F88: % | G88: PJ/a
A89: North Slope Alaska | B89: see Shares Row 20 | C89: 14.6 | D89: 3.9 | E89: =C89*1000*[1]Conv!$D$38/D89/365/[1]Conv!$D$6/[1]Conv!$J$5/10^9 -> 9.5119373 | F89: 22 | G89: =(1+F89/100)*D89*365*[1]Conv!$D$6*[1]Conv!$J$5*10^9 -> 1872.5944
A90: Mackenzie Delta | B90: IMPNGACB | C90: 5.1 | D90: 1.1 | E90: =C90*1000*[1]Conv!$D$38/D90/365/[1]Conv!$D$6/[1]Conv!$J$5/10^9 -> 11.780351 | F90: 58 | G90: =(1+F90/100)*D90*365*[1]Conv!$D$6*[1]Conv!$J$5*10^9 -> 684.02038
A92: From Assumptions to AEO 2006, page 104
A93: Source: Energy Information Administration, Office of Integrated Analysis and Forecasting. Alaska pipeline data are partially
A94: based on information from British Petroleum/ExxonMobil/Conoco Phillips and reflect assumed impact on Alaska pipeline finances
A95: as a result of the American Jobs Creation Act of 2004 and the Military Construction Appropriations Act, 2004.

Sheet NG data
G1: START | H1: LIFE | I1: INP(ENT)p | J1: OUT(ENC)p | K1: BOUND(UP) | L1: VAROM | M1: VAROM | N1: VAROM | O1: VAROM | P1: VAROM | Q1: VAROM | R1: VAROM | S1: VAROM | T1: VAROM | U1: VAROM | V1: VAROM | W1: INVCOST
B3: TechName | C3: TechDesc | D3: Units | E3: CommIN | F3: CommOUT | G3: TID | H3: TID | L3: 2005 | M3: 2010 | N3: 2015 | O3: 2020 | P3: 2025 | Q3: 2030 | R3: 2035 | S3: 2040 | T3: 2045 | U3: 2050 | V3: 2055
A4: * Traded natural gas Pipeline technologies
A5: * Imported natural gas Pipeline technologies
A6: R1 | B6: XNGAC1E | C6: Existing Pipeline for Import Canadian natural gas to R1 | D6: PJ, PJ/a | E6: NGAC1 | F6: NGA | G6: 2005 | H6: 55 | I6: 1 | J6: 1 | K6: =NGCap!B23*NGCap!$O$4*NGCap!$O$5*10^9 -> 228.88562
A7: R2 | B7: XNGAC2E | C7: Existing Pipeline for Import Canadian natural gas to R2 | E7: NGAC2 | F7: NGA | G7: 2005 | H7: 55 | I7: 1 | J7: 1 | K7: =NGCap!B24*NGCap!$O$4*NGCap!$O$5*10^9 -> 468.14854
A8: R4 | B8: XNGAC4E | C8: Existing Pipeline for Import Canadian natural gas to R4 | E8: NGAC4 | F8: NGA | G8: 2005 | H8: 55 | I8: 1 | J8: 1 | K8: =NGCap!B25*NGCap!$O$4*NGCap!$O$5*10^9 -> 2006.4115
A9: R8 | B9: XNGAC8E | C9: Existing Pipeline for Import Canadian natural gas to R8 | E9: NGAC8 | F9: NGA | G9: 2005 | H9: 55 | I9: 1 | J9: 1 | K9: =NGCap!B26*NGCap!$O$4*NGCap!$O$5*10^9 -> 35.754347
A10: R9 | B10: XNGAC9E | C10: Existing Pipeline for Import Canadian natural gas to R9 | E10: NGAC9 | F10: NGA | G10: 2005 | H10: 55 | I10: 1 | J10: 1 | K10: =NGCap!B27*NGCap!$O$4*NGCap!$O$5*10^9 -> 1121.7267
A11: R1 | B11: XNGAC1N | C11: New Pipeline for Import Canadian natural gas to R1 | E11: NGAC1 | F11: NGA | G11: 2005 | H11: 55 | I11: 1 | J11: 1 | W11: 4.2380354
A12: R2 | B12: XNGAC2N | C12: New Pipeline for Import Canadian natural gas to R2 | E12: NGAC2 | F12: NGA | G12: 2005 | H12: 55 | I12: 1 | J12: 1 | W12: 2.62137
A13: R4 | B13: XNGAC4N | C13: New Pipeline for Import Canadian natural gas to R4 | E13: NGAC4 | F13: NGA | G13: 2005 | H13: 55 | I13: 1 | J13: 1 | W13: 8.5091105
A14: R8 | B14: XNGAC8N | C14: New Pipeline for Import Canadian natural gas to R8 | E14: NGAC8 | F14: NGA | G14: 2005 | H14: 55 | I14: 1 | J14: 1 | W14: 7.9762289
A15: R9 | B15: XNGAC9N | C15: New Pipeline for Import Canadian natural gas to R9 | E15: NGAC9 | F15: NGA | G15: 2005 | H15: 55 | I15: 1 | J15: 1 | W15: 8.512558
A16: *
A17: R1 | B17: XNGALE1E | C17: Infrastructure for Import LNG to Existing terminal in R1 | E17: NGALE1 | F17: NGA | G17: 2005 | H17: 55 | I17: 1 | J17: 1 | K17: =NGCap!B125*NGCap!$O$4*NGCap!$O$5*10^12 -> 215.4755
A18: R5 | B18: XNGALE5E | C18: Infrastructure for Import LNG to Existing terminal in R5 | E18: NGALE5 | F18: NGA | G18: 2005 | H18: 55 | I18: 1 | J18: 1 | K18: =(NGCap!B126+NGCap!B127)*NGCap!$O$4*NGCap!$O$5*10^12 -> 660.43243
A19: R7 | B19: XNGALE7E | C19: Infrastructure for Import LNG to Existing terminal in R7 | E19: NGALE7 | F19: NGA | G19: 2005 | H19: 55 | I19: 1 | J19: 1 | K19: =(NGCap!B128+NGCap!B133)*NGCap!$O$4*NGCap!$O$5*10^12 -> 590.40288
A20: R1 | B20: XNGALE1N | C20: New Infrastructure for Import LNG to Existing terminal in R1 | E20: NGALE1 | F20: NGA | G20: 2005 | H20: 55 | I20: 1 | J20: 1 | W20: 4.4957141
A21: R5 | B21: XNGALE5N | C21: New Infrastructure for Import LNG to Existing terminal in R5 | E21: NGALE5 | F21: NGA | G21: 2005 | H21: 55 | I21: 1 | J21: 1 | W21: 4.4957141
A22: R7 | B22: XNGALE7N | C22: New Infrastructure for Import LNG to Existing terminal in R7 | E22: NGALE7 | F22: NGA | G22: 2005 | H22: 55 | I22: 1 | J22: 1 | W22: 4.4957141
A23: *
