Workbook

Sheet IND
V2: Table 93. Fuel Relaxation Percentages
V3: General Industry Category | W3: Natural Gas | X3: Coal | Y3: NG | Z3: Coal
V4: Feedstocks | W4: 0.9
V5: Food | W5: 28 | X5: 20 | Y5: =1-(W5/100) -> 0.72 | Z5: =1-(X5/100) -> 0.8
V6: Paper | W6: 32 | X6: 23 | Y6: =1-(W6/100) -> 0.68 | Z6: =1-(X6/100) -> 0.77
V7: Chemicals | W7: 10 | X7: 36 | Y7: =1-(W7/100) -> 0.9 | Z7: =1-(X7/100) -> 0.64
V8: Nonmetallic Mineral Products | W8: 29 | X8: 51 | Y8: =1-(W8/100) -> 0.71 | Z8: =1-(X8/100) -> 0.49
V9: Primary Metals | W9: 12 | X9: 3 | Y9: =1-(W9/100) -> 0.88 | Z9: =1-(X9/100) -> 0.97
V10: Other | W10: 20 | X10: 20 | Y10: =1-(W10/100) -> 0.8 | Z10: =1-(X10/100) -> 0.8
V11: Source: 2007 OPEI Report
V12: epa.gov/sectors/pdf/energy/report.pdf
B13: ~UC_Sets: R_E: R1,R2,R3,R4,R5,R6,R7,R8,R9
B14: ~UC_Sets: T_E:
F16: ~UC_T: UC_COMPRD~2011 | Y16: ~UC_T: UC_COMPRD~2055
C17: UC_N | D17: PSET_SET | E17: CSET_CN | F17: LimType | G17: UC_FLO | H17: R1 | I17: R2 | J17: R3 | K17: R4 | L17: R5 | M17: R6 | N17: R7 | O17: R8 | P17: R9 | Q17: UC_RHSRT | R17: UC_RHSRT~0 | S17: UC_Desc | V17: UC_N | W17: PSET_SET | X17: CSET_CN | Y17: LimType | Z17: UC_FLO | AA17: R1 | AB17: R2 | AC17: R3 | AD17: R4 | AE17: R5 | AF17: R6 | AG17: R7 | AH17: R8 | AI17: R9 | AJ17: UC_Desc
C18: S_IFDFSNGA | D18: IFDFS_NGA | E18: IFDFEED | F18: LO | G18: 1 | H18: =IF(SUMIFS('Industrial Summary'!$G:$G,'Industrial Summary'!$F:$F,H$17,'Industrial Summary'!$D:$D,$E18)>0,(-SUMIFS('Industrial Summary'!$G:$G,'Industrial Summary'!$F:$F,H$17,'Industrial Summary'!$D:$D,$E18,'Industrial Summary'!$A:$A,"NGA")/SUMIFS('Industrial Summary'!$G:$G,'Industrial Summary'!$F:$F,H$17,'Industrial Summary'!$D:$D,$E18)),0)*0.98 -> 0 | I18: =IF(SUMIFS('Industrial Summary'!$G:$G,'Industrial Summary'!$F:$F,I$17,'Industrial Summary'!$D:$D,$E18)>0,(-SUMIFS('Industrial Summary'!$G:$G,'Industrial Summary'!$F:$F,I$17,'Industrial Summary'!$D:$D,$E18,'Industrial Summary'!$A:$A,"NGA")/SUMIFS('Industrial Summary'!$G:$G,'Industrial Summary'!$F:$F,I$17,'Industrial Summary'!$D:$D,$E18)),0)*0.98 -> 0 | J18: =IF(SUMIFS('Industrial Summary'!$G:$G,'Industrial Summary'!$F:$F,J$17,'Industrial Summary'!$D:$D,$E18)>0,(-SUMIFS('Industrial Summary'!$G:$G,'Industrial Summary'!$F:$F,J$17,'Industrial Summary'!$D:$D,$E18,'Industrial Summary'!$A:$A,"NGA")/SUMIFS('Industrial Summary'!$G:$G,'Industrial Summary'!$F:$F,J$17,'Industrial Summary'!$D:$D,$E18)),0)*0.98 -> -0.67515689 | K18: =IF(SUMIFS('Industrial Summary'!$G:$G,'Industrial Summary'!$F:$F,K$17,'Industrial Summary'!$D:$D,$E18)>0,(-SUMIFS('Industrial Summary'!$G:$G,'Industrial Summary'!$F:$F,K$17,'Industrial Summary'!$D:$D,$E18,'Industrial Summary'!$A:$A,"NGA")/SUMIFS('Industrial Summary'!$G:$G,'Industrial Summary'!$F:$F,K$17,'Industrial Summary'!$D:$D,$E18)),0)*0.98 -> -0.7181206 | L18: =IF(SUMIFS('Industrial Summary'!$G:$G,'Industrial Summary'!$F:$F,L$17,'Industrial Summary'!$D:$D,$E18)>0,(-SUMIFS('Industrial Summary'!$G:$G,'Industrial Summary'!$F:$F,L$17,'Industrial Summary'!$D:$D,$E18,'Industrial Summary'!$A:$A,"NGA")/SUMIFS('Industrial Summary'!$G:$G,'Industrial Summary'!$F:$F,L$17,'Industrial Summary'!$D:$D,$E18)),0)*0.98 -> 0 | M18: =IF(SUMIFS('Industrial Summary'!$G:$G,'Industrial Summary'!$F:$F,M$17,'Industrial Summary'!$D:$D,$E18)>0,(-SUMIFS('Industrial Summary'!$G:$G,'Industrial Summary'!$F:$F,M$17,'Industrial Summary'!$D:$D,$E18,'Industrial Summary'!$A:$A,"NGA")/SUMIFS('Industrial Summary'!$G:$G,'Industrial Summary'!$F:$F,M$17,'Industrial Summary'!$D:$D,$E18)),0)*0.98 -> 0 | N18: =IF(SUMIFS('Industrial Summary'!$G:$G,'Industrial Summary'!$F:$F,N$17,'Industrial Summary'!$D:$D,$E18)>0,(-SUMIFS('Industrial Summary'!$G:$G,'Industrial Summary'!$F:$F,N$17,'Industrial Summary'!$D:$D,$E18,'Industrial Summary'!$A:$A,"NGA")/SUMIFS('Industrial Summary'!$G:$G,'Industrial Summary'!$F:$F,N$17,'Industrial Summary'!$D:$D,$E18)),0)*0.98 -> 0 | O18: =IF(SUMIFS('Industrial Summary'!$G:$G,'Industrial Summary'!$F:$F,O$17,'Industrial Summary'!$D:$D,$E18)>0,(-SUMIFS('Industrial Summary'!$G:$G,'Industrial Summary'!$F:$F,O$17,'Industrial Summary'!$D:$D,$E18,'Industrial Summary'!$A:$A,"NGA")/SUMIFS('Industrial Summary'!$G:$G,'Industrial Summary'!$F:$F,O$17,'Industrial Summary'!$D:$D,$E18)),0)*0.98 -> -0.98 | P18: =IF(SUMIFS('Industrial Summary'!$G:$G,'Industrial Summary'!$F:$F,P$17,'Industrial Summary'!$D:$D,$E18)>0,(-SUMIFS('Industrial Summary'!$G:$G,'Industrial Summary'!$F:$F,P$17,'Industrial Summary'!$D:$D,$E18,'Industrial Summary'!$A:$A,"NGA")/SUMIFS('Industrial Summary'!$G:$G,'Industrial Summary'!$F:$F,P$17,'Industrial Summary'!$D:$D,$E18)),0)*0.98 -> -0.98 | Q18: 0 | R18: 15 | S18: =_xlfn.CONCAT("UC_",D18) -> UC_IFDFS_NGA | V18: =C18 -> S_IFDFSNGA | W18: =D18 -> IFDFS_NGA | X18: =E18 -> IFDFEED | Y18: =F18 -> LO | Z18: 1 | AA18: =H18*$AM18 -> 0 | AB18: =I18*$AM18 -> 0 | AC18: =J18*$AM18 -> -0.48611296 | AD18: =K18*$AM18 -> -0.51704683 | AE18: =L18*$AM18 -> 0 | AF18: =M18*$AM18 -> 0 | AG18: =N18*$AM18 -> 0 | AH18: =O18*$AM18 -> -0.7056 | AI18: =P18*$AM18 -> -0.7056 | AL18: =RIGHT(W18,3) -> NGA | AM18: =Y5 -> 0.72
C19: S_IFDFSLPG | D19: IFDFS_LPG | E19: IFDFEED | F19: LO | G19: 1 | H19: =IF(SUMIFS('Industrial Summary'!$G:$G,'Industrial Summary'!$F:$F,H$17,'Industrial Summary'!$D:$D,$E19)>0,(-SUMIFS('Industrial Summary'!$G:$G,'Industrial Summary'!$F:$F,H$17,'Industrial Summary'!$D:$D,$E19,'Industrial Summary'!$A:$A,"LPG")/SUMIFS('Industrial Summary'!$G:$G,'Industrial Summary'!$F:$F,H$17,'Industrial Summary'!$D:$D,$E19)),0)*0.98 -> 0 | I19: =IF(SUMIFS('Industrial Summary'!$G:$G,'Industrial Summary'!$F:$F,I$17,'Industrial Summary'!$D:$D,$E19)>0,(-SUMIFS('Industrial Summary'!$G:$G,'Industrial Summary'!$F:$F,I$17,'Industrial Summary'!$D:$D,$E19,'Industrial Summary'!$A:$A,"LPG")/SUMIFS('Industrial Summary'!$G:$G,'Industrial Summary'!$F:$F,I$17,'Industrial Summary'!$D:$D,$E19)),0)*0.98 -> 0 | J19: =IF(SUMIFS('Industrial Summary'!$G:$G,'Industrial Summary'!$F:$F,J$17,'Industrial Summary'!$D:$D,$E19)>0,(-SUMIFS('Industrial Summary'!$G:$G,'Industrial Summary'!$F:$F,J$17,'Industrial Summary'!$D:$D,$E19,'Industrial Summary'!$A:$A,"LPG")/SUMIFS('Industrial Summary'!$G:$G,'Industrial Summary'!$F:$F,J$17,'Industrial Summary'!$D:$D,$E19)),0)*0.98 -> -0.029486178 | K19: =IF(SUMIFS('Industrial Summary'!$G:$G,'Industrial Summary'!$F:$F,K$17,'Industrial Summary'!$D:$D,$E19)>0,(-SUMIFS('Industrial Summary'!$G:$G,'Industrial Summary'!$F:$F,K$17,'Industrial Summary'!$D:$D,$E19,'Industrial Summary'!$A:$A,"LPG")/SUMIFS('Industrial Summary'!$G:$G,'Industrial Summary'!$F:$F,K$17,'Industrial Summary'!$D:$D,$E19)),0)*0.98 -> 0 | L19: =IF(SUMIFS('Industrial Summary'!$G:$G,'Industrial Summary'!$F:$F,L$17,'Industrial Summary'!$D:$D,$E19)>0,(-SUMIFS('Industrial Summary'!$G:$G,'Industrial Summary'!$F:$F,L$17,'Industrial Summary'!$D:$D,$E19,'Industrial Summary'!$A:$A,"LPG")/SUMIFS('Industrial Summary'!$G:$G,'Industrial Summary'!$F:$F,L$17,'Industrial Summary'!$D:$D,$E19)),0)*0.98 -> 0 | M19: =IF(SUMIFS('Industrial Summary'!$G:$G,'Industrial Summary'!$F:$F,M$17,'Industrial Summary'!$D:$D,$E19)>0,(-SUMIFS('Industrial Summary'!$G:$G,'Industrial Summary'!$F:$F,M$17,'Industrial Summary'!$D:$D,$E19,'Industrial Summary'!$A:$A,"LPG")/SUMIFS('Industrial Summary'!$G:$G,'Industrial Summary'!$F:$F,M$17,'Industrial Summary'!$D:$D,$E19)),0)*0.98 -> 0 | N19: =IF(SUMIFS('Industrial Summary'!$G:$G,'Industrial Summary'!$F:$F,N$17,'Industrial Summary'!$D:$D,$E19)>0,(-SUMIFS('Industrial Summary'!$G:$G,'Industrial Summary'!$F:$F,N$17,'Industrial Summary'!$D:$D,$E19,'Industrial Summary'!$A:$A,"LPG")/SUMIFS('Industrial Summary'!$G:$G,'Industrial Summary'!$F:$F,N$17,'Industrial Summary'!$D:$D,$E19)),0)*0.98 -> 0 | O19: =IF(SUMIFS('Industrial Summary'!$G:$G,'Industrial Summary'!$F:$F,O$17,'Industrial Summary'!$D:$D,$E19)>0,(-SUMIFS('Industrial Summary'!$G:$G,'Industrial Summary'!$F:$F,O$17,'Industrial Summary'!$D:$D,$E19,'Industrial Summary'!$A:$A,"LPG")/SUMIFS('Industrial Summary'!$G:$G,'Industrial Summary'!$F:$F,O$17,'Industrial Summary'!$D:$D,$E19)),0)*0.98 -> 0 | P19: =IF(SUMIFS('Industrial Summary'!$G:$G,'Industrial Summary'!$F:$F,P$17,'Industrial Summary'!$D:$D,$E19)>0,(-SUMIFS('Industrial Summary'!$G:$G,'Industrial Summary'!$F:$F,P$17,'Industrial Summary'!$D:$D,$E19,'Industrial Summary'!$A:$A,"LPG")/SUMIFS('Industrial Summary'!$G:$G,'Industrial Summary'!$F:$F,P$17,'Industrial Summary'!$D:$D,$E19)),0)*0.98 -> 0 | Q19: 0 | R19: 15 | S19: =_xlfn.CONCAT("UC_",D19) -> UC_IFDFS_LPG | V19: =C19 -> S_IFDFSLPG | W19: =D19 -> IFDFS_LPG | X19: =E19 -> IFDFEED | Y19: =F19 -> LO | Z19: 1 | AA19: =H19*$AM19 -> 0 | AB19: =I19*$AM19 -> 0 | AC19: =J19*$AM19 -> -0.021230048 | AD19: =K19*$AM19 -> 0 | AE19: =L19*$AM19 -> 0 | AF19: =M19*$AM19 -> 0 | AG19: =N19*$AM19 -> 0 | AH19: =O19*$AM19 -> 0 | AI19: =P19*$AM19 -> 0 | AL19: =RIGHT(W19,3) -> LPG | AM19: =Y5 -> 0.72
C20: S_IFDFSBIO | D20: IFDFS_BIO | E20: IFDFEED | F20: LO | G20: 1 | H20: =IF(SUMIFS('Industrial Summary'!$G:$G,'Industrial Summary'!$F:$F,H$17,'Industrial Summary'!$D:$D,$E20)>0,(-SUMIFS('Industrial Summary'!$G:$G,'Industrial Summary'!$F:$F,H$17,'Industrial Summary'!$D:$D,$E20,'Industrial Summary'!$A:$A,"BIO")/SUMIFS('Industrial Summary'!$G:$G,'Industrial Summary'!$F:$F,H$17,'Industrial Summary'!$D:$D,$E20)),0)*0.98 -> 0 | I20: =IF(SUMIFS('Industrial Summary'!$G:$G,'Industrial Summary'!$F:$F,I$17,'Industrial Summary'!$D:$D,$E20)>0,(-SUMIFS('Industrial Summary'!$G:$G,'Industrial Summary'!$F:$F,I$17,'Industrial Summary'!$D:$D,$E20,'Industrial Summary'!$A:$A,"BIO")/SUMIFS('Industrial Summary'!$G:$G,'Industrial Summary'!$F:$F,I$17,'Industrial Summary'!$D:$D,$E20)),0)*0.98 -> 0 | J20: =IF(SUMIFS('Industrial Summary'!$G:$G,'Industrial Summary'!$F:$F,J$17,'Industrial Summary'!$D:$D,$E20)>0,(-SUMIFS('Industrial Summary'!$G:$G,'Industrial Summary'!$F:$F,J$17,'Industrial Summary'!$D:$D,$E20,'Industrial Summary'!$A:$A,"BIO")/SUMIFS('Industrial Summary'!$G:$G,'Industrial Summary'!$F:$F,J$17,'Industrial Summary'!$D:$D,$E20)),0)*0.98 -> -0.27535693 | K20: =IF(SUMIFS('Industrial Summary'!$G:$G,'Industrial Summary'!$F:$F,K$17,'Industrial Summary'!$D:$D,$E20)>0,(-SUMIFS('Industrial Summary'!$G:$G,'Industrial Summary'!$F:$F,K$17,'Industrial Summary'!$D:$D,$E20,'Industrial Summary'!$A:$A,"BIO")/SUMIFS('Industrial Summary'!$G:$G,'Industrial Summary'!$F:$F,K$17,'Industrial Summary'!$D:$D,$E20)),0)*0.98 -> -0.2618794 | L20: =IF(SUMIFS('Industrial Summary'!$G:$G,'Industrial Summary'!$F:$F,L$17,'Industrial Summary'!$D:$D,$E20)>0,(-SUMIFS('Industrial Summary'!$G:$G,'Industrial Summary'!$F:$F,L$17,'Industrial Summary'!$D:$D,$E20,'Industrial Summary'!$A:$A,"BIO")/SUMIFS('Industrial Summary'!$G:$G,'Industrial Summary'!$F:$F,L$17,'Industrial Summary'!$D:$D,$E20)),0)*0.98 -> 0 | M20: =IF(SUMIFS('Industrial Summary'!$G:$G,'Industrial Summary'!$F:$F,M$17,'Industrial Summary'!$D:$D,$E20)>0,(-SUMIFS('Industrial Summary'!$G:$G,'Industrial Summary'!$F:$F,M$17,'Industrial Summary'!$D:$D,$E20,'Industrial Summary'!$A:$A,"BIO")/SUMIFS('Industrial Summary'!$G:$G,'Industrial Summary'!$F:$F,M$17,'Industrial Summary'!$D:$D,$E20)),0)*0.98 -> 0 | N20: =IF(SUMIFS('Industrial Summary'!$G:$G,'Industrial Summary'!$F:$F,N$17,'Industrial Summary'!$D:$D,$E20)>0,(-SUMIFS('Industrial Summary'!$G:$G,'Industrial Summary'!$F:$F,N$17,'Industrial Summary'!$D:$D,$E20,'Industrial Summary'!$A:$A,"BIO")/SUMIFS('Industrial Summary'!$G:$G,'Industrial Summary'!$F:$F,N$17,'Industrial Summary'!$D:$D,$E20)),0)*0.98 -> 0 | O20: =IF(SUMIFS('Industrial Summary'!$G:$G,'Industrial Summary'!$F:$F,O$17,'Industrial Summary'!$D:$D,$E20)>0,(-SUMIFS('Industrial Summary'!$G:$G,'Industrial Summary'!$F:$F,O$17,'Industrial Summary'!$D:$D,$E20,'Industrial Summary'!$A:$A,"BIO")/SUMIFS('Industrial Summary'!$G:$G,'Industrial Summary'!$F:$F,O$17,'Industrial Summary'!$D:$D,$E20)),0)*0.98 -> 0 | P20: =IF(SUMIFS('Industrial Summary'!$G:$G,'Industrial Summary'!$F:$F,P$17,'Industrial Summary'!$D:$D,$E20)>0,(-SUMIFS('Industrial Summary'!$G:$G,'Industrial Summary'!$F:$F,P$17,'Industrial Summary'!$D:$D,$E20,'Industrial Summary'!$A:$A,"BIO")/SUMIFS('Industrial Summary'!$G:$G,'Industrial Summary'!$F:$F,P$17,'Industrial Summary'!$D:$D,$E20)),0)*0.98 -> 0 | Q20: 0 | R20: 15 | S20: =_xlfn.CONCAT("UC_",D20) -> UC_IFDFS_BIO | V20: =C20 -> S_IFDFSBIO | W20: =D20 -> IFDFS_BIO | X20: =E20 -> IFDFEED | Y20: =F20 -> LO | Z20: 1 | AA20: =H20*$AM20 -> 0 | AB20: =I20*$AM20 -> 0 | AC20: =J20*$AM20 -> -0.27535693 | AD20: =K20*$AM20 -> -0.2618794 | AE20: =L20*$AM20 -> 0 | AF20: =M20*$AM20 -> 0 | AG20: =N20*$AM20 -> 0 | AH20: =O20*$AM20 -> 0 | AI20: =P20*$AM20 -> 0 | AL20: =RIGHT(W20,3) -> BIO | AM20: =1 -> 1
C21: S_IFDSTELC | D21: IFDST_ELC | E21: IFDSTM | F21: LO | G21: 1 | H21: =(IF(SUMIFS('Industrial Summary'!$G:$G,'Industrial Summary'!$F:$F,H$17,'Industrial Summary'!$D:$D,$E21)>0,((-SUMIFS('Industrial Summary'!$G:$G,'Industrial Summary'!$F:$F,H$17,'Industrial Summary'!$D:$D,$E21,'Industrial Summary'!$A:$A,"ELC")+-SUMIFS('Industrial Summary'!$G:$G,'Industrial Summary'!$F:$F,H$17,'Industrial Summary'!$D:$D,"IFDFSTM",'Industrial Summary'!$A:$A,"ELC"))/SUMIFS('Industrial Summary'!$G:$G,'Industrial Summary'!$F:$F,H$17,'Industrial Summary'!$D:$D,$E21)),0))*0.98 -> -0.049360046 | I21: =(IF(SUMIFS('Industrial Summary'!$G:$G,'Industrial Summary'!$F:$F,I$17,'Industrial Summary'!$D:$D,$E21)>0,((-SUMIFS('Industrial Summary'!$G:$G,'Industrial Summary'!$F:$F,I$17,'Industrial Summary'!$D:$D,$E21,'Industrial Summary'!$A:$A,"ELC")+-SUMIFS('Industrial Summary'!$G:$G,'Industrial Summary'!$F:$F,I$17,'Industrial Summary'!$D:$D,"IFDFSTM",'Industrial Summary'!$A:$A,"ELC"))/SUMIFS('Industrial Summary'!$G:$G,'Industrial Summary'!$F:$F,I$17,'Industrial Summary'!$D:$D,$E21)),0))*0.98 -> -0.05534842 | J21: =(IF(SUMIFS('Industrial Summary'!$G:$G,'Industrial Summary'!$F:$F,J$17,'Industrial Summary'!$D:$D,$E21)>0,((-SUMIFS('Industrial Summary'!$G:$G,'Industrial Summary'!$F:$F,J$17,'Industrial Summary'!$D:$D,$E21,'Industrial Summary'!$A:$A,"ELC")+-SUMIFS('Industrial Summary'!$G:$G,'Industrial Summary'!$F:$F,J$17,'Industrial Summary'!$D:$D,"IFDFSTM",'Industrial Summary'!$A:$A,"ELC"))/SUMIFS('Industrial Summary'!$G:$G,'Industrial Summary'!$F:$F,J$17,'Industrial Summary'!$D:$D,$E21)),0))*0.98 -> -0.024687584 | K21: =(IF(SUMIFS('Industrial Summary'!$G:$G,'Industrial Summary'!$F:$F,K$17,'Industrial Summary'!$D:$D,$E21)>0,((-SUMIFS('Industrial Summary'!$G:$G,'Industrial Summary'!$F:$F,K$17,'Industrial Summary'!$D:$D,$E21,'Industrial Summary'!$A:$A,"ELC")+-SUMIFS('Industrial Summary'!$G:$G,'Industrial Summary'!$F:$F,K$17,'Industrial Summary'!$D:$D,"IFDFSTM",'Industrial Summary'!$A:$A,"ELC"))/SUMIFS('Industrial Summary'!$G:$G,'Industrial Summary'!$F:$F,K$17,'Industrial Summary'!$D:$D,$E21)),0))*0.98 -> -0.01162323 | L21: =(IF(SUMIFS('Industrial Summary'!$G:$G,'Industrial Summary'!$F:$F,L$17,'Industrial Summary'!$D:$D,$E21)>0,((-SUMIFS('Industrial Summary'!$G:$G,'Industrial Summary'!$F:$F,L$17,'Industrial Summary'!$D:$D,$E21,'Industrial Summary'!$A:$A,"ELC")+-SUMIFS('Industrial Summary'!$G:$G,'Industrial Summary'!$F:$F,L$17,'Industrial Summary'!$D:$D,"IFDFSTM",'Industrial Summary'!$A:$A,"ELC"))/SUMIFS('Industrial Summary'!$G:$G,'Industrial Summary'!$F:$F,L$17,'Industrial Summary'!$D:$D,$E21)),0))*0.98 -> -0.010565124 | M21: =(IF(SUMIFS('Industrial Summary'!$G:$G,'Industrial Summary'!$F:$F,M$17,'Industrial Summary'!$D:$D,$E21)>0,((-SUMIFS('Industrial Summary'!$G:$G,'Industrial Summary'!$F:$F,M$17,'Industrial Summary'!$D:$D,$E21,'Industrial Summary'!$A:$A,"ELC")+-SUMIFS('Industrial Summary'!$G:$G,'Industrial Summary'!$F:$F,M$17,'Industrial Summary'!$D:$D,"IFDFSTM",'Industrial Summary'!$A:$A,"ELC"))/SUMIFS('Industrial Summary'!$G:$G,'Industrial Summary'!$F:$F,M$17,'Industrial Summary'!$D:$D,$E21)),0))*0.98 -> -0.022965711 | N21: =(IF(SUMIFS('Industrial Summary'!$G:$G,'Industrial Summary'!$F:$F,N$17,'Industrial Summary'!$D:$D,$E21)>0,((-SUMIFS('Industrial Summary'!$G:$G,'Industrial Summary'!$F:$F,N$17,'Industrial Summary'!$D:$D,$E21,'Industrial Summary'!$A:$A,"ELC")+-SUMIFS('Industrial Summary'!$G:$G,'Industrial Summary'!$F:$F,N$17,'Industrial Summary'!$D:$D,"IFDFSTM",'Industrial Summary'!$A:$A,"ELC"))/SUMIFS('Industrial Summary'!$G:$G,'Industrial Summary'!$F:$F,N$17,'Industrial Summary'!$D:$D,$E21)),0))*0.98 -> -0.22216612 | O21: =(IF(SUMIFS('Industrial Summary'!$G:$G,'Industrial Summary'!$F:$F,O$17,'Industrial Summary'!$D:$D,$E21)>0,((-SUMIFS('Industrial Summary'!$G:$G,'Industrial Summary'!$F:$F,O$17,'Industrial Summary'!$D:$D,$E21,'Industrial Summary'!$A:$A,"ELC")+-SUMIFS('Industrial Summary'!$G:$G,'Industrial Summary'!$F:$F,O$17,'Industrial Summary'!$D:$D,"IFDFSTM",'Industrial Summary'!$A:$A,"ELC"))/SUMIFS('Industrial Summary'!$G:$G,'Industrial Summary'!$F:$F,O$17,'Industrial Summary'!$D:$D,$E21)),0))*0.98 -> -0.065067147 | P21: =(IF(SUMIFS('Industrial Summary'!$G:$G,'Industrial Summary'!$F:$F,P$17,'Industrial Summary'!$D:$D,$E21)>0,((-SUMIFS('Industrial Summary'!$G:$G,'Industrial Summary'!$F:$F,P$17,'Industrial Summary'!$D:$D,$E21,'Industrial Summary'!$A:$A,"ELC")+-SUMIFS('Industrial Summary'!$G:$G,'Industrial Summary'!$F:$F,P$17,'Industrial Summary'!$D:$D,"IFDFSTM",'Industrial Summary'!$A:$A,"ELC"))/SUMIFS('Industrial Summary'!$G:$G,'Industrial Summary'!$F:$F,P$17,'Industrial Summary'!$D:$D,$E21)),0))*0.98 -> -0.010304792 | Q21: 0 | R21: 15 | S21: =_xlfn.CONCAT("UC_",D21) -> UC_IFDST_ELC | V21: =C21 -> S_IFDSTELC | W21: =D21 -> IFDST_ELC | X21: =E21 -> IFDSTM | Y21: =F21 -> LO | Z21: 1 | AA21: =H21*$AM21 -> -0.049360046 | AB21: =I21*$AM21 -> -0.05534842 | AC21: =J21*$AM21 -> -0.024687584 | AD21: =K21*$AM21 -> -0.01162323 | AE21: =L21*$AM21 -> -0.010565124 | AF21: =M21*$AM21 -> -0.022965711 | AG21: =N21*$AM21 -> -0.22216612 | AH21: =O21*$AM21 -> -0.065067147 | AI21: =P21*$AM21 -> -0.010304792 | AL21: =RIGHT(W21,3) -> ELC | AM21: =1 -> 1
C22: S_IFDSTRFL | D22: IFDST_RFL | E22: IFDSTM | F22: LO | G22: 1 | H22: =(IF(SUMIFS('Industrial Summary'!$G:$G,'Industrial Summary'!$F:$F,H$17,'Industrial Summary'!$D:$D,$E22)>0,((-SUMIFS('Industrial Summary'!$G:$G,'Industrial Summary'!$F:$F,H$17,'Industrial Summary'!$D:$D,$E22,'Industrial Summary'!$A:$A,"RFL")+-SUMIFS('Industrial Summary'!$G:$G,'Industrial Summary'!$F:$F,H$17,'Industrial Summary'!$D:$D,"IFDFSTM",'Industrial Summary'!$A:$A,"RFL"))/SUMIFS('Industrial Summary'!$G:$G,'Industrial Summary'!$F:$F,H$17,'Industrial Summary'!$D:$D,$E22)),0))*0.98 -> -0.067499057 | I22: =(IF(SUMIFS('Industrial Summary'!$G:$G,'Industrial Summary'!$F:$F,I$17,'Industrial Summary'!$D:$D,$E22)>0,((-SUMIFS('Industrial Summary'!$G:$G,'Industrial Summary'!$F:$F,I$17,'Industrial Summary'!$D:$D,$E22,'Industrial Summary'!$A:$A,"RFL")+-SUMIFS('Industrial Summary'!$G:$G,'Industrial Summary'!$F:$F,I$17,'Industrial Summary'!$D:$D,"IFDFSTM",'Industrial Summary'!$A:$A,"RFL"))/SUMIFS('Industrial Summary'!$G:$G,'Industrial Summary'!$F:$F,I$17,'Industrial Summary'!$D:$D,$E22)),0))*0.98 -> 0 | J22: =(IF(SUMIFS('Industrial Summary'!$G:$G,'Industrial Summary'!$F:$F,J$17,'Industrial Summary'!$D:$D,$E22)>0,((-SUMIFS('Industrial Summary'!$G:$G,'Industrial Summary'!$F:$F,J$17,'Industrial Summary'!$D:$D,$E22,'Industrial Summary'!$A:$A,"RFL")+-SUMIFS('Industrial Summary'!$G:$G,'Industrial Summary'!$F:$F,J$17,'Industrial Summary'!$D:$D,"IFDFSTM",'Industrial Summary'!$A:$A,"RFL"))/SUMIFS('Industrial Summary'!$G:$G,'Industrial Summary'!$F:$F,J$17,'Industrial Summary'!$D:$D,$E22)),0))*0.98 -> 0 | K22: =(IF(SUMIFS('Industrial Summary'!$G:$G,'Industrial Summary'!$F:$F,K$17,'Industrial Summary'!$D:$D,$E22)>0,((-SUMIFS('Industrial Summary'!$G:$G,'Industrial Summary'!$F:$F,K$17,'Industrial Summary'!$D:$D,$E22,'Industrial Summary'!$A:$A,"RFL")+-SUMIFS('Industrial Summary'!$G:$G,'Industrial Summary'!$F:$F,K$17,'Industrial Summary'!$D:$D,"IFDFSTM",'Industrial Summary'!$A:$A,"RFL"))/SUMIFS('Industrial Summary'!$G:$G,'Industrial Summary'!$F:$F,K$17,'Industrial Summary'!$D:$D,$E22)),0))*0.98 -> 0 | L22: =(IF(SUMIFS('Industrial Summary'!$G:$G,'Industrial Summary'!$F:$F,L$17,'Industrial Summary'!$D:$D,$E22)>0,((-SUMIFS('Industrial Summary'!$G:$G,'Industrial Summary'!$F:$F,L$17,'Industrial Summary'!$D:$D,$E22,'Industrial Summary'!$A:$A,"RFL")+-SUMIFS('Industrial Summary'!$G:$G,'Industrial Summary'!$F:$F,L$17,'Industrial Summary'!$D:$D,"IFDFSTM",'Industrial Summary'!$A:$A,"RFL"))/SUMIFS('Industrial Summary'!$G:$G,'Industrial Summary'!$F:$F,L$17,'Industrial Summary'!$D:$D,$E22)),0))*0.98 -> 0 | M22: =(IF(SUMIFS('Industrial Summary'!$G:$G,'Industrial Summary'!$F:$F,M$17,'Industrial Summary'!$D:$D,$E22)>0,((-SUMIFS('Industrial Summary'!$G:$G,'Industrial Summary'!$F:$F,M$17,'Industrial Summary'!$D:$D,$E22,'Industrial Summary'!$A:$A,"RFL")+-SUMIFS('Industrial Summary'!$G:$G,'Industrial Summary'!$F:$F,M$17,'Industrial Summary'!$D:$D,"IFDFSTM",'Industrial Summary'!$A:$A,"RFL"))/SUMIFS('Industrial Summary'!$G:$G,'Industrial Summary'!$F:$F,M$17,'Industrial Summary'!$D:$D,$E22)),0))*0.98 -> 0 | N22: =(IF(SUMIFS('Industrial Summary'!$G:$G,'Industrial Summary'!$F:$F,N$17,'Industrial Summary'!$D:$D,$E22)>0,((-SUMIFS('Industrial Summary'!$G:$G,'Industrial Summary'!$F:$F,N$17,'Industrial Summary'!$D:$D,$E22,'Industrial Summary'!$A:$A,"RFL")+-SUMIFS('Industrial Summary'!$G:$G,'Industrial Summary'!$F:$F,N$17,'Industrial Summary'!$D:$D,"IFDFSTM",'Industrial Summary'!$A:$A,"RFL"))/SUMIFS('Industrial Summary'!$G:$G,'Industrial Summary'!$F:$F,N$17,'Industrial Summary'!$D:$D,$E22)),0))*0.98 -> 0 | O22: =(IF(SUMIFS('Industrial Summary'!$G:$G,'Industrial Summary'!$F:$F,O$17,'Industrial Summary'!$D:$D,$E22)>0,((-SUMIFS('Industrial Summary'!$G:$G,'Industrial Summary'!$F:$F,O$17,'Industrial Summary'!$D:$D,$E22,'Industrial Summary'!$A:$A,"RFL")+-SUMIFS('Industrial Summary'!$G:$G,'Industrial Summary'!$F:$F,O$17,'Industrial Summary'!$D:$D,"IFDFSTM",'Industrial Summary'!$A:$A,"RFL"))/SUMIFS('Industrial Summary'!$G:$G,'Industrial Summary'!$F:$F,O$17,'Industrial Summary'!$D:$D,$E22)),0))*0.98 -> 0 | P22: =(IF(SUMIFS('Industrial Summary'!$G:$G,'Industrial Summary'!$F:$F,P$17,'Industrial Summary'!$D:$D,$E22)>0,((-SUMIFS('Industrial Summary'!$G:$G,'Industrial Summary'!$F:$F,P$17,'Industrial Summary'!$D:$D,$E22,'Industrial Summary'!$A:$A,"RFL")+-SUMIFS('Industrial Summary'!$G:$G,'Industrial Summary'!$F:$F,P$17,'Industrial Summary'!$D:$D,"IFDFSTM",'Industrial Summary'!$A:$A,"RFL"))/SUMIFS('Industrial Summary'!$G:$G,'Industrial Summary'!$F:$F,P$17,'Industrial Summary'!$D:$D,$E22)),0))*0.98 -> 0 | Q22: 0 | R22: 15 | S22: =_xlfn.CONCAT("UC_",D22) -> UC_IFDST_RFL | V22: =C22 -> S_IFDSTRFL | W22: =D22 -> IFDST_RFL | X22: =E22 -> IFDSTM | Y22: =F22 -> LO | Z22: 1 | AA22: =H22*$AM22 -> -0.067499057 | AB22: =I22*$AM22 -> 0 | AC22: =J22*$AM22 -> 0 | AD22: =K22*$AM22 -> 0 | AE22: =L22*$AM22 -> 0 | AF22: =M22*$AM22 -> 0 | AG22: =N22*$AM22 -> 0 | AH22: =O22*$AM22 -> 0 | AI22: =P22*$AM22 -> 0 | AL22: =RIGHT(W22,3) -> RFL | AM22: =1 -> 1
C23: S_IFDSTDST | D23: IFDST_DST | E23: IFDSTM | F23: LO | G23: 1 | H23: =(IF(SUMIFS('Industrial Summary'!$G:$G,'Industrial Summary'!$F:$F,H$17,'Industrial Summary'!$D:$D,$E23)>0,((-SUMIFS('Industrial Summary'!$G:$G,'Industrial Summary'!$F:$F,H$17,'Industrial Summary'!$D:$D,$E23,'Industrial Summary'!$A:$A,"DST")+-SUMIFS('Industrial Summary'!$G:$G,'Industrial Summary'!$F:$F,H$17,'Industrial Summary'!$D:$D,"IFDFSTM",'Industrial Summary'!$A:$A,"DST"))/SUMIFS('Industrial Summary'!$G:$G,'Industrial Summary'!$F:$F,H$17,'Industrial Summary'!$D:$D,$E23)),0))*0.98 -> -0.083222866 | I23: =(IF(SUMIFS('Industrial Summary'!$G:$G,'Industrial Summary'!$F:$F,I$17,'Industrial Summary'!$D:$D,$E23)>0,((-SUMIFS('Industrial Summary'!$G:$G,'Industrial Summary'!$F:$F,I$17,'Industrial Summary'!$D:$D,$E23,'Industrial Summary'!$A:$A,"DST")+-SUMIFS('Industrial Summary'!$G:$G,'Industrial Summary'!$F:$F,I$17,'Industrial Summary'!$D:$D,"IFDFSTM",'Industrial Summary'!$A:$A,"DST"))/SUMIFS('Industrial Summary'!$G:$G,'Industrial Summary'!$F:$F,I$17,'Industrial Summary'!$D:$D,$E23)),0))*0.98 -> 0 | J23: =(IF(SUMIFS('Industrial Summary'!$G:$G,'Industrial Summary'!$F:$F,J$17,'Industrial Summary'!$D:$D,$E23)>0,((-SUMIFS('Industrial Summary'!$G:$G,'Industrial Summary'!$F:$F,J$17,'Industrial Summary'!$D:$D,$E23,'Industrial Summary'!$A:$A,"DST")+-SUMIFS('Industrial Summary'!$G:$G,'Industrial Summary'!$F:$F,J$17,'Industrial Summary'!$D:$D,"IFDFSTM",'Industrial Summary'!$A:$A,"DST"))/SUMIFS('Industrial Summary'!$G:$G,'Industrial Summary'!$F:$F,J$17,'Industrial Summary'!$D:$D,$E23)),0))*0.98 -> 0 | K23: =(IF(SUMIFS('Industrial Summary'!$G:$G,'Industrial Summary'!$F:$F,K$17,'Industrial Summary'!$D:$D,$E23)>0,((-SUMIFS('Industrial Summary'!$G:$G,'Industrial Summary'!$F:$F,K$17,'Industrial Summary'!$D:$D,$E23,'Industrial Summary'!$A:$A,"DST")+-SUMIFS('Industrial Summary'!$G:$G,'Industrial Summary'!$F:$F,K$17,'Industrial Summary'!$D:$D,"IFDFSTM",'Industrial Summary'!$A:$A,"DST"))/SUMIFS('Industrial Summary'!$G:$G,'Industrial Summary'!$F:$F,K$17,'Industrial Summary'!$D:$D,$E23)),0))*0.98 -> 0 | L23: =(IF(SUMIFS('Industrial Summary'!$G:$G,'Industrial Summary'!$F:$F,L$17,'Industrial Summary'!$D:$D,$E23)>0,((-SUMIFS('Industrial Summary'!$G:$G,'Industrial Summary'!$F:$F,L$17,'Industrial Summary'!$D:$D,$E23,'Industrial Summary'!$A:$A,"DST")+-SUMIFS('Industrial Summary'!$G:$G,'Industrial Summary'!$F:$F,L$17,'Industrial Summary'!$D:$D,"IFDFSTM",'Industrial Summary'!$A:$A,"DST"))/SUMIFS('Industrial Summary'!$G:$G,'Industrial Summary'!$F:$F,L$17,'Industrial Summary'!$D:$D,$E23)),0))*0.98 -> 0 | M23: =(IF(SUMIFS('Industrial Summary'!$G:$G,'Industrial Summary'!$F:$F,M$17,'Industrial Summary'!$D:$D,$E23)>0,((-SUMIFS('Industrial Summary'!$G:$G,'Industrial Summary'!$F:$F,M$17,'Industrial Summary'!$D:$D,$E23,'Industrial Summary'!$A:$A,"DST")+-SUMIFS('Industrial Summary'!$G:$G,'Industrial Summary'!$F:$F,M$17,'Industrial Summary'!$D:$D,"IFDFSTM",'Industrial Summary'!$A:$A,"DST"))/SUMIFS('Industrial Summary'!$G:$G,'Industrial Summary'!$F:$F,M$17,'Industrial Summary'!$D:$D,$E23)),0))*0.98 -> 0 | N23: =(IF(SUMIFS('Industrial Summary'!$G:$G,'Industrial Summary'!$F:$F,N$17,'Industrial Summary'!$D:$D,$E23)>0,((-SUMIFS('Industrial Summary'!$G:$G,'Industrial Summary'!$F:$F,N$17,'Industrial Summary'!$D:$D,$E23,'Industrial Summary'!$A:$A,"DST")+-SUMIFS('Industrial Summary'!$G:$G,'Industrial Summary'!$F:$F,N$17,'Industrial Summary'!$D:$D,"IFDFSTM",'Industrial Summary'!$A:$A,"DST"))/SUMIFS('Industrial Summary'!$G:$G,'Industrial Summary'!$F:$F,N$17,'Industrial Summary'!$D:$D,$E23)),0))*0.98 -> 0 | O23: =(IF(SUMIFS('Industrial Summary'!$G:$G,'Industrial Summary'!$F:$F,O$17,'Industrial Summary'!$D:$D,$E23)>0,((-SUMIFS('Industrial Summary'!$G:$G,'Industrial Summary'!$F:$F,O$17,'Industrial Summary'!$D:$D,$E23,'Industrial Summary'!$A:$A,"DST")+-SUMIFS('Industrial Summary'!$G:$G,'Industrial Summary'!$F:$F,O$17,'Industrial Summary'!$D:$D,"IFDFSTM",'Industrial Summary'!$A:$A,"DST"))/SUMIFS('Industrial Summary'!$G:$G,'Industrial Summary'!$F:$F,O$17,'Industrial Summary'!$D:$D,$E23)),0))*0.98 -> 0 | P23: =(IF(SUMIFS('Industrial Summary'!$G:$G,'Industrial Summary'!$F:$F,P$17,'Industrial Summary'!$D:$D,$E23)>0,((-SUMIFS('Industrial Summary'!$G:$G,'Industrial Summary'!$F:$F,P$17,'Industrial Summary'!$D:$D,$E23,'Industrial Summary'!$A:$A,"DST")+-SUMIFS('Industrial Summary'!$G:$G,'Industrial Summary'!$F:$F,P$17,'Industrial Summary'!$D:$D,"IFDFSTM",'Industrial Summary'!$A:$A,"DST"))/SUMIFS('Industrial Summary'!$G:$G,'Industrial Summary'!$F:$F,P$17,'Industrial Summary'!$D:$D,$E23)),0))*0.98 -> 0 | Q23: 0 | R23: 15 | S23: =_xlfn.CONCAT("UC_",D23) -> UC_IFDST_DST | V23: =C23 -> S_IFDSTDST | W23: =D23 -> IFDST_DST | X23: =E23 -> IFDSTM | Y23: =F23 -> LO | Z23: 1 | AA23: =H23*$AM23 -> -0.083222866 | AB23: =I23*$AM23 -> 0 | AC23: =J23*$AM23 -> 0 | AD23: =K23*$AM23 -> 0 | AE23: =L23*$AM23 -> 0 | AF23: =M23*$AM23 -> 0 | AG23: =N23*$AM23 -> 0 | AH23: =O23*$AM23 -> 0 | AI23: =P23*$AM23 -> 0 | AL23: =RIGHT(W23,3) -> DST | AM23: =1 -> 1
C24: S_IFDSTNGA | D24: IFDST_NGA | E24: IFDSTM | F24: LO | G24: 1 | H24: =(IF(SUMIFS('Industrial Summary'!$G:$G,'Industrial Summary'!$F:$F,H$17,'Industrial Summary'!$D:$D,$E24)>0,((-SUMIFS('Industrial Summary'!$G:$G,'Industrial Summary'!$F:$F,H$17,'Industrial Summary'!$D:$D,$E24,'Industrial Summary'!$A:$A,"NGA")+-SUMIFS('Industrial Summary'!$G:$G,'Industrial Summary'!$F:$F,H$17,'Industrial Summary'!$D:$D,"IFDFSTM",'Industrial Summary'!$A:$A,"NGA"))/SUMIFS('Industrial Summary'!$G:$G,'Industrial Summary'!$F:$F,H$17,'Industrial Summary'!$D:$D,$E24)),0))*0.98 -> -0.77715739 | I24: =(IF(SUMIFS('Industrial Summary'!$G:$G,'Industrial Summary'!$F:$F,I$17,'Industrial Summary'!$D:$D,$E24)>0,((-SUMIFS('Industrial Summary'!$G:$G,'Industrial Summary'!$F:$F,I$17,'Industrial Summary'!$D:$D,$E24,'Industrial Summary'!$A:$A,"NGA")+-SUMIFS('Industrial Summary'!$G:$G,'Industrial Summary'!$F:$F,I$17,'Industrial Summary'!$D:$D,"IFDFSTM",'Industrial Summary'!$A:$A,"NGA"))/SUMIFS('Industrial Summary'!$G:$G,'Industrial Summary'!$F:$F,I$17,'Industrial Summary'!$D:$D,$E24)),0))*0.98 -> -0.87736154 | J24: =(IF(SUMIFS('Industrial Summary'!$G:$G,'Industrial Summary'!$F:$F,J$17,'Industrial Summary'!$D:$D,$E24)>0,((-SUMIFS('Industrial Summary'!$G:$G,'Industrial Summary'!$F:$F,J$17,'Industrial Summary'!$D:$D,$E24,'Industrial Summary'!$A:$A,"NGA")+-SUMIFS('Industrial Summary'!$G:$G,'Industrial Summary'!$F:$F,J$17,'Industrial Summary'!$D:$D,"IFDFSTM",'Industrial Summary'!$A:$A,"NGA"))/SUMIFS('Industrial Summary'!$G:$G,'Industrial Summary'!$F:$F,J$17,'Industrial Summary'!$D:$D,$E24)),0))*0.98 -> -0.58836465 | K24: =(IF(SUMIFS('Industrial Summary'!$G:$G,'Industrial Summary'!$F:$F,K$17,'Industrial Summary'!$D:$D,$E24)>0,((-SUMIFS('Industrial Summary'!$G:$G,'Industrial Summary'!$F:$F,K$17,'Industrial Summary'!$D:$D,$E24,'Industrial Summary'!$A:$A,"NGA")+-SUMIFS('Industrial Summary'!$G:$G,'Industrial Summary'!$F:$F,K$17,'Industrial Summary'!$D:$D,"IFDFSTM",'Industrial Summary'!$A:$A,"NGA"))/SUMIFS('Industrial Summary'!$G:$G,'Industrial Summary'!$F:$F,K$17,'Industrial Summary'!$D:$D,$E24)),0))*0.98 -> -0.73966074 | L24: =(IF(SUMIFS('Industrial Summary'!$G:$G,'Industrial Summary'!$F:$F,L$17,'Industrial Summary'!$D:$D,$E24)>0,((-SUMIFS('Industrial Summary'!$G:$G,'Industrial Summary'!$F:$F,L$17,'Industrial Summary'!$D:$D,$E24,'Industrial Summary'!$A:$A,"NGA")+-SUMIFS('Industrial Summary'!$G:$G,'Industrial Summary'!$F:$F,L$17,'Industrial Summary'!$D:$D,"IFDFSTM",'Industrial Summary'!$A:$A,"NGA"))/SUMIFS('Industrial Summary'!$G:$G,'Industrial Summary'!$F:$F,L$17,'Industrial Summary'!$D:$D,$E24)),0))*0.98 -> -0.32791352 | M24: =(IF(SUMIFS('Industrial Summary'!$G:$G,'Industrial Summary'!$F:$F,M$17,'Industrial Summary'!$D:$D,$E24)>0,((-SUMIFS('Industrial Summary'!$G:$G,'Industrial Summary'!$F:$F,M$17,'Industrial Summary'!$D:$D,$E24,'Industrial Summary'!$A:$A,"NGA")+-SUMIFS('Industrial Summary'!$G:$G,'Industrial Summary'!$F:$F,M$17,'Industrial Summary'!$D:$D,"IFDFSTM",'Industrial Summary'!$A:$A,"NGA"))/SUMIFS('Industrial Summary'!$G:$G,'Industrial Summary'!$F:$F,M$17,'Industrial Summary'!$D:$D,$E24)),0))*0.98 -> -0.88655923 | N24: =(IF(SUMIFS('Industrial Summary'!$G:$G,'Industrial Summary'!$F:$F,N$17,'Industrial Summary'!$D:$D,$E24)>0,((-SUMIFS('Industrial Summary'!$G:$G,'Industrial Summary'!$F:$F,N$17,'Industrial Summary'!$D:$D,$E24,'Industrial Summary'!$A:$A,"NGA")+-SUMIFS('Industrial Summary'!$G:$G,'Industrial Summary'!$F:$F,N$17,'Industrial Summary'!$D:$D,"IFDFSTM",'Industrial Summary'!$A:$A,"NGA"))/SUMIFS('Industrial Summary'!$G:$G,'Industrial Summary'!$F:$F,N$17,'Industrial Summary'!$D:$D,$E24)),0))*0.98 -> -0.75783388 | O24: =(IF(SUMIFS('Industrial Summary'!$G:$G,'Industrial Summary'!$F:$F,O$17,'Industrial Summary'!$D:$D,$E24)>0,((-SUMIFS('Industrial Summary'!$G:$G,'Industrial Summary'!$F:$F,O$17,'Industrial Summary'!$D:$D,$E24,'Industrial Summary'!$A:$A,"NGA")+-SUMIFS('Industrial Summary'!$G:$G,'Industrial Summary'!$F:$F,O$17,'Industrial Summary'!$D:$D,"IFDFSTM",'Industrial Summary'!$A:$A,"NGA"))/SUMIFS('Industrial Summary'!$G:$G,'Industrial Summary'!$F:$F,O$17,'Industrial Summary'!$D:$D,$E24)),0))*0.98 -> -0.53593576 | P24: =(IF(SUMIFS('Industrial Summary'!$G:$G,'Industrial Summary'!$F:$F,P$17,'Industrial Summary'!$D:$D,$E24)>0,((-SUMIFS('Industrial Summary'!$G:$G,'Industrial Summary'!$F:$F,P$17,'Industrial Summary'!$D:$D,$E24,'Industrial Summary'!$A:$A,"NGA")+-SUMIFS('Industrial Summary'!$G:$G,'Industrial Summary'!$F:$F,P$17,'Industrial Summary'!$D:$D,"IFDFSTM",'Industrial Summary'!$A:$A,"NGA"))/SUMIFS('Industrial Summary'!$G:$G,'Industrial Summary'!$F:$F,P$17,'Industrial Summary'!$D:$D,$E24)),0))*0.98 -> -0.84170957 | Q24: 0 | R24: 15 | S24: =_xlfn.CONCAT("UC_",D24) -> UC_IFDST_NGA | V24: =C24 -> S_IFDSTNGA | W24: =D24 -> IFDST_NGA | X24: =E24 -> IFDSTM | Y24: =F24 -> LO | Z24: 1 | AA24: =H24*$AM24 -> -0.55955332 | AB24: =I24*$AM24 -> -0.63170031 | AC24: =J24*$AM24 -> -0.42362255 | AD24: =K24*$AM24 -> -0.53255573 | AE24: =L24*$AM24 -> -0.23609773 | AF24: =M24*$AM24 -> -0.63832265 | AG24: =N24*$AM24 -> -0.5456404 | AH24: =O24*$AM24 -> -0.38587375 | AI24: =P24*$AM24 -> -0.60603089 | AL24: =RIGHT(W24,3) -> NGA | AM24: =Y5 -> 0.72
C25: S_IFDSTCOA | D25: IFDST_COA | E25: IFDSTM | F25: UP | G25: 1 | H25: =(IF(SUMIFS('Industrial Summary'!$G:$G,'Industrial Summary'!$F:$F,H$17,'Industrial Summary'!$D:$D,$E25)>0,((-SUMIFS('Industrial Summary'!$G:$G,'Industrial Summary'!$F:$F,H$17,'Industrial Summary'!$D:$D,$E25,'Industrial Summary'!$A:$A,"COA")+-SUMIFS('Industrial Summary'!$G:$G,'Industrial Summary'!$F:$F,H$17,'Industrial Summary'!$D:$D,"IFDFSTM",'Industrial Summary'!$A:$A,"COA"))/SUMIFS('Industrial Summary'!$G:$G,'Industrial Summary'!$F:$F,H$17,'Industrial Summary'!$D:$D,$E25)),0))*0.98 -> 0 | I25: =(IF(SUMIFS('Industrial Summary'!$G:$G,'Industrial Summary'!$F:$F,I$17,'Industrial Summary'!$D:$D,$E25)>0,((-SUMIFS('Industrial Summary'!$G:$G,'Industrial Summary'!$F:$F,I$17,'Industrial Summary'!$D:$D,$E25,'Industrial Summary'!$A:$A,"COA")+-SUMIFS('Industrial Summary'!$G:$G,'Industrial Summary'!$F:$F,I$17,'Industrial Summary'!$D:$D,"IFDFSTM",'Industrial Summary'!$A:$A,"COA"))/SUMIFS('Industrial Summary'!$G:$G,'Industrial Summary'!$F:$F,I$17,'Industrial Summary'!$D:$D,$E25)),0))*0.98 -> -0.047290041 | J25: =(IF(SUMIFS('Industrial Summary'!$G:$G,'Industrial Summary'!$F:$F,J$17,'Industrial Summary'!$D:$D,$E25)>0,((-SUMIFS('Industrial Summary'!$G:$G,'Industrial Summary'!$F:$F,J$17,'Industrial Summary'!$D:$D,$E25,'Industrial Summary'!$A:$A,"COA")+-SUMIFS('Industrial Summary'!$G:$G,'Industrial Summary'!$F:$F,J$17,'Industrial Summary'!$D:$D,"IFDFSTM",'Industrial Summary'!$A:$A,"COA"))/SUMIFS('Industrial Summary'!$G:$G,'Industrial Summary'!$F:$F,J$17,'Industrial Summary'!$D:$D,$E25)),0))*0.98 -> -0.36694777 | K25: =(IF(SUMIFS('Industrial Summary'!$G:$G,'Industrial Summary'!$F:$F,K$17,'Industrial Summary'!$D:$D,$E25)>0,((-SUMIFS('Industrial Summary'!$G:$G,'Industrial Summary'!$F:$F,K$17,'Industrial Summary'!$D:$D,$E25,'Industrial Summary'!$A:$A,"COA")+-SUMIFS('Industrial Summary'!$G:$G,'Industrial Summary'!$F:$F,K$17,'Industrial Summary'!$D:$D,"IFDFSTM",'Industrial Summary'!$A:$A,"COA"))/SUMIFS('Industrial Summary'!$G:$G,'Industrial Summary'!$F:$F,K$17,'Industrial Summary'!$D:$D,$E25)),0))*0.98 -> -0.22871603 | L25: =(IF(SUMIFS('Industrial Summary'!$G:$G,'Industrial Summary'!$F:$F,L$17,'Industrial Summary'!$D:$D,$E25)>0,((-SUMIFS('Industrial Summary'!$G:$G,'Industrial Summary'!$F:$F,L$17,'Industrial Summary'!$D:$D,$E25,'Industrial Summary'!$A:$A,"COA")+-SUMIFS('Industrial Summary'!$G:$G,'Industrial Summary'!$F:$F,L$17,'Industrial Summary'!$D:$D,"IFDFSTM",'Industrial Summary'!$A:$A,"COA"))/SUMIFS('Industrial Summary'!$G:$G,'Industrial Summary'!$F:$F,L$17,'Industrial Summary'!$D:$D,$E25)),0))*0.98 -> -0.64152136 | M25: =(IF(SUMIFS('Industrial Summary'!$G:$G,'Industrial Summary'!$F:$F,M$17,'Industrial Summary'!$D:$D,$E25)>0,((-SUMIFS('Industrial Summary'!$G:$G,'Industrial Summary'!$F:$F,M$17,'Industrial Summary'!$D:$D,$E25,'Industrial Summary'!$A:$A,"COA")+-SUMIFS('Industrial Summary'!$G:$G,'Industrial Summary'!$F:$F,M$17,'Industrial Summary'!$D:$D,"IFDFSTM",'Industrial Summary'!$A:$A,"COA"))/SUMIFS('Industrial Summary'!$G:$G,'Industrial Summary'!$F:$F,M$17,'Industrial Summary'!$D:$D,$E25)),0))*0.98 -> -0.070475055 | N25: =(IF(SUMIFS('Industrial Summary'!$G:$G,'Industrial Summary'!$F:$F,N$17,'Industrial Summary'!$D:$D,$E25)>0,((-SUMIFS('Industrial Summary'!$G:$G,'Industrial Summary'!$F:$F,N$17,'Industrial Summary'!$D:$D,$E25,'Industrial Summary'!$A:$A,"COA")+-SUMIFS('Industrial Summary'!$G:$G,'Industrial Summary'!$F:$F,N$17,'Industrial Summary'!$D:$D,"IFDFSTM",'Industrial Summary'!$A:$A,"COA"))/SUMIFS('Industrial Summary'!$G:$G,'Industrial Summary'!$F:$F,N$17,'Industrial Summary'!$D:$D,$E25)),0))*0.98 -> 0 | O25: =(IF(SUMIFS('Industrial Summary'!$G:$G,'Industrial Summary'!$F:$F,O$17,'Industrial Summary'!$D:$D,$E25)>0,((-SUMIFS('Industrial Summary'!$G:$G,'Industrial Summary'!$F:$F,O$17,'Industrial Summary'!$D:$D,$E25,'Industrial Summary'!$A:$A,"COA")+-SUMIFS('Industrial Summary'!$G:$G,'Industrial Summary'!$F:$F,O$17,'Industrial Summary'!$D:$D,"IFDFSTM",'Industrial Summary'!$A:$A,"COA"))/SUMIFS('Industrial Summary'!$G:$G,'Industrial Summary'!$F:$F,O$17,'Industrial Summary'!$D:$D,$E25)),0))*0.98 -> -0.3789971 | P25: =(IF(SUMIFS('Industrial Summary'!$G:$G,'Industrial Summary'!$F:$F,P$17,'Industrial Summary'!$D:$D,$E25)>0,((-SUMIFS('Industrial Summary'!$G:$G,'Industrial Summary'!$F:$F,P$17,'Industrial Summary'!$D:$D,$E25,'Industrial Summary'!$A:$A,"COA")+-SUMIFS('Industrial Summary'!$G:$G,'Industrial Summary'!$F:$F,P$17,'Industrial Summary'!$D:$D,"IFDFSTM",'Industrial Summary'!$A:$A,"COA"))/SUMIFS('Industrial Summary'!$G:$G,'Industrial Summary'!$F:$F,P$17,'Industrial Summary'!$D:$D,$E25)),0))*0.98 -> -0.12798563 | Q25: 0 | R25: 15 | S25: =_xlfn.CONCAT("UC_",D25) -> UC_IFDST_COA | V25: =C25 -> S_IFDSTCOA | W25: =D25 -> IFDST_COA | X25: =E25 -> IFDSTM | Y25: =F25 -> UP | Z25: 1 | AA25: =H25*$AM25 -> 0 | AB25: =I25*$AM25 -> -0.037832032 | AC25: =J25*$AM25 -> -0.29355821 | AD25: =K25*$AM25 -> -0.18297282 | AE25: =L25*$AM25 -> -0.51321709 | AF25: =M25*$AM25 -> -0.056380044 | AG25: =N25*$AM25 -> 0 | AH25: =O25*$AM25 -> -0.30319768 | AI25: =P25*$AM25 -> -0.10238851 | AL25: =RIGHT(W25,3) -> COA | AM25: =Z5 -> 0.8
C26: S_IFDPHELC | D26: IFDPH_ELC | E26: IFDPRH | F26: LO | G26: 1 | H26: =IF(SUMIFS('Industrial Summary'!$G:$G,'Industrial Summary'!$F:$F,H$17,'Industrial Summary'!$D:$D,$E26)>0,(-SUMIFS('Industrial Summary'!$G:$G,'Industrial Summary'!$F:$F,H$17,'Industrial Summary'!$D:$D,$E26,'Industrial Summary'!$A:$A,"ELC")/SUMIFS('Industrial Summary'!$G:$G,'Industrial Summary'!$F:$F,H$17,'Industrial Summary'!$D:$D,$E26)),0)*0.98 -> -0.089657252 | I26: =IF(SUMIFS('Industrial Summary'!$G:$G,'Industrial Summary'!$F:$F,I$17,'Industrial Summary'!$D:$D,$E26)>0,(-SUMIFS('Industrial Summary'!$G:$G,'Industrial Summary'!$F:$F,I$17,'Industrial Summary'!$D:$D,$E26,'Industrial Summary'!$A:$A,"ELC")/SUMIFS('Industrial Summary'!$G:$G,'Industrial Summary'!$F:$F,I$17,'Industrial Summary'!$D:$D,$E26)),0)*0.98 -> -0.089657252 | J26: =IF(SUMIFS('Industrial Summary'!$G:$G,'Industrial Summary'!$F:$F,J$17,'Industrial Summary'!$D:$D,$E26)>0,(-SUMIFS('Industrial Summary'!$G:$G,'Industrial Summary'!$F:$F,J$17,'Industrial Summary'!$D:$D,$E26,'Industrial Summary'!$A:$A,"ELC")/SUMIFS('Industrial Summary'!$G:$G,'Industrial Summary'!$F:$F,J$17,'Industrial Summary'!$D:$D,$E26)),0)*0.98 -> -0.10030697 | K26: =IF(SUMIFS('Industrial Summary'!$G:$G,'Industrial Summary'!$F:$F,K$17,'Industrial Summary'!$D:$D,$E26)>0,(-SUMIFS('Industrial Summary'!$G:$G,'Industrial Summary'!$F:$F,K$17,'Industrial Summary'!$D:$D,$E26,'Industrial Summary'!$A:$A,"ELC")/SUMIFS('Industrial Summary'!$G:$G,'Industrial Summary'!$F:$F,K$17,'Industrial Summary'!$D:$D,$E26)),0)*0.98 -> -0.10669002 | L26: =IF(SUMIFS('Industrial Summary'!$G:$G,'Industrial Summary'!$F:$F,L$17,'Industrial Summary'!$D:$D,$E26)>0,(-SUMIFS('Industrial Summary'!$G:$G,'Industrial Summary'!$F:$F,L$17,'Industrial Summary'!$D:$D,$E26,'Industrial Summary'!$A:$A,"ELC")/SUMIFS('Industrial Summary'!$G:$G,'Industrial Summary'!$F:$F,L$17,'Industrial Summary'!$D:$D,$E26)),0)*0.98 -> -0.1354569 | M26: =IF(SUMIFS('Industrial Summary'!$G:$G,'Industrial Summary'!$F:$F,M$17,'Industrial Summary'!$D:$D,$E26)>0,(-SUMIFS('Industrial Summary'!$G:$G,'Industrial Summary'!$F:$F,M$17,'Industrial Summary'!$D:$D,$E26,'Industrial Summary'!$A:$A,"ELC")/SUMIFS('Industrial Summary'!$G:$G,'Industrial Summary'!$F:$F,M$17,'Industrial Summary'!$D:$D,$E26)),0)*0.98 -> -0.10836552 | N26: =IF(SUMIFS('Industrial Summary'!$G:$G,'Industrial Summary'!$F:$F,N$17,'Industrial Summary'!$D:$D,$E26)>0,(-SUMIFS('Industrial Summary'!$G:$G,'Industrial Summary'!$F:$F,N$17,'Industrial Summary'!$D:$D,$E26,'Industrial Summary'!$A:$A,"ELC")/SUMIFS('Industrial Summary'!$G:$G,'Industrial Summary'!$F:$F,N$17,'Industrial Summary'!$D:$D,$E26)),0)*0.98 -> -0.10836552 | O26: =IF(SUMIFS('Industrial Summary'!$G:$G,'Industrial Summary'!$F:$F,O$17,'Industrial Summary'!$D:$D,$E26)>0,(-SUMIFS('Industrial Summary'!$G:$G,'Industrial Summary'!$F:$F,O$17,'Industrial Summary'!$D:$D,$E26,'Industrial Summary'!$A:$A,"ELC")/SUMIFS('Industrial Summary'!$G:$G,'Industrial Summary'!$F:$F,O$17,'Industrial Summary'!$D:$D,$E26)),0)*0.98 -> -0.067582227 | P26: =IF(SUMIFS('Industrial Summary'!$G:$G,'Industrial Summary'!$F:$F,P$17,'Industrial Summary'!$D:$D,$E26)>0,(-SUMIFS('Industrial Summary'!$G:$G,'Industrial Summary'!$F:$F,P$17,'Industrial Summary'!$D:$D,$E26,'Industrial Summary'!$A:$A,"ELC")/SUMIFS('Industrial Summary'!$G:$G,'Industrial Summary'!$F:$F,P$17,'Industrial Summary'!$D:$D,$E26)),0)*0.98 -> -0.079508502 | Q26: 0 | R26: 15 | S26: =_xlfn.CONCAT("UC_",D26) -> UC_IFDPH_ELC | V26: =C26 -> S_IFDPHELC | W26: =D26 -> IFDPH_ELC | X26: =E26 -> IFDPRH | Y26: =F26 -> LO | Z26: 1 | AA26: =H26*$AM26 -> -0.089657252 | AB26: =I26*$AM26 -> -0.089657252 | AC26: =J26*$AM26 -> -0.10030697 | AD26: =K26*$AM26 -> -0.10669002 | AE26: =L26*$AM26 -> -0.1354569 | AF26: =M26*$AM26 -> -0.10836552 | AG26: =N26*$AM26 -> -0.10836552 | AH26: =O26*$AM26 -> -0.067582227 | AI26: =P26*$AM26 -> -0.079508502 | AL26: =RIGHT(W26,3) -> ELC | AM26: =1 -> 1
C27: S_IFDPHRFL | D27: IFDPH_RFL | E27: IFDPRH | F27: LO | G27: 1 | H27: =IF(SUMIFS('Industrial Summary'!$G:$G,'Industrial Summary'!$F:$F,H$17,'Industrial Summary'!$D:$D,$E27)>0,(-SUMIFS('Industrial Summary'!$G:$G,'Industrial Summary'!$F:$F,H$17,'Industrial Summary'!$D:$D,$E27,'Industrial Summary'!$A:$A,"RFL")/SUMIFS('Industrial Summary'!$G:$G,'Industrial Summary'!$F:$F,H$17,'Industrial Summary'!$D:$D,$E27)),0)*0.98 -> -0.0040003546 | I27: =IF(SUMIFS('Industrial Summary'!$G:$G,'Industrial Summary'!$F:$F,I$17,'Industrial Summary'!$D:$D,$E27)>0,(-SUMIFS('Industrial Summary'!$G:$G,'Industrial Summary'!$F:$F,I$17,'Industrial Summary'!$D:$D,$E27,'Industrial Summary'!$A:$A,"RFL")/SUMIFS('Industrial Summary'!$G:$G,'Industrial Summary'!$F:$F,I$17,'Industrial Summary'!$D:$D,$E27)),0)*0.98 -> -0.0040003546 | J27: =IF(SUMIFS('Industrial Summary'!$G:$G,'Industrial Summary'!$F:$F,J$17,'Industrial Summary'!$D:$D,$E27)>0,(-SUMIFS('Industrial Summary'!$G:$G,'Industrial Summary'!$F:$F,J$17,'Industrial Summary'!$D:$D,$E27,'Industrial Summary'!$A:$A,"RFL")/SUMIFS('Industrial Summary'!$G:$G,'Industrial Summary'!$F:$F,J$17,'Industrial Summary'!$D:$D,$E27)),0)*0.98 -> 0 | K27: =IF(SUMIFS('Industrial Summary'!$G:$G,'Industrial Summary'!$F:$F,K$17,'Industrial Summary'!$D:$D,$E27)>0,(-SUMIFS('Industrial Summary'!$G:$G,'Industrial Summary'!$F:$F,K$17,'Industrial Summary'!$D:$D,$E27,'Industrial Summary'!$A:$A,"RFL")/SUMIFS('Industrial Summary'!$G:$G,'Industrial Summary'!$F:$F,K$17,'Industrial Summary'!$D:$D,$E27)),0)*0.98 -> 0 | L27: =IF(SUMIFS('Industrial Summary'!$G:$G,'Industrial Summary'!$F:$F,L$17,'Industrial Summary'!$D:$D,$E27)>0,(-SUMIFS('Industrial Summary'!$G:$G,'Industrial Summary'!$F:$F,L$17,'Industrial Summary'!$D:$D,$E27,'Industrial Summary'!$A:$A,"RFL")/SUMIFS('Industrial Summary'!$G:$G,'Industrial Summary'!$F:$F,L$17,'Industrial Summary'!$D:$D,$E27)),0)*0.98 -> 0 | M27: =IF(SUMIFS('Industrial Summary'!$G:$G,'Industrial Summary'!$F:$F,M$17,'Industrial Summary'!$D:$D,$E27)>0,(-SUMIFS('Industrial Summary'!$G:$G,'Industrial Summary'!$F:$F,M$17,'Industrial Summary'!$D:$D,$E27,'Industrial Summary'!$A:$A,"RFL")/SUMIFS('Industrial Summary'!$G:$G,'Industrial Summary'!$F:$F,M$17,'Industrial Summary'!$D:$D,$E27)),0)*0.98 -> -0.0029377736 | N27: =IF(SUMIFS('Industrial Summary'!$G:$G,'Industrial Summary'!$F:$F,N$17,'Industrial Summary'!$D:$D,$E27)>0,(-SUMIFS('Industrial Summary'!$G:$G,'Industrial Summary'!$F:$F,N$17,'Industrial Summary'!$D:$D,$E27,'Industrial Summary'!$A:$A,"RFL")/SUMIFS('Industrial Summary'!$G:$G,'Industrial Summary'!$F:$F,N$17,'Industrial Summary'!$D:$D,$E27)),0)*0.98 -> -0.0029377736 | O27: =IF(SUMIFS('Industrial Summary'!$G:$G,'Industrial Summary'!$F:$F,O$17,'Industrial Summary'!$D:$D,$E27)>0,(-SUMIFS('Industrial Summary'!$G:$G,'Industrial Summary'!$F:$F,O$17,'Industrial Summary'!$D:$D,$E27,'Industrial Summary'!$A:$A,"RFL")/SUMIFS('Industrial Summary'!$G:$G,'Industrial Summary'!$F:$F,O$17,'Industrial Summary'!$D:$D,$E27)),0)*0.98 -> 0 | P27: =IF(SUMIFS('Industrial Summary'!$G:$G,'Industrial Summary'!$F:$F,P$17,'Industrial Summary'!$D:$D,$E27)>0,(-SUMIFS('Industrial Summary'!$G:$G,'Industrial Summary'!$F:$F,P$17,'Industrial Summary'!$D:$D,$E27,'Industrial Summary'!$A:$A,"RFL")/SUMIFS('Industrial Summary'!$G:$G,'Industrial Summary'!$F:$F,P$17,'Industrial Summary'!$D:$D,$E27)),0)*0.98 -> 0 | Q27: 0 | R27: 15 | S27: =_xlfn.CONCAT("UC_",D27) -> UC_IFDPH_RFL | V27: =C27 -> S_IFDPHRFL | W27: =D27 -> IFDPH_RFL | X27: =E27 -> IFDPRH | Y27: =F27 -> LO | Z27: 1 | AA27: =H27*$AM27 -> -0.0040003546 | AB27: =I27*$AM27 -> -0.0040003546 | AC27: =J27*$AM27 -> 0 | AD27: =K27*$AM27 -> 0 | AE27: =L27*$AM27 -> 0 | AF27: =M27*$AM27 -> -0.0029377736 | AG27: =N27*$AM27 -> -0.0029377736 | AH27: =O27*$AM27 -> 0 | AI27: =P27*$AM27 -> 0 | AL27: =RIGHT(W27,3) -> RFL | AM27: =1 -> 1
C28: S_IFDPHDST | D28: IFDPH_DST | E28: IFDPRH | F28: LO | G28: 1 | H28: =IF(SUMIFS('Industrial Summary'!$G:$G,'Industrial Summary'!$F:$F,H$17,'Industrial Summary'!$D:$D,$E28)>0,(-SUMIFS('Industrial Summary'!$G:$G,'Industrial Summary'!$F:$F,H$17,'Industrial Summary'!$D:$D,$E28,'Industrial Summary'!$A:$A,"DST")/SUMIFS('Industrial Summary'!$G:$G,'Industrial Summary'!$F:$F,H$17,'Industrial Summary'!$D:$D,$E28)),0)*0.98 -> -0.011013887 | I28: =IF(SUMIFS('Industrial Summary'!$G:$G,'Industrial Summary'!$F:$F,I$17,'Industrial Summary'!$D:$D,$E28)>0,(-SUMIFS('Industrial Summary'!$G:$G,'Industrial Summary'!$F:$F,I$17,'Industrial Summary'!$D:$D,$E28,'Industrial Summary'!$A:$A,"DST")/SUMIFS('Industrial Summary'!$G:$G,'Industrial Summary'!$F:$F,I$17,'Industrial Summary'!$D:$D,$E28)),0)*0.98 -> -0.011013887 | J28: =IF(SUMIFS('Industrial Summary'!$G:$G,'Industrial Summary'!$F:$F,J$17,'Industrial Summary'!$D:$D,$E28)>0,(-SUMIFS('Industrial Summary'!$G:$G,'Industrial Summary'!$F:$F,J$17,'Industrial Summary'!$D:$D,$E28,'Industrial Summary'!$A:$A,"DST")/SUMIFS('Industrial Summary'!$G:$G,'Industrial Summary'!$F:$F,J$17,'Industrial Summary'!$D:$D,$E28)),0)*0.98 -> 0 | K28: =IF(SUMIFS('Industrial Summary'!$G:$G,'Industrial Summary'!$F:$F,K$17,'Industrial Summary'!$D:$D,$E28)>0,(-SUMIFS('Industrial Summary'!$G:$G,'Industrial Summary'!$F:$F,K$17,'Industrial Summary'!$D:$D,$E28,'Industrial Summary'!$A:$A,"DST")/SUMIFS('Industrial Summary'!$G:$G,'Industrial Summary'!$F:$F,K$17,'Industrial Summary'!$D:$D,$E28)),0)*0.98 -> 0 | L28: =IF(SUMIFS('Industrial Summary'!$G:$G,'Industrial Summary'!$F:$F,L$17,'Industrial Summary'!$D:$D,$E28)>0,(-SUMIFS('Industrial Summary'!$G:$G,'Industrial Summary'!$F:$F,L$17,'Industrial Summary'!$D:$D,$E28,'Industrial Summary'!$A:$A,"DST")/SUMIFS('Industrial Summary'!$G:$G,'Industrial Summary'!$F:$F,L$17,'Industrial Summary'!$D:$D,$E28)),0)*0.98 -> 0 | M28: =IF(SUMIFS('Industrial Summary'!$G:$G,'Industrial Summary'!$F:$F,M$17,'Industrial Summary'!$D:$D,$E28)>0,(-SUMIFS('Industrial Summary'!$G:$G,'Industrial Summary'!$F:$F,M$17,'Industrial Summary'!$D:$D,$E28,'Industrial Summary'!$A:$A,"DST")/SUMIFS('Industrial Summary'!$G:$G,'Industrial Summary'!$F:$F,M$17,'Industrial Summary'!$D:$D,$E28)),0)*0.98 -> -0.0080883598 | N28: =IF(SUMIFS('Industrial Summary'!$G:$G,'Industrial Summary'!$F:$F,N$17,'Industrial Summary'!$D:$D,$E28)>0,(-SUMIFS('Industrial Summary'!$G:$G,'Industrial Summary'!$F:$F,N$17,'Industrial Summary'!$D:$D,$E28,'Industrial Summary'!$A:$A,"DST")/SUMIFS('Industrial Summary'!$G:$G,'Industrial Summary'!$F:$F,N$17,'Industrial Summary'!$D:$D,$E28)),0)*0.98 -> -0.0080883598 | O28: =IF(SUMIFS('Industrial Summary'!$G:$G,'Industrial Summary'!$F:$F,O$17,'Industrial Summary'!$D:$D,$E28)>0,(-SUMIFS('Industrial Summary'!$G:$G,'Industrial Summary'!$F:$F,O$17,'Industrial Summary'!$D:$D,$E28,'Industrial Summary'!$A:$A,"DST")/SUMIFS('Industrial Summary'!$G:$G,'Industrial Summary'!$F:$F,O$17,'Industrial Summary'!$D:$D,$E28)),0)*0.98 -> -0.017819131 | P28: =IF(SUMIFS('Industrial Summary'!$G:$G,'Industrial Summary'!$F:$F,P$17,'Industrial Summary'!$D:$D,$E28)>0,(-SUMIFS('Industrial Summary'!$G:$G,'Industrial Summary'!$F:$F,P$17,'Industrial Summary'!$D:$D,$E28,'Industrial Summary'!$A:$A,"DST")/SUMIFS('Industrial Summary'!$G:$G,'Industrial Summary'!$F:$F,P$17,'Industrial Summary'!$D:$D,$E28)),0)*0.98 -> 0 | Q28: 0 | R28: 15 | S28: =_xlfn.CONCAT("UC_",D28) -> UC_IFDPH_DST | V28: =C28 -> S_IFDPHDST | W28: =D28 -> IFDPH_DST | X28: =E28 -> IFDPRH | Y28: =F28 -> LO | Z28: 1 | AA28: =H28*$AM28 -> -0.011013887 | AB28: =I28*$AM28 -> -0.011013887 | AC28: =J28*$AM28 -> 0 | AD28: =K28*$AM28 -> 0 | AE28: =L28*$AM28 -> 0 | AF28: =M28*$AM28 -> -0.0080883598 | AG28: =N28*$AM28 -> -0.0080883598 | AH28: =O28*$AM28 -> -0.017819131 | AI28: =P28*$AM28 -> 0 | AL28: =RIGHT(W28,3) -> DST | AM28: =1 -> 1
C29: S_IFDPHNGA | D29: IFDPH_NGA | E29: IFDPRH | F29: LO | G29: 1 | H29: =IF(SUMIFS('Industrial Summary'!$G:$G,'Industrial Summary'!$F:$F,H$17,'Industrial Summary'!$D:$D,$E29)>0,(-SUMIFS('Industrial Summary'!$G:$G,'Industrial Summary'!$F:$F,H$17,'Industrial Summary'!$D:$D,$E29,'Industrial Summary'!$A:$A,"NGA")/SUMIFS('Industrial Summary'!$G:$G,'Industrial Summary'!$F:$F,H$17,'Industrial Summary'!$D:$D,$E29)),0)*0.98 -> -0.86412736 | I29: =IF(SUMIFS('Industrial Summary'!$G:$G,'Industrial Summary'!$F:$F,I$17,'Industrial Summary'!$D:$D,$E29)>0,(-SUMIFS('Industrial Summary'!$G:$G,'Industrial Summary'!$F:$F,I$17,'Industrial Summary'!$D:$D,$E29,'Industrial Summary'!$A:$A,"NGA")/SUMIFS('Industrial Summary'!$G:$G,'Industrial Summary'!$F:$F,I$17,'Industrial Summary'!$D:$D,$E29)),0)*0.98 -> -0.86412736 | J29: =IF(SUMIFS('Industrial Summary'!$G:$G,'Industrial Summary'!$F:$F,J$17,'Industrial Summary'!$D:$D,$E29)>0,(-SUMIFS('Industrial Summary'!$G:$G,'Industrial Summary'!$F:$F,J$17,'Industrial Summary'!$D:$D,$E29,'Industrial Summary'!$A:$A,"NGA")/SUMIFS('Industrial Summary'!$G:$G,'Industrial Summary'!$F:$F,J$17,'Industrial Summary'!$D:$D,$E29)),0)*0.98 -> -0.74916612 | K29: =IF(SUMIFS('Industrial Summary'!$G:$G,'Industrial Summary'!$F:$F,K$17,'Industrial Summary'!$D:$D,$E29)>0,(-SUMIFS('Industrial Summary'!$G:$G,'Industrial Summary'!$F:$F,K$17,'Industrial Summary'!$D:$D,$E29,'Industrial Summary'!$A:$A,"NGA")/SUMIFS('Industrial Summary'!$G:$G,'Industrial Summary'!$F:$F,K$17,'Industrial Summary'!$D:$D,$E29)),0)*0.98 -> -0.73447698 | L29: =IF(SUMIFS('Industrial Summary'!$G:$G,'Industrial Summary'!$F:$F,L$17,'Industrial Summary'!$D:$D,$E29)>0,(-SUMIFS('Industrial Summary'!$G:$G,'Industrial Summary'!$F:$F,L$17,'Industrial Summary'!$D:$D,$E29,'Industrial Summary'!$A:$A,"NGA")/SUMIFS('Industrial Summary'!$G:$G,'Industrial Summary'!$F:$F,L$17,'Industrial Summary'!$D:$D,$E29)),0)*0.98 -> -0.81672206 | M29: =IF(SUMIFS('Industrial Summary'!$G:$G,'Industrial Summary'!$F:$F,M$17,'Industrial Summary'!$D:$D,$E29)>0,(-SUMIFS('Industrial Summary'!$G:$G,'Industrial Summary'!$F:$F,M$17,'Industrial Summary'!$D:$D,$E29,'Industrial Summary'!$A:$A,"NGA")/SUMIFS('Industrial Summary'!$G:$G,'Industrial Summary'!$F:$F,M$17,'Industrial Summary'!$D:$D,$E29)),0)*0.98 -> -0.83290774 | N29: =IF(SUMIFS('Industrial Summary'!$G:$G,'Industrial Summary'!$F:$F,N$17,'Industrial Summary'!$D:$D,$E29)>0,(-SUMIFS('Industrial Summary'!$G:$G,'Industrial Summary'!$F:$F,N$17,'Industrial Summary'!$D:$D,$E29,'Industrial Summary'!$A:$A,"NGA")/SUMIFS('Industrial Summary'!$G:$G,'Industrial Summary'!$F:$F,N$17,'Industrial Summary'!$D:$D,$E29)),0)*0.98 -> -0.83290774 | O29: =IF(SUMIFS('Industrial Summary'!$G:$G,'Industrial Summary'!$F:$F,O$17,'Industrial Summary'!$D:$D,$E29)>0,(-SUMIFS('Industrial Summary'!$G:$G,'Industrial Summary'!$F:$F,O$17,'Industrial Summary'!$D:$D,$E29,'Industrial Summary'!$A:$A,"NGA")/SUMIFS('Industrial Summary'!$G:$G,'Industrial Summary'!$F:$F,O$17,'Industrial Summary'!$D:$D,$E29)),0)*0.98 -> -0.85789617 | P29: =IF(SUMIFS('Industrial Summary'!$G:$G,'Industrial Summary'!$F:$F,P$17,'Industrial Summary'!$D:$D,$E29)>0,(-SUMIFS('Industrial Summary'!$G:$G,'Industrial Summary'!$F:$F,P$17,'Industrial Summary'!$D:$D,$E29,'Industrial Summary'!$A:$A,"NGA")/SUMIFS('Industrial Summary'!$G:$G,'Industrial Summary'!$F:$F,P$17,'Industrial Summary'!$D:$D,$E29)),0)*0.98 -> -0.86116013 | Q29: 0 | R29: 15 | S29: =_xlfn.CONCAT("UC_",D29) -> UC_IFDPH_NGA | V29: =C29 -> S_IFDPHNGA | W29: =D29 -> IFDPH_NGA | X29: =E29 -> IFDPRH | Y29: =F29 -> LO | Z29: 1 | AA29: =H29*$AM29 -> -0.6221717 | AB29: =I29*$AM29 -> -0.6221717 | AC29: =J29*$AM29 -> -0.53939961 | AD29: =K29*$AM29 -> -0.52882342 | AE29: =L29*$AM29 -> -0.58803988 | AF29: =M29*$AM29 -> -0.59969357 | AG29: =N29*$AM29 -> -0.59969357 | AH29: =O29*$AM29 -> -0.61768524 | AI29: =P29*$AM29 -> -0.62003529 | AL29: =RIGHT(W29,3) -> NGA | AM29: =Y5 -> 0.72
C30: S_IFDPHLPG | D30: IFDPH_LPG | E30: IFDPRH | F30: LO | G30: 1 | H30: =IF(SUMIFS('Industrial Summary'!$G:$G,'Industrial Summary'!$F:$F,H$17,'Industrial Summary'!$D:$D,$E30)>0,(-SUMIFS('Industrial Summary'!$G:$G,'Industrial Summary'!$F:$F,H$17,'Industrial Summary'!$D:$D,$E30,'Industrial Summary'!$A:$A,"LPG")/SUMIFS('Industrial Summary'!$G:$G,'Industrial Summary'!$F:$F,H$17,'Industrial Summary'!$D:$D,$E30)),0)*0.98 -> -0.0074127708 | I30: =IF(SUMIFS('Industrial Summary'!$G:$G,'Industrial Summary'!$F:$F,I$17,'Industrial Summary'!$D:$D,$E30)>0,(-SUMIFS('Industrial Summary'!$G:$G,'Industrial Summary'!$F:$F,I$17,'Industrial Summary'!$D:$D,$E30,'Industrial Summary'!$A:$A,"LPG")/SUMIFS('Industrial Summary'!$G:$G,'Industrial Summary'!$F:$F,I$17,'Industrial Summary'!$D:$D,$E30)),0)*0.98 -> -0.0074127708 | J30: =IF(SUMIFS('Industrial Summary'!$G:$G,'Industrial Summary'!$F:$F,J$17,'Industrial Summary'!$D:$D,$E30)>0,(-SUMIFS('Industrial Summary'!$G:$G,'Industrial Summary'!$F:$F,J$17,'Industrial Summary'!$D:$D,$E30,'Industrial Summary'!$A:$A,"LPG")/SUMIFS('Industrial Summary'!$G:$G,'Industrial Summary'!$F:$F,J$17,'Industrial Summary'!$D:$D,$E30)),0)*0.98 -> 0 | K30: =IF(SUMIFS('Industrial Summary'!$G:$G,'Industrial Summary'!$F:$F,K$17,'Industrial Summary'!$D:$D,$E30)>0,(-SUMIFS('Industrial Summary'!$G:$G,'Industrial Summary'!$F:$F,K$17,'Industrial Summary'!$D:$D,$E30,'Industrial Summary'!$A:$A,"LPG")/SUMIFS('Industrial Summary'!$G:$G,'Industrial Summary'!$F:$F,K$17,'Industrial Summary'!$D:$D,$E30)),0)*0.98 -> 0 | L30: =IF(SUMIFS('Industrial Summary'!$G:$G,'Industrial Summary'!$F:$F,L$17,'Industrial Summary'!$D:$D,$E30)>0,(-SUMIFS('Industrial Summary'!$G:$G,'Industrial Summary'!$F:$F,L$17,'Industrial Summary'!$D:$D,$E30,'Industrial Summary'!$A:$A,"LPG")/SUMIFS('Industrial Summary'!$G:$G,'Industrial Summary'!$F:$F,L$17,'Industrial Summary'!$D:$D,$E30)),0)*0.98 -> 0 | M30: =IF(SUMIFS('Industrial Summary'!$G:$G,'Industrial Summary'!$F:$F,M$17,'Industrial Summary'!$D:$D,$E30)>0,(-SUMIFS('Industrial Summary'!$G:$G,'Industrial Summary'!$F:$F,M$17,'Industrial Summary'!$D:$D,$E30,'Industrial Summary'!$A:$A,"LPG")/SUMIFS('Industrial Summary'!$G:$G,'Industrial Summary'!$F:$F,M$17,'Industrial Summary'!$D:$D,$E30)),0)*0.98 -> -0.0054437779 | N30: =IF(SUMIFS('Industrial Summary'!$G:$G,'Industrial Summary'!$F:$F,N$17,'Industrial Summary'!$D:$D,$E30)>0,(-SUMIFS('Industrial Summary'!$G:$G,'Industrial Summary'!$F:$F,N$17,'Industrial Summary'!$D:$D,$E30,'Industrial Summary'!$A:$A,"LPG")/SUMIFS('Industrial Summary'!$G:$G,'Industrial Summary'!$F:$F,N$17,'Industrial Summary'!$D:$D,$E30)),0)*0.98 -> -0.0054437779 | O30: =IF(SUMIFS('Industrial Summary'!$G:$G,'Industrial Summary'!$F:$F,O$17,'Industrial Summary'!$D:$D,$E30)>0,(-SUMIFS('Industrial Summary'!$G:$G,'Industrial Summary'!$F:$F,O$17,'Industrial Summary'!$D:$D,$E30,'Industrial Summary'!$A:$A,"LPG")/SUMIFS('Industrial Summary'!$G:$G,'Industrial Summary'!$F:$F,O$17,'Industrial Summary'!$D:$D,$E30)),0)*0.98 -> -0.0032708078 | P30: =IF(SUMIFS('Industrial Summary'!$G:$G,'Industrial Summary'!$F:$F,P$17,'Industrial Summary'!$D:$D,$E30)>0,(-SUMIFS('Industrial Summary'!$G:$G,'Industrial Summary'!$F:$F,P$17,'Industrial Summary'!$D:$D,$E30,'Industrial Summary'!$A:$A,"LPG")/SUMIFS('Industrial Summary'!$G:$G,'Industrial Summary'!$F:$F,P$17,'Industrial Summary'!$D:$D,$E30)),0)*0.98 -> 0 | Q30: 0 | R30: 15 | S30: =_xlfn.CONCAT("UC_",D30) -> UC_IFDPH_LPG | V30: =C30 -> S_IFDPHLPG | W30: =D30 -> IFDPH_LPG | X30: =E30 -> IFDPRH | Y30: =F30 -> LO | Z30: 1 | AA30: =H30*$AM30 -> -0.005337195 | AB30: =I30*$AM30 -> -0.005337195 | AC30: =J30*$AM30 -> 0 | AD30: =K30*$AM30 -> 0 | AE30: =L30*$AM30 -> 0 | AF30: =M30*$AM30 -> -0.0039195201 | AG30: =N30*$AM30 -> -0.0039195201 | AH30: =O30*$AM30 -> -0.0023549816 | AI30: =P30*$AM30 -> 0 | AL30: =RIGHT(W30,3) -> LPG | AM30: =Y5 -> 0.72
C31: S_IFDPHCOA | D31: IFDPH_COA | E31: IFDPRH | F31: UP | G31: 1 | H31: =IF(SUMIFS('Industrial Summary'!$G:$G,'Industrial Summary'!$F:$F,H$17,'Industrial Summary'!$D:$D,$E31)>0,(-SUMIFS('Industrial Summary'!$G:$G,'Industrial Summary'!$F:$F,H$17,'Industrial Summary'!$D:$D,$E31,'Industrial Summary'!$A:$A,"COA")/SUMIFS('Industrial Summary'!$G:$G,'Industrial Summary'!$F:$F,H$17,'Industrial Summary'!$D:$D,$E31)),0)*0.98 -> -0.0037883801 | I31: =IF(SUMIFS('Industrial Summary'!$G:$G,'Industrial Summary'!$F:$F,I$17,'Industrial Summary'!$D:$D,$E31)>0,(-SUMIFS('Industrial Summary'!$G:$G,'Industrial Summary'!$F:$F,I$17,'Industrial Summary'!$D:$D,$E31,'Industrial Summary'!$A:$A,"COA")/SUMIFS('Industrial Summary'!$G:$G,'Industrial Summary'!$F:$F,I$17,'Industrial Summary'!$D:$D,$E31)),0)*0.98 -> -0.0037883801 | J31: =IF(SUMIFS('Industrial Summary'!$G:$G,'Industrial Summary'!$F:$F,J$17,'Industrial Summary'!$D:$D,$E31)>0,(-SUMIFS('Industrial Summary'!$G:$G,'Industrial Summary'!$F:$F,J$17,'Industrial Summary'!$D:$D,$E31,'Industrial Summary'!$A:$A,"COA")/SUMIFS('Industrial Summary'!$G:$G,'Industrial Summary'!$F:$F,J$17,'Industrial Summary'!$D:$D,$E31)),0)*0.98 -> -0.13052691 | K31: =IF(SUMIFS('Industrial Summary'!$G:$G,'Industrial Summary'!$F:$F,K$17,'Industrial Summary'!$D:$D,$E31)>0,(-SUMIFS('Industrial Summary'!$G:$G,'Industrial Summary'!$F:$F,K$17,'Industrial Summary'!$D:$D,$E31,'Industrial Summary'!$A:$A,"COA")/SUMIFS('Industrial Summary'!$G:$G,'Industrial Summary'!$F:$F,K$17,'Industrial Summary'!$D:$D,$E31)),0)*0.98 -> -0.138833 | L31: =IF(SUMIFS('Industrial Summary'!$G:$G,'Industrial Summary'!$F:$F,L$17,'Industrial Summary'!$D:$D,$E31)>0,(-SUMIFS('Industrial Summary'!$G:$G,'Industrial Summary'!$F:$F,L$17,'Industrial Summary'!$D:$D,$E31,'Industrial Summary'!$A:$A,"COA")/SUMIFS('Industrial Summary'!$G:$G,'Industrial Summary'!$F:$F,L$17,'Industrial Summary'!$D:$D,$E31)),0)*0.98 -> -0.027821041 | M31: =IF(SUMIFS('Industrial Summary'!$G:$G,'Industrial Summary'!$F:$F,M$17,'Industrial Summary'!$D:$D,$E31)>0,(-SUMIFS('Industrial Summary'!$G:$G,'Industrial Summary'!$F:$F,M$17,'Industrial Summary'!$D:$D,$E31,'Industrial Summary'!$A:$A,"COA")/SUMIFS('Industrial Summary'!$G:$G,'Industrial Summary'!$F:$F,M$17,'Industrial Summary'!$D:$D,$E31)),0)*0.98 -> -0.022256833 | N31: =IF(SUMIFS('Industrial Summary'!$G:$G,'Industrial Summary'!$F:$F,N$17,'Industrial Summary'!$D:$D,$E31)>0,(-SUMIFS('Industrial Summary'!$G:$G,'Industrial Summary'!$F:$F,N$17,'Industrial Summary'!$D:$D,$E31,'Industrial Summary'!$A:$A,"COA")/SUMIFS('Industrial Summary'!$G:$G,'Industrial Summary'!$F:$F,N$17,'Industrial Summary'!$D:$D,$E31)),0)*0.98 -> -0.022256833 | O31: =IF(SUMIFS('Industrial Summary'!$G:$G,'Industrial Summary'!$F:$F,O$17,'Industrial Summary'!$D:$D,$E31)>0,(-SUMIFS('Industrial Summary'!$G:$G,'Industrial Summary'!$F:$F,O$17,'Industrial Summary'!$D:$D,$E31,'Industrial Summary'!$A:$A,"COA")/SUMIFS('Industrial Summary'!$G:$G,'Industrial Summary'!$F:$F,O$17,'Industrial Summary'!$D:$D,$E31)),0)*0.98 -> -0.033431665 | P31: =IF(SUMIFS('Industrial Summary'!$G:$G,'Industrial Summary'!$F:$F,P$17,'Industrial Summary'!$D:$D,$E31)>0,(-SUMIFS('Industrial Summary'!$G:$G,'Industrial Summary'!$F:$F,P$17,'Industrial Summary'!$D:$D,$E31,'Industrial Summary'!$A:$A,"COA")/SUMIFS('Industrial Summary'!$G:$G,'Industrial Summary'!$F:$F,P$17,'Industrial Summary'!$D:$D,$E31)),0)*0.98 -> -0.03933137 | Q31: 0 | R31: 15 | S31: =_xlfn.CONCAT("UC_",D31) -> UC_IFDPH_COA | V31: =C31 -> S_IFDPHCOA | W31: =D31 -> IFDPH_COA | X31: =E31 -> IFDPRH | Y31: =F31 -> UP | Z31: 1 | AA31: =H31*$AM31 -> -0.0030307041 | AB31: =I31*$AM31 -> -0.0030307041 | AC31: =J31*$AM31 -> -0.10442152 | AD31: =K31*$AM31 -> -0.1110664 | AE31: =L31*$AM31 -> -0.022256833 | AF31: =M31*$AM31 -> -0.017805466 | AG31: =N31*$AM31 -> -0.017805466 | AH31: =O31*$AM31 -> -0.026745332 | AI31: =P31*$AM31 -> -0.031465096 | AL31: =RIGHT(W31,3) -> COA | AM31: =Z5 -> 0.8
C32: S_IFDMDELC | D32: IFDMD_ELC | E32: IFDMDR | F32: LO | G32: 1 | H32: =IF(SUMIFS('Industrial Summary'!$G:$G,'Industrial Summary'!$F:$F,H$17,'Industrial Summary'!$D:$D,$E32)>0,(-SUMIFS('Industrial Summary'!$G:$G,'Industrial Summary'!$F:$F,H$17,'Industrial Summary'!$D:$D,$E32,'Industrial Summary'!$A:$A,"ELC")/SUMIFS('Industrial Summary'!$G:$G,'Industrial Summary'!$F:$F,H$17,'Industrial Summary'!$D:$D,$E32)),0)*0.98 -> -0.93628717 | I32: =IF(SUMIFS('Industrial Summary'!$G:$G,'Industrial Summary'!$F:$F,I$17,'Industrial Summary'!$D:$D,$E32)>0,(-SUMIFS('Industrial Summary'!$G:$G,'Industrial Summary'!$F:$F,I$17,'Industrial Summary'!$D:$D,$E32,'Industrial Summary'!$A:$A,"ELC")/SUMIFS('Industrial Summary'!$G:$G,'Industrial Summary'!$F:$F,I$17,'Industrial Summary'!$D:$D,$E32)),0)*0.98 -> -0.93628717 | J32: =IF(SUMIFS('Industrial Summary'!$G:$G,'Industrial Summary'!$F:$F,J$17,'Industrial Summary'!$D:$D,$E32)>0,(-SUMIFS('Industrial Summary'!$G:$G,'Industrial Summary'!$F:$F,J$17,'Industrial Summary'!$D:$D,$E32,'Industrial Summary'!$A:$A,"ELC")/SUMIFS('Industrial Summary'!$G:$G,'Industrial Summary'!$F:$F,J$17,'Industrial Summary'!$D:$D,$E32)),0)*0.98 -> -0.98 | K32: =IF(SUMIFS('Industrial Summary'!$G:$G,'Industrial Summary'!$F:$F,K$17,'Industrial Summary'!$D:$D,$E32)>0,(-SUMIFS('Industrial Summary'!$G:$G,'Industrial Summary'!$F:$F,K$17,'Industrial Summary'!$D:$D,$E32,'Industrial Summary'!$A:$A,"ELC")/SUMIFS('Industrial Summary'!$G:$G,'Industrial Summary'!$F:$F,K$17,'Industrial Summary'!$D:$D,$E32)),0)*0.98 -> -0.98 | L32: =IF(SUMIFS('Industrial Summary'!$G:$G,'Industrial Summary'!$F:$F,L$17,'Industrial Summary'!$D:$D,$E32)>0,(-SUMIFS('Industrial Summary'!$G:$G,'Industrial Summary'!$F:$F,L$17,'Industrial Summary'!$D:$D,$E32,'Industrial Summary'!$A:$A,"ELC")/SUMIFS('Industrial Summary'!$G:$G,'Industrial Summary'!$F:$F,L$17,'Industrial Summary'!$D:$D,$E32)),0)*0.98 -> -0.98 | M32: =IF(SUMIFS('Industrial Summary'!$G:$G,'Industrial Summary'!$F:$F,M$17,'Industrial Summary'!$D:$D,$E32)>0,(-SUMIFS('Industrial Summary'!$G:$G,'Industrial Summary'!$F:$F,M$17,'Industrial Summary'!$D:$D,$E32,'Industrial Summary'!$A:$A,"ELC")/SUMIFS('Industrial Summary'!$G:$G,'Industrial Summary'!$F:$F,M$17,'Industrial Summary'!$D:$D,$E32)),0)*0.98 -> -0.94595706 | N32: =IF(SUMIFS('Industrial Summary'!$G:$G,'Industrial Summary'!$F:$F,N$17,'Industrial Summary'!$D:$D,$E32)>0,(-SUMIFS('Industrial Summary'!$G:$G,'Industrial Summary'!$F:$F,N$17,'Industrial Summary'!$D:$D,$E32,'Industrial Summary'!$A:$A,"ELC")/SUMIFS('Industrial Summary'!$G:$G,'Industrial Summary'!$F:$F,N$17,'Industrial Summary'!$D:$D,$E32)),0)*0.98 -> -0.94595706 | O32: =IF(SUMIFS('Industrial Summary'!$G:$G,'Industrial Summary'!$F:$F,O$17,'Industrial Summary'!$D:$D,$E32)>0,(-SUMIFS('Industrial Summary'!$G:$G,'Industrial Summary'!$F:$F,O$17,'Industrial Summary'!$D:$D,$E32,'Industrial Summary'!$A:$A,"ELC")/SUMIFS('Industrial Summary'!$G:$G,'Industrial Summary'!$F:$F,O$17,'Industrial Summary'!$D:$D,$E32)),0)*0.98 -> -0.91852882 | P32: =IF(SUMIFS('Industrial Summary'!$G:$G,'Industrial Summary'!$F:$F,P$17,'Industrial Summary'!$D:$D,$E32)>0,(-SUMIFS('Industrial Summary'!$G:$G,'Industrial Summary'!$F:$F,P$17,'Industrial Summary'!$D:$D,$E32,'Industrial Summary'!$A:$A,"ELC")/SUMIFS('Industrial Summary'!$G:$G,'Industrial Summary'!$F:$F,P$17,'Industrial Summary'!$D:$D,$E32)),0)*0.98 -> -0.98 | Q32: 0 | R32: 15 | S32: =_xlfn.CONCAT("UC_",D32) -> UC_IFDMD_ELC | V32: =C32 -> S_IFDMDELC | W32: =D32 -> IFDMD_ELC | X32: =E32 -> IFDMDR | Y32: =F32 -> LO | Z32: 1 | AA32: =H32*$AM32 -> -0.93628717 | AB32: =I32*$AM32 -> -0.93628717 | AC32: =J32*$AM32 -> -0.98 | AD32: =K32*$AM32 -> -0.98 | AE32: =L32*$AM32 -> -0.98 | AF32: =M32*$AM32 -> -0.94595706 | AG32: =N32*$AM32 -> -0.94595706 | AH32: =O32*$AM32 -> -0.91852882 | AI32: =P32*$AM32 -> -0.98 | AL32: =RIGHT(W32,3) -> ELC | AM32: =1 -> 1
C33: S_IFDMDDST | D33: IFDMD_DST | E33: IFDMDR | F33: LO | G33: 1 | H33: =IF(SUMIFS('Industrial Summary'!$G:$G,'Industrial Summary'!$F:$F,H$17,'Industrial Summary'!$D:$D,$E33)>0,(-SUMIFS('Industrial Summary'!$G:$G,'Industrial Summary'!$F:$F,H$17,'Industrial Summary'!$D:$D,$E33,'Industrial Summary'!$A:$A,"DST")/SUMIFS('Industrial Summary'!$G:$G,'Industrial Summary'!$F:$F,H$17,'Industrial Summary'!$D:$D,$E33)),0)*0.98 -> -0.0061338794 | I33: =IF(SUMIFS('Industrial Summary'!$G:$G,'Industrial Summary'!$F:$F,I$17,'Industrial Summary'!$D:$D,$E33)>0,(-SUMIFS('Industrial Summary'!$G:$G,'Industrial Summary'!$F:$F,I$17,'Industrial Summary'!$D:$D,$E33,'Industrial Summary'!$A:$A,"DST")/SUMIFS('Industrial Summary'!$G:$G,'Industrial Summary'!$F:$F,I$17,'Industrial Summary'!$D:$D,$E33)),0)*0.98 -> -0.0061338794 | J33: =IF(SUMIFS('Industrial Summary'!$G:$G,'Industrial Summary'!$F:$F,J$17,'Industrial Summary'!$D:$D,$E33)>0,(-SUMIFS('Industrial Summary'!$G:$G,'Industrial Summary'!$F:$F,J$17,'Industrial Summary'!$D:$D,$E33,'Industrial Summary'!$A:$A,"DST")/SUMIFS('Industrial Summary'!$G:$G,'Industrial Summary'!$F:$F,J$17,'Industrial Summary'!$D:$D,$E33)),0)*0.98 -> 0 | K33: =IF(SUMIFS('Industrial Summary'!$G:$G,'Industrial Summary'!$F:$F,K$17,'Industrial Summary'!$D:$D,$E33)>0,(-SUMIFS('Industrial Summary'!$G:$G,'Industrial Summary'!$F:$F,K$17,'Industrial Summary'!$D:$D,$E33,'Industrial Summary'!$A:$A,"DST")/SUMIFS('Industrial Summary'!$G:$G,'Industrial Summary'!$F:$F,K$17,'Industrial Summary'!$D:$D,$E33)),0)*0.98 -> 0 | L33: =IF(SUMIFS('Industrial Summary'!$G:$G,'Industrial Summary'!$F:$F,L$17,'Industrial Summary'!$D:$D,$E33)>0,(-SUMIFS('Industrial Summary'!$G:$G,'Industrial Summary'!$F:$F,L$17,'Industrial Summary'!$D:$D,$E33,'Industrial Summary'!$A:$A,"DST")/SUMIFS('Industrial Summary'!$G:$G,'Industrial Summary'!$F:$F,L$17,'Industrial Summary'!$D:$D,$E33)),0)*0.98 -> 0 | M33: =IF(SUMIFS('Industrial Summary'!$G:$G,'Industrial Summary'!$F:$F,M$17,'Industrial Summary'!$D:$D,$E33)>0,(-SUMIFS('Industrial Summary'!$G:$G,'Industrial Summary'!$F:$F,M$17,'Industrial Summary'!$D:$D,$E33,'Industrial Summary'!$A:$A,"DST")/SUMIFS('Industrial Summary'!$G:$G,'Industrial Summary'!$F:$F,M$17,'Industrial Summary'!$D:$D,$E33)),0)*0.98 -> -0.0037654053 | N33: =IF(SUMIFS('Industrial Summary'!$G:$G,'Industrial Summary'!$F:$F,N$17,'Industrial Summary'!$D:$D,$E33)>0,(-SUMIFS('Industrial Summary'!$G:$G,'Industrial Summary'!$F:$F,N$17,'Industrial Summary'!$D:$D,$E33,'Industrial Summary'!$A:$A,"DST")/SUMIFS('Industrial Summary'!$G:$G,'Industrial Summary'!$F:$F,N$17,'Industrial Summary'!$D:$D,$E33)),0)*0.98 -> -0.0037654053 | O33: =IF(SUMIFS('Industrial Summary'!$G:$G,'Industrial Summary'!$F:$F,O$17,'Industrial Summary'!$D:$D,$E33)>0,(-SUMIFS('Industrial Summary'!$G:$G,'Industrial Summary'!$F:$F,O$17,'Industrial Summary'!$D:$D,$E33,'Industrial Summary'!$A:$A,"DST")/SUMIFS('Industrial Summary'!$G:$G,'Industrial Summary'!$F:$F,O$17,'Industrial Summary'!$D:$D,$E33)),0)*0.98 -> -0.012915694 | P33: =IF(SUMIFS('Industrial Summary'!$G:$G,'Industrial Summary'!$F:$F,P$17,'Industrial Summary'!$D:$D,$E33)>0,(-SUMIFS('Industrial Summary'!$G:$G,'Industrial Summary'!$F:$F,P$17,'Industrial Summary'!$D:$D,$E33,'Industrial Summary'!$A:$A,"DST")/SUMIFS('Industrial Summary'!$G:$G,'Industrial Summary'!$F:$F,P$17,'Industrial Summary'!$D:$D,$E33)),0)*0.98 -> 0 | Q33: 0 | R33: 15 | S33: =_xlfn.CONCAT("UC_",D33) -> UC_IFDMD_DST | V33: =C33 -> S_IFDMDDST | W33: =D33 -> IFDMD_DST | X33: =E33 -> IFDMDR | Y33: =F33 -> LO | Z33: 1 | AA33: =H33*$AM33 -> -0.0061338794 | AB33: =I33*$AM33 -> -0.0061338794 | AC33: =J33*$AM33 -> 0 | AD33: =K33*$AM33 -> 0 | AE33: =L33*$AM33 -> 0 | AF33: =M33*$AM33 -> -0.0037654053 | AG33: =N33*$AM33 -> -0.0037654053 | AH33: =O33*$AM33 -> -0.012915694 | AI33: =P33*$AM33 -> 0 | AL33: =RIGHT(W33,3) -> DST | AM33: =1 -> 1
C34: S_IFDMDNGA | D34: IFDMD_NGA | E34: IFDMDR | F34: LO | G34: 1 | H34: =IF(SUMIFS('Industrial Summary'!$G:$G,'Industrial Summary'!$F:$F,H$17,'Industrial Summary'!$D:$D,$E34)>0,(-SUMIFS('Industrial Summary'!$G:$G,'Industrial Summary'!$F:$F,H$17,'Industrial Summary'!$D:$D,$E34,'Industrial Summary'!$A:$A,"NGA")/SUMIFS('Industrial Summary'!$G:$G,'Industrial Summary'!$F:$F,H$17,'Industrial Summary'!$D:$D,$E34)),0)*0.98 -> -0.037578954 | I34: =IF(SUMIFS('Industrial Summary'!$G:$G,'Industrial Summary'!$F:$F,I$17,'Industrial Summary'!$D:$D,$E34)>0,(-SUMIFS('Industrial Summary'!$G:$G,'Industrial Summary'!$F:$F,I$17,'Industrial Summary'!$D:$D,$E34,'Industrial Summary'!$A:$A,"NGA")/SUMIFS('Industrial Summary'!$G:$G,'Industrial Summary'!$F:$F,I$17,'Industrial Summary'!$D:$D,$E34)),0)*0.98 -> -0.037578954 | J34: =IF(SUMIFS('Industrial Summary'!$G:$G,'Industrial Summary'!$F:$F,J$17,'Industrial Summary'!$D:$D,$E34)>0,(-SUMIFS('Industrial Summary'!$G:$G,'Industrial Summary'!$F:$F,J$17,'Industrial Summary'!$D:$D,$E34,'Industrial Summary'!$A:$A,"NGA")/SUMIFS('Industrial Summary'!$G:$G,'Industrial Summary'!$F:$F,J$17,'Industrial Summary'!$D:$D,$E34)),0)*0.98 -> 0 | K34: =IF(SUMIFS('Industrial Summary'!$G:$G,'Industrial Summary'!$F:$F,K$17,'Industrial Summary'!$D:$D,$E34)>0,(-SUMIFS('Industrial Summary'!$G:$G,'Industrial Summary'!$F:$F,K$17,'Industrial Summary'!$D:$D,$E34,'Industrial Summary'!$A:$A,"NGA")/SUMIFS('Industrial Summary'!$G:$G,'Industrial Summary'!$F:$F,K$17,'Industrial Summary'!$D:$D,$E34)),0)*0.98 -> 0 | L34: =IF(SUMIFS('Industrial Summary'!$G:$G,'Industrial Summary'!$F:$F,L$17,'Industrial Summary'!$D:$D,$E34)>0,(-SUMIFS('Industrial Summary'!$G:$G,'Industrial Summary'!$F:$F,L$17,'Industrial Summary'!$D:$D,$E34,'Industrial Summary'!$A:$A,"NGA")/SUMIFS('Industrial Summary'!$G:$G,'Industrial Summary'!$F:$F,L$17,'Industrial Summary'!$D:$D,$E34)),0)*0.98 -> 0 | M34: =IF(SUMIFS('Industrial Summary'!$G:$G,'Industrial Summary'!$F:$F,M$17,'Industrial Summary'!$D:$D,$E34)>0,(-SUMIFS('Industrial Summary'!$G:$G,'Industrial Summary'!$F:$F,M$17,'Industrial Summary'!$D:$D,$E34,'Industrial Summary'!$A:$A,"NGA")/SUMIFS('Industrial Summary'!$G:$G,'Industrial Summary'!$F:$F,M$17,'Industrial Summary'!$D:$D,$E34)),0)*0.98 -> -0.030277534 | N34: =IF(SUMIFS('Industrial Summary'!$G:$G,'Industrial Summary'!$F:$F,N$17,'Industrial Summary'!$D:$D,$E34)>0,(-SUMIFS('Industrial Summary'!$G:$G,'Industrial Summary'!$F:$F,N$17,'Industrial Summary'!$D:$D,$E34,'Industrial Summary'!$A:$A,"NGA")/SUMIFS('Industrial Summary'!$G:$G,'Industrial Summary'!$F:$F,N$17,'Industrial Summary'!$D:$D,$E34)),0)*0.98 -> -0.030277534 | O34: =IF(SUMIFS('Industrial Summary'!$G:$G,'Industrial Summary'!$F:$F,O$17,'Industrial Summary'!$D:$D,$E34)>0,(-SUMIFS('Industrial Summary'!$G:$G,'Industrial Summary'!$F:$F,O$17,'Industrial Summary'!$D:$D,$E34,'Industrial Summary'!$A:$A,"NGA")/SUMIFS('Industrial Summary'!$G:$G,'Industrial Summary'!$F:$F,O$17,'Industrial Summary'!$D:$D,$E34)),0)*0.98 -> -0.048555486 | P34: =IF(SUMIFS('Industrial Summary'!$G:$G,'Industrial Summary'!$F:$F,P$17,'Industrial Summary'!$D:$D,$E34)>0,(-SUMIFS('Industrial Summary'!$G:$G,'Industrial Summary'!$F:$F,P$17,'Industrial Summary'!$D:$D,$E34,'Industrial Summary'!$A:$A,"NGA")/SUMIFS('Industrial Summary'!$G:$G,'Industrial Summary'!$F:$F,P$17,'Industrial Summary'!$D:$D,$E34)),0)*0.98 -> 0 | Q34: 0 | R34: 15 | S34: =_xlfn.CONCAT("UC_",D34) -> UC_IFDMD_NGA | V34: =C34 -> S_IFDMDNGA | W34: =D34 -> IFDMD_NGA | X34: =E34 -> IFDMDR | Y34: =F34 -> LO | Z34: 1 | AA34: =H34*$AM34 -> -0.027056847 | AB34: =I34*$AM34 -> -0.027056847 | AC34: =J34*$AM34 -> 0 | AD34: =K34*$AM34 -> 0 | AE34: =L34*$AM34 -> 0 | AF34: =M34*$AM34 -> -0.021799824 | AG34: =N34*$AM34 -> -0.021799824 | AH34: =O34*$AM34 -> -0.03495995 | AI34: =P34*$AM34 -> 0 | AL34: =RIGHT(W34,3) -> NGA | AM34: =Y5 -> 0.72
C35: S_IFDFAELC | D35: IFDFA_ELC | E35: IFDFAC | F35: LO | G35: 1 | H35: =IF(SUMIFS('Industrial Summary'!$G:$G,'Industrial Summary'!$F:$F,H$17,'Industrial Summary'!$D:$D,$E35)>0,(-SUMIFS('Industrial Summary'!$G:$G,'Industrial Summary'!$F:$F,H$17,'Industrial Summary'!$D:$D,$E35,'Industrial Summary'!$A:$A,"ELC")/SUMIFS('Industrial Summary'!$G:$G,'Industrial Summary'!$F:$F,H$17,'Industrial Summary'!$D:$D,$E35)),0)*0.98 -> -0.372926 | I35: =IF(SUMIFS('Industrial Summary'!$G:$G,'Industrial Summary'!$F:$F,I$17,'Industrial Summary'!$D:$D,$E35)>0,(-SUMIFS('Industrial Summary'!$G:$G,'Industrial Summary'!$F:$F,I$17,'Industrial Summary'!$D:$D,$E35,'Industrial Summary'!$A:$A,"ELC")/SUMIFS('Industrial Summary'!$G:$G,'Industrial Summary'!$F:$F,I$17,'Industrial Summary'!$D:$D,$E35)),0)*0.98 -> -0.372926 | J35: =IF(SUMIFS('Industrial Summary'!$G:$G,'Industrial Summary'!$F:$F,J$17,'Industrial Summary'!$D:$D,$E35)>0,(-SUMIFS('Industrial Summary'!$G:$G,'Industrial Summary'!$F:$F,J$17,'Industrial Summary'!$D:$D,$E35,'Industrial Summary'!$A:$A,"ELC")/SUMIFS('Industrial Summary'!$G:$G,'Industrial Summary'!$F:$F,J$17,'Industrial Summary'!$D:$D,$E35)),0)*0.98 -> -0.50128716 | K35: =IF(SUMIFS('Industrial Summary'!$G:$G,'Industrial Summary'!$F:$F,K$17,'Industrial Summary'!$D:$D,$E35)>0,(-SUMIFS('Industrial Summary'!$G:$G,'Industrial Summary'!$F:$F,K$17,'Industrial Summary'!$D:$D,$E35,'Industrial Summary'!$A:$A,"ELC")/SUMIFS('Industrial Summary'!$G:$G,'Industrial Summary'!$F:$F,K$17,'Industrial Summary'!$D:$D,$E35)),0)*0.98 -> -0.53318664 | L35: =IF(SUMIFS('Industrial Summary'!$G:$G,'Industrial Summary'!$F:$F,L$17,'Industrial Summary'!$D:$D,$E35)>0,(-SUMIFS('Industrial Summary'!$G:$G,'Industrial Summary'!$F:$F,L$17,'Industrial Summary'!$D:$D,$E35,'Industrial Summary'!$A:$A,"ELC")/SUMIFS('Industrial Summary'!$G:$G,'Industrial Summary'!$F:$F,L$17,'Industrial Summary'!$D:$D,$E35)),0)*0.98 -> -0.54803619 | M35: =IF(SUMIFS('Industrial Summary'!$G:$G,'Industrial Summary'!$F:$F,M$17,'Industrial Summary'!$D:$D,$E35)>0,(-SUMIFS('Industrial Summary'!$G:$G,'Industrial Summary'!$F:$F,M$17,'Industrial Summary'!$D:$D,$E35,'Industrial Summary'!$A:$A,"ELC")/SUMIFS('Industrial Summary'!$G:$G,'Industrial Summary'!$F:$F,M$17,'Industrial Summary'!$D:$D,$E35)),0)*0.98 -> -0.43842895 | N35: =IF(SUMIFS('Industrial Summary'!$G:$G,'Industrial Summary'!$F:$F,N$17,'Industrial Summary'!$D:$D,$E35)>0,(-SUMIFS('Industrial Summary'!$G:$G,'Industrial Summary'!$F:$F,N$17,'Industrial Summary'!$D:$D,$E35,'Industrial Summary'!$A:$A,"ELC")/SUMIFS('Industrial Summary'!$G:$G,'Industrial Summary'!$F:$F,N$17,'Industrial Summary'!$D:$D,$E35)),0)*0.98 -> -0.43842895 | O35: =IF(SUMIFS('Industrial Summary'!$G:$G,'Industrial Summary'!$F:$F,O$17,'Industrial Summary'!$D:$D,$E35)>0,(-SUMIFS('Industrial Summary'!$G:$G,'Industrial Summary'!$F:$F,O$17,'Industrial Summary'!$D:$D,$E35,'Industrial Summary'!$A:$A,"ELC")/SUMIFS('Industrial Summary'!$G:$G,'Industrial Summary'!$F:$F,O$17,'Industrial Summary'!$D:$D,$E35)),0)*0.98 -> -0.29460727 | P35: =IF(SUMIFS('Industrial Summary'!$G:$G,'Industrial Summary'!$F:$F,P$17,'Industrial Summary'!$D:$D,$E35)>0,(-SUMIFS('Industrial Summary'!$G:$G,'Industrial Summary'!$F:$F,P$17,'Industrial Summary'!$D:$D,$E35,'Industrial Summary'!$A:$A,"ELC")/SUMIFS('Industrial Summary'!$G:$G,'Industrial Summary'!$F:$F,P$17,'Industrial Summary'!$D:$D,$E35)),0)*0.98 -> -0.34659679 | Q35: 0 | R35: 15 | S35: =_xlfn.CONCAT("UC_",D35) -> UC_IFDFA_ELC | V35: =C35 -> S_IFDFAELC | W35: =D35 -> IFDFA_ELC | X35: =E35 -> IFDFAC | Y35: =F35 -> LO | Z35: 1 | AA35: =H35*$AM35 -> -0.372926 | AB35: =I35*$AM35 -> -0.372926 | AC35: =J35*$AM35 -> -0.50128716 | AD35: =K35*$AM35 -> -0.53318664 | AE35: =L35*$AM35 -> -0.54803619 | AF35: =M35*$AM35 -> -0.43842895 | AG35: =N35*$AM35 -> -0.43842895 | AH35: =O35*$AM35 -> -0.29460727 | AI35: =P35*$AM35 -> -0.34659679 | AL35: =RIGHT(W35,3) -> ELC | AM35: =1 -> 1
C36: S_IFDFADST | D36: IFDFA_DST | E36: IFDFAC | F36: LO | G36: 1 | H36: =IF(SUMIFS('Industrial Summary'!$G:$G,'Industrial Summary'!$F:$F,H$17,'Industrial Summary'!$D:$D,$E36)>0,(-SUMIFS('Industrial Summary'!$G:$G,'Industrial Summary'!$F:$F,H$17,'Industrial Summary'!$D:$D,$E36,'Industrial Summary'!$A:$A,"DST")/SUMIFS('Industrial Summary'!$G:$G,'Industrial Summary'!$F:$F,H$17,'Industrial Summary'!$D:$D,$E36)),0)*0.98 -> -0.10293396 | I36: =IF(SUMIFS('Industrial Summary'!$G:$G,'Industrial Summary'!$F:$F,I$17,'Industrial Summary'!$D:$D,$E36)>0,(-SUMIFS('Industrial Summary'!$G:$G,'Industrial Summary'!$F:$F,I$17,'Industrial Summary'!$D:$D,$E36,'Industrial Summary'!$A:$A,"DST")/SUMIFS('Industrial Summary'!$G:$G,'Industrial Summary'!$F:$F,I$17,'Industrial Summary'!$D:$D,$E36)),0)*0.98 -> -0.10293396 | J36: =IF(SUMIFS('Industrial Summary'!$G:$G,'Industrial Summary'!$F:$F,J$17,'Industrial Summary'!$D:$D,$E36)>0,(-SUMIFS('Industrial Summary'!$G:$G,'Industrial Summary'!$F:$F,J$17,'Industrial Summary'!$D:$D,$E36,'Industrial Summary'!$A:$A,"DST")/SUMIFS('Industrial Summary'!$G:$G,'Industrial Summary'!$F:$F,J$17,'Industrial Summary'!$D:$D,$E36)),0)*0.98 -> 0 | K36: =IF(SUMIFS('Industrial Summary'!$G:$G,'Industrial Summary'!$F:$F,K$17,'Industrial Summary'!$D:$D,$E36)>0,(-SUMIFS('Industrial Summary'!$G:$G,'Industrial Summary'!$F:$F,K$17,'Industrial Summary'!$D:$D,$E36,'Industrial Summary'!$A:$A,"DST")/SUMIFS('Industrial Summary'!$G:$G,'Industrial Summary'!$F:$F,K$17,'Industrial Summary'!$D:$D,$E36)),0)*0.98 -> 0 | L36: =IF(SUMIFS('Industrial Summary'!$G:$G,'Industrial Summary'!$F:$F,L$17,'Industrial Summary'!$D:$D,$E36)>0,(-SUMIFS('Industrial Summary'!$G:$G,'Industrial Summary'!$F:$F,L$17,'Industrial Summary'!$D:$D,$E36,'Industrial Summary'!$A:$A,"DST")/SUMIFS('Industrial Summary'!$G:$G,'Industrial Summary'!$F:$F,L$17,'Industrial Summary'!$D:$D,$E36)),0)*0.98 -> 0 | M36: =IF(SUMIFS('Industrial Summary'!$G:$G,'Industrial Summary'!$F:$F,M$17,'Industrial Summary'!$D:$D,$E36)>0,(-SUMIFS('Industrial Summary'!$G:$G,'Industrial Summary'!$F:$F,M$17,'Industrial Summary'!$D:$D,$E36,'Industrial Summary'!$A:$A,"DST")/SUMIFS('Industrial Summary'!$G:$G,'Industrial Summary'!$F:$F,M$17,'Industrial Summary'!$D:$D,$E36)),0)*0.98 -> -0.073527428 | N36: =IF(SUMIFS('Industrial Summary'!$G:$G,'Industrial Summary'!$F:$F,N$17,'Industrial Summary'!$D:$D,$E36)>0,(-SUMIFS('Industrial Summary'!$G:$G,'Industrial Summary'!$F:$F,N$17,'Industrial Summary'!$D:$D,$E36,'Industrial Summary'!$A:$A,"DST")/SUMIFS('Industrial Summary'!$G:$G,'Industrial Summary'!$F:$F,N$17,'Industrial Summary'!$D:$D,$E36)),0)*0.98 -> -0.073527428 | O36: =IF(SUMIFS('Industrial Summary'!$G:$G,'Industrial Summary'!$F:$F,O$17,'Industrial Summary'!$D:$D,$E36)>0,(-SUMIFS('Industrial Summary'!$G:$G,'Industrial Summary'!$F:$F,O$17,'Industrial Summary'!$D:$D,$E36,'Industrial Summary'!$A:$A,"DST")/SUMIFS('Industrial Summary'!$G:$G,'Industrial Summary'!$F:$F,O$17,'Industrial Summary'!$D:$D,$E36)),0)*0.98 -> -0.17453329 | P36: =IF(SUMIFS('Industrial Summary'!$G:$G,'Industrial Summary'!$F:$F,P$17,'Industrial Summary'!$D:$D,$E36)>0,(-SUMIFS('Industrial Summary'!$G:$G,'Industrial Summary'!$F:$F,P$17,'Industrial Summary'!$D:$D,$E36,'Industrial Summary'!$A:$A,"DST")/SUMIFS('Industrial Summary'!$G:$G,'Industrial Summary'!$F:$F,P$17,'Industrial Summary'!$D:$D,$E36)),0)*0.98 -> -0.032392104 | Q36: 0 | R36: 15 | S36: =_xlfn.CONCAT("UC_",D36) -> UC_IFDFA_DST | V36: =C36 -> S_IFDFADST | W36: =D36 -> IFDFA_DST | X36: =E36 -> IFDFAC | Y36: =F36 -> LO | Z36: 1 | AA36: =H36*$AM36 -> -0.10293396 | AB36: =I36*$AM36 -> -0.10293396 | AC36: =J36*$AM36 -> 0 | AD36: =K36*$AM36 -> 0 | AE36: =L36*$AM36 -> 0 | AF36: =M36*$AM36 -> -0.073527428 | AG36: =N36*$AM36 -> -0.073527428 | AH36: =O36*$AM36 -> -0.17453329 | AI36: =P36*$AM36 -> -0.032392104 | AL36: =RIGHT(W36,3) -> DST | AM36: =1 -> 1
C37: S_IFDFANGA | D37: IFDFA_NGA | E37: IFDFAC | F37: LO | G37: 1 | H37: =IF(SUMIFS('Industrial Summary'!$G:$G,'Industrial Summary'!$F:$F,H$17,'Industrial Summary'!$D:$D,$E37)>0,(-SUMIFS('Industrial Summary'!$G:$G,'Industrial Summary'!$F:$F,H$17,'Industrial Summary'!$D:$D,$E37,'Industrial Summary'!$A:$A,"NGA")/SUMIFS('Industrial Summary'!$G:$G,'Industrial Summary'!$F:$F,H$17,'Industrial Summary'!$D:$D,$E37)),0)*0.98 -> -0.4740679 | I37: =IF(SUMIFS('Industrial Summary'!$G:$G,'Industrial Summary'!$F:$F,I$17,'Industrial Summary'!$D:$D,$E37)>0,(-SUMIFS('Industrial Summary'!$G:$G,'Industrial Summary'!$F:$F,I$17,'Industrial Summary'!$D:$D,$E37,'Industrial Summary'!$A:$A,"NGA")/SUMIFS('Industrial Summary'!$G:$G,'Industrial Summary'!$F:$F,I$17,'Industrial Summary'!$D:$D,$E37)),0)*0.98 -> -0.4740679 | J37: =IF(SUMIFS('Industrial Summary'!$G:$G,'Industrial Summary'!$F:$F,J$17,'Industrial Summary'!$D:$D,$E37)>0,(-SUMIFS('Industrial Summary'!$G:$G,'Industrial Summary'!$F:$F,J$17,'Industrial Summary'!$D:$D,$E37,'Industrial Summary'!$A:$A,"NGA")/SUMIFS('Industrial Summary'!$G:$G,'Industrial Summary'!$F:$F,J$17,'Industrial Summary'!$D:$D,$E37)),0)*0.98 -> -0.46128765 | K37: =IF(SUMIFS('Industrial Summary'!$G:$G,'Industrial Summary'!$F:$F,K$17,'Industrial Summary'!$D:$D,$E37)>0,(-SUMIFS('Industrial Summary'!$G:$G,'Industrial Summary'!$F:$F,K$17,'Industrial Summary'!$D:$D,$E37,'Industrial Summary'!$A:$A,"NGA")/SUMIFS('Industrial Summary'!$G:$G,'Industrial Summary'!$F:$F,K$17,'Industrial Summary'!$D:$D,$E37)),0)*0.98 -> -0.42827932 | L37: =IF(SUMIFS('Industrial Summary'!$G:$G,'Industrial Summary'!$F:$F,L$17,'Industrial Summary'!$D:$D,$E37)>0,(-SUMIFS('Industrial Summary'!$G:$G,'Industrial Summary'!$F:$F,L$17,'Industrial Summary'!$D:$D,$E37,'Industrial Summary'!$A:$A,"NGA")/SUMIFS('Industrial Summary'!$G:$G,'Industrial Summary'!$F:$F,L$17,'Industrial Summary'!$D:$D,$E37)),0)*0.98 -> -0.42895701 | M37: =IF(SUMIFS('Industrial Summary'!$G:$G,'Industrial Summary'!$F:$F,M$17,'Industrial Summary'!$D:$D,$E37)>0,(-SUMIFS('Industrial Summary'!$G:$G,'Industrial Summary'!$F:$F,M$17,'Industrial Summary'!$D:$D,$E37,'Industrial Summary'!$A:$A,"NGA")/SUMIFS('Industrial Summary'!$G:$G,'Industrial Summary'!$F:$F,M$17,'Industrial Summary'!$D:$D,$E37)),0)*0.98 -> -0.44445784 | N37: =IF(SUMIFS('Industrial Summary'!$G:$G,'Industrial Summary'!$F:$F,N$17,'Industrial Summary'!$D:$D,$E37)>0,(-SUMIFS('Industrial Summary'!$G:$G,'Industrial Summary'!$F:$F,N$17,'Industrial Summary'!$D:$D,$E37,'Industrial Summary'!$A:$A,"NGA")/SUMIFS('Industrial Summary'!$G:$G,'Industrial Summary'!$F:$F,N$17,'Industrial Summary'!$D:$D,$E37)),0)*0.98 -> -0.44445784 | O37: =IF(SUMIFS('Industrial Summary'!$G:$G,'Industrial Summary'!$F:$F,O$17,'Industrial Summary'!$D:$D,$E37)>0,(-SUMIFS('Industrial Summary'!$G:$G,'Industrial Summary'!$F:$F,O$17,'Industrial Summary'!$D:$D,$E37,'Industrial Summary'!$A:$A,"NGA")/SUMIFS('Industrial Summary'!$G:$G,'Industrial Summary'!$F:$F,O$17,'Industrial Summary'!$D:$D,$E37)),0)*0.98 -> -0.49325471 | P37: =IF(SUMIFS('Industrial Summary'!$G:$G,'Industrial Summary'!$F:$F,P$17,'Industrial Summary'!$D:$D,$E37)>0,(-SUMIFS('Industrial Summary'!$G:$G,'Industrial Summary'!$F:$F,P$17,'Industrial Summary'!$D:$D,$E37,'Industrial Summary'!$A:$A,"NGA")/SUMIFS('Industrial Summary'!$G:$G,'Industrial Summary'!$F:$F,P$17,'Industrial Summary'!$D:$D,$E37)),0)*0.98 -> -0.58029966 | Q37: 0 | R37: 15 | S37: =_xlfn.CONCAT("UC_",D37) -> UC_IFDFA_NGA | V37: =C37 -> S_IFDFANGA | W37: =D37 -> IFDFA_NGA | X37: =E37 -> IFDFAC | Y37: =F37 -> LO | Z37: 1 | AA37: =H37*$AM37 -> -0.34132889 | AB37: =I37*$AM37 -> -0.34132889 | AC37: =J37*$AM37 -> -0.33212711 | AD37: =K37*$AM37 -> -0.30836111 | AE37: =L37*$AM37 -> -0.30884905 | AF37: =M37*$AM37 -> -0.32000964 | AG37: =N37*$AM37 -> -0.32000964 | AH37: =O37*$AM37 -> -0.35514339 | AI37: =P37*$AM37 -> -0.41781575 | AL37: =RIGHT(W37,3) -> NGA | AM37: =Y5 -> 0.72
C38: S_IFDFALPG | D38: IFDFA_LPG | E38: IFDFAC | F38: LO | G38: 1 | H38: =IF(SUMIFS('Industrial Summary'!$G:$G,'Industrial Summary'!$F:$F,H$17,'Industrial Summary'!$D:$D,$E38)>0,(-SUMIFS('Industrial Summary'!$G:$G,'Industrial Summary'!$F:$F,H$17,'Industrial Summary'!$D:$D,$E38,'Industrial Summary'!$A:$A,"LPG")/SUMIFS('Industrial Summary'!$G:$G,'Industrial Summary'!$F:$F,H$17,'Industrial Summary'!$D:$D,$E38)),0)*0.98 -> -0.029651207 | I38: =IF(SUMIFS('Industrial Summary'!$G:$G,'Industrial Summary'!$F:$F,I$17,'Industrial Summary'!$D:$D,$E38)>0,(-SUMIFS('Industrial Summary'!$G:$G,'Industrial Summary'!$F:$F,I$17,'Industrial Summary'!$D:$D,$E38,'Industrial Summary'!$A:$A,"LPG")/SUMIFS('Industrial Summary'!$G:$G,'Industrial Summary'!$F:$F,I$17,'Industrial Summary'!$D:$D,$E38)),0)*0.98 -> -0.029651207 | J38: =IF(SUMIFS('Industrial Summary'!$G:$G,'Industrial Summary'!$F:$F,J$17,'Industrial Summary'!$D:$D,$E38)>0,(-SUMIFS('Industrial Summary'!$G:$G,'Industrial Summary'!$F:$F,J$17,'Industrial Summary'!$D:$D,$E38,'Industrial Summary'!$A:$A,"LPG")/SUMIFS('Industrial Summary'!$G:$G,'Industrial Summary'!$F:$F,J$17,'Industrial Summary'!$D:$D,$E38)),0)*0.98 -> 0 | K38: =IF(SUMIFS('Industrial Summary'!$G:$G,'Industrial Summary'!$F:$F,K$17,'Industrial Summary'!$D:$D,$E38)>0,(-SUMIFS('Industrial Summary'!$G:$G,'Industrial Summary'!$F:$F,K$17,'Industrial Summary'!$D:$D,$E38,'Industrial Summary'!$A:$A,"LPG")/SUMIFS('Industrial Summary'!$G:$G,'Industrial Summary'!$F:$F,K$17,'Industrial Summary'!$D:$D,$E38)),0)*0.98 -> 0 | L38: =IF(SUMIFS('Industrial Summary'!$G:$G,'Industrial Summary'!$F:$F,L$17,'Industrial Summary'!$D:$D,$E38)>0,(-SUMIFS('Industrial Summary'!$G:$G,'Industrial Summary'!$F:$F,L$17,'Industrial Summary'!$D:$D,$E38,'Industrial Summary'!$A:$A,"LPG")/SUMIFS('Industrial Summary'!$G:$G,'Industrial Summary'!$F:$F,L$17,'Industrial Summary'!$D:$D,$E38)),0)*0.98 -> 0 | M38: =IF(SUMIFS('Industrial Summary'!$G:$G,'Industrial Summary'!$F:$F,M$17,'Industrial Summary'!$D:$D,$E38)>0,(-SUMIFS('Industrial Summary'!$G:$G,'Industrial Summary'!$F:$F,M$17,'Industrial Summary'!$D:$D,$E38,'Industrial Summary'!$A:$A,"LPG")/SUMIFS('Industrial Summary'!$G:$G,'Industrial Summary'!$F:$F,M$17,'Industrial Summary'!$D:$D,$E38)),0)*0.98 -> -0.021180348 | N38: =IF(SUMIFS('Industrial Summary'!$G:$G,'Industrial Summary'!$F:$F,N$17,'Industrial Summary'!$D:$D,$E38)>0,(-SUMIFS('Industrial Summary'!$G:$G,'Industrial Summary'!$F:$F,N$17,'Industrial Summary'!$D:$D,$E38,'Industrial Summary'!$A:$A,"LPG")/SUMIFS('Industrial Summary'!$G:$G,'Industrial Summary'!$F:$F,N$17,'Industrial Summary'!$D:$D,$E38)),0)*0.98 -> -0.021180348 | O38: =IF(SUMIFS('Industrial Summary'!$G:$G,'Industrial Summary'!$F:$F,O$17,'Industrial Summary'!$D:$D,$E38)>0,(-SUMIFS('Industrial Summary'!$G:$G,'Industrial Summary'!$F:$F,O$17,'Industrial Summary'!$D:$D,$E38,'Industrial Summary'!$A:$A,"LPG")/SUMIFS('Industrial Summary'!$G:$G,'Industrial Summary'!$F:$F,O$17,'Industrial Summary'!$D:$D,$E38)),0)*0.98 -> -0.013711676 | P38: =IF(SUMIFS('Industrial Summary'!$G:$G,'Industrial Summary'!$F:$F,P$17,'Industrial Summary'!$D:$D,$E38)>0,(-SUMIFS('Industrial Summary'!$G:$G,'Industrial Summary'!$F:$F,P$17,'Industrial Summary'!$D:$D,$E38,'Industrial Summary'!$A:$A,"LPG")/SUMIFS('Industrial Summary'!$G:$G,'Industrial Summary'!$F:$F,P$17,'Industrial Summary'!$D:$D,$E38)),0)*0.98 -> -0.016131384 | Q38: 0 | R38: 15 | S38: =_xlfn.CONCAT("UC_",D38) -> UC_IFDFA_LPG | V38: =C38 -> S_IFDFALPG | W38: =D38 -> IFDFA_LPG | X38: =E38 -> IFDFAC | Y38: =F38 -> LO | Z38: 1 | AA38: =H38*$AM38 -> -0.021348869 | AB38: =I38*$AM38 -> -0.021348869 | AC38: =J38*$AM38 -> 0 | AD38: =K38*$AM38 -> 0 | AE38: =L38*$AM38 -> 0 | AF38: =M38*$AM38 -> -0.01524985 | AG38: =N38*$AM38 -> -0.01524985 | AH38: =O38*$AM38 -> -0.0098724069 | AI38: =P38*$AM38 -> -0.011614596 | AL38: =RIGHT(W38,3) -> LPG | AM38: =Y5 -> 0.72
C39: S_IFDFACOA | D39: IFDFA_COA | E39: IFDFAC | F39: UP | G39: 1 | H39: =IF(SUMIFS('Industrial Summary'!$G:$G,'Industrial Summary'!$F:$F,H$17,'Industrial Summary'!$D:$D,$E39)>0,(-SUMIFS('Industrial Summary'!$G:$G,'Industrial Summary'!$F:$F,H$17,'Industrial Summary'!$D:$D,$E39,'Industrial Summary'!$A:$A,"COA")/SUMIFS('Industrial Summary'!$G:$G,'Industrial Summary'!$F:$F,H$17,'Industrial Summary'!$D:$D,$E39)),0)*0.98 -> -0.00042093288 | I39: =IF(SUMIFS('Industrial Summary'!$G:$G,'Industrial Summary'!$F:$F,I$17,'Industrial Summary'!$D:$D,$E39)>0,(-SUMIFS('Industrial Summary'!$G:$G,'Industrial Summary'!$F:$F,I$17,'Industrial Summary'!$D:$D,$E39,'Industrial Summary'!$A:$A,"COA")/SUMIFS('Industrial Summary'!$G:$G,'Industrial Summary'!$F:$F,I$17,'Industrial Summary'!$D:$D,$E39)),0)*0.98 -> -0.00042093288 | J39: =IF(SUMIFS('Industrial Summary'!$G:$G,'Industrial Summary'!$F:$F,J$17,'Industrial Summary'!$D:$D,$E39)>0,(-SUMIFS('Industrial Summary'!$G:$G,'Industrial Summary'!$F:$F,J$17,'Industrial Summary'!$D:$D,$E39,'Industrial Summary'!$A:$A,"COA")/SUMIFS('Industrial Summary'!$G:$G,'Industrial Summary'!$F:$F,J$17,'Industrial Summary'!$D:$D,$E39)),0)*0.98 -> -0.017425192 | K39: =IF(SUMIFS('Industrial Summary'!$G:$G,'Industrial Summary'!$F:$F,K$17,'Industrial Summary'!$D:$D,$E39)>0,(-SUMIFS('Industrial Summary'!$G:$G,'Industrial Summary'!$F:$F,K$17,'Industrial Summary'!$D:$D,$E39,'Industrial Summary'!$A:$A,"COA")/SUMIFS('Industrial Summary'!$G:$G,'Industrial Summary'!$F:$F,K$17,'Industrial Summary'!$D:$D,$E39)),0)*0.98 -> -0.018534046 | L39: =IF(SUMIFS('Industrial Summary'!$G:$G,'Industrial Summary'!$F:$F,L$17,'Industrial Summary'!$D:$D,$E39)>0,(-SUMIFS('Industrial Summary'!$G:$G,'Industrial Summary'!$F:$F,L$17,'Industrial Summary'!$D:$D,$E39,'Industrial Summary'!$A:$A,"COA")/SUMIFS('Industrial Summary'!$G:$G,'Industrial Summary'!$F:$F,L$17,'Industrial Summary'!$D:$D,$E39)),0)*0.98 -> -0.0030067932 | M39: =IF(SUMIFS('Industrial Summary'!$G:$G,'Industrial Summary'!$F:$F,M$17,'Industrial Summary'!$D:$D,$E39)>0,(-SUMIFS('Industrial Summary'!$G:$G,'Industrial Summary'!$F:$F,M$17,'Industrial Summary'!$D:$D,$E39,'Industrial Summary'!$A:$A,"COA")/SUMIFS('Industrial Summary'!$G:$G,'Industrial Summary'!$F:$F,M$17,'Industrial Summary'!$D:$D,$E39)),0)*0.98 -> -0.0024054346 | N39: =IF(SUMIFS('Industrial Summary'!$G:$G,'Industrial Summary'!$F:$F,N$17,'Industrial Summary'!$D:$D,$E39)>0,(-SUMIFS('Industrial Summary'!$G:$G,'Industrial Summary'!$F:$F,N$17,'Industrial Summary'!$D:$D,$E39,'Industrial Summary'!$A:$A,"COA")/SUMIFS('Industrial Summary'!$G:$G,'Industrial Summary'!$F:$F,N$17,'Industrial Summary'!$D:$D,$E39)),0)*0.98 -> -0.0024054346 | O39: =IF(SUMIFS('Industrial Summary'!$G:$G,'Industrial Summary'!$F:$F,O$17,'Industrial Summary'!$D:$D,$E39)>0,(-SUMIFS('Industrial Summary'!$G:$G,'Industrial Summary'!$F:$F,O$17,'Industrial Summary'!$D:$D,$E39,'Industrial Summary'!$A:$A,"COA")/SUMIFS('Industrial Summary'!$G:$G,'Industrial Summary'!$F:$F,O$17,'Industrial Summary'!$D:$D,$E39)),0)*0.98 -> -0.0038930593 | P39: =IF(SUMIFS('Industrial Summary'!$G:$G,'Industrial Summary'!$F:$F,P$17,'Industrial Summary'!$D:$D,$E39)>0,(-SUMIFS('Industrial Summary'!$G:$G,'Industrial Summary'!$F:$F,P$17,'Industrial Summary'!$D:$D,$E39,'Industrial Summary'!$A:$A,"COA")/SUMIFS('Industrial Summary'!$G:$G,'Industrial Summary'!$F:$F,P$17,'Industrial Summary'!$D:$D,$E39)),0)*0.98 -> -0.0045800698 | Q39: 0 | R39: 15 | S39: =_xlfn.CONCAT("UC_",D39) -> UC_IFDFA_COA | V39: =C39 -> S_IFDFACOA | W39: =D39 -> IFDFA_COA | X39: =E39 -> IFDFAC | Y39: =F39 -> UP | Z39: 1 | AA39: =H39*$AM39 -> -0.00033674631 | AB39: =I39*$AM39 -> -0.00033674631 | AC39: =J39*$AM39 -> -0.013940153 | AD39: =K39*$AM39 -> -0.014827237 | AE39: =L39*$AM39 -> -0.0024054346 | AF39: =M39*$AM39 -> -0.0019243476 | AG39: =N39*$AM39 -> -0.0019243476 | AH39: =O39*$AM39 -> -0.0031144475 | AI39: =P39*$AM39 -> -0.0036640558 | AL39: =RIGHT(W39,3) -> COA | AM39: =Z5 -> 0.8
C40: S_IFDOHELC | D40: IFDOH_ELC | E40: IFDOHT | F40: LO | G40: 1 | H40: =(IF(SUMIFS('Industrial Summary'!$G:$G,'Industrial Summary'!$F:$F,H$17,'Industrial Summary'!$D:$D,$E40)>0,((-SUMIFS('Industrial Summary'!$G:$G,'Industrial Summary'!$F:$F,H$17,'Industrial Summary'!$D:$D,$E40,'Industrial Summary'!$A:$A,"ELC")+-SUMIFS('Industrial Summary'!$G:$G,'Industrial Summary'!$F:$F,H$17,'Industrial Summary'!$D:$D,"IFDRSTM",'Industrial Summary'!$A:$A,"ELC"))/SUMIFS('Industrial Summary'!$G:$G,'Industrial Summary'!$F:$F,H$17,'Industrial Summary'!$D:$D,$E40)),0))*0.98 -> -0.21972955 | I40: =(IF(SUMIFS('Industrial Summary'!$G:$G,'Industrial Summary'!$F:$F,I$17,'Industrial Summary'!$D:$D,$E40)>0,((-SUMIFS('Industrial Summary'!$G:$G,'Industrial Summary'!$F:$F,I$17,'Industrial Summary'!$D:$D,$E40,'Industrial Summary'!$A:$A,"ELC")+-SUMIFS('Industrial Summary'!$G:$G,'Industrial Summary'!$F:$F,I$17,'Industrial Summary'!$D:$D,"IFDRSTM",'Industrial Summary'!$A:$A,"ELC"))/SUMIFS('Industrial Summary'!$G:$G,'Industrial Summary'!$F:$F,I$17,'Industrial Summary'!$D:$D,$E40)),0))*0.98 -> -0.24314738 | J40: =(IF(SUMIFS('Industrial Summary'!$G:$G,'Industrial Summary'!$F:$F,J$17,'Industrial Summary'!$D:$D,$E40)>0,((-SUMIFS('Industrial Summary'!$G:$G,'Industrial Summary'!$F:$F,J$17,'Industrial Summary'!$D:$D,$E40,'Industrial Summary'!$A:$A,"ELC")+-SUMIFS('Industrial Summary'!$G:$G,'Industrial Summary'!$F:$F,J$17,'Industrial Summary'!$D:$D,"IFDRSTM",'Industrial Summary'!$A:$A,"ELC"))/SUMIFS('Industrial Summary'!$G:$G,'Industrial Summary'!$F:$F,J$17,'Industrial Summary'!$D:$D,$E40)),0))*0.98 -> -0.12334721 | K40: =(IF(SUMIFS('Industrial Summary'!$G:$G,'Industrial Summary'!$F:$F,K$17,'Industrial Summary'!$D:$D,$E40)>0,((-SUMIFS('Industrial Summary'!$G:$G,'Industrial Summary'!$F:$F,K$17,'Industrial Summary'!$D:$D,$E40,'Industrial Summary'!$A:$A,"ELC")+-SUMIFS('Industrial Summary'!$G:$G,'Industrial Summary'!$F:$F,K$17,'Industrial Summary'!$D:$D,"IFDRSTM",'Industrial Summary'!$A:$A,"ELC"))/SUMIFS('Industrial Summary'!$G:$G,'Industrial Summary'!$F:$F,K$17,'Industrial Summary'!$D:$D,$E40)),0))*0.98 -> -0.15005392 | L40: =(IF(SUMIFS('Industrial Summary'!$G:$G,'Industrial Summary'!$F:$F,L$17,'Industrial Summary'!$D:$D,$E40)>0,((-SUMIFS('Industrial Summary'!$G:$G,'Industrial Summary'!$F:$F,L$17,'Industrial Summary'!$D:$D,$E40,'Industrial Summary'!$A:$A,"ELC")+-SUMIFS('Industrial Summary'!$G:$G,'Industrial Summary'!$F:$F,L$17,'Industrial Summary'!$D:$D,"IFDRSTM",'Industrial Summary'!$A:$A,"ELC"))/SUMIFS('Industrial Summary'!$G:$G,'Industrial Summary'!$F:$F,L$17,'Industrial Summary'!$D:$D,$E40)),0))*0.98 -> -0.11689817 | M40: =(IF(SUMIFS('Industrial Summary'!$G:$G,'Industrial Summary'!$F:$F,M$17,'Industrial Summary'!$D:$D,$E40)>0,((-SUMIFS('Industrial Summary'!$G:$G,'Industrial Summary'!$F:$F,M$17,'Industrial Summary'!$D:$D,$E40,'Industrial Summary'!$A:$A,"ELC")+-SUMIFS('Industrial Summary'!$G:$G,'Industrial Summary'!$F:$F,M$17,'Industrial Summary'!$D:$D,"IFDRSTM",'Industrial Summary'!$A:$A,"ELC"))/SUMIFS('Industrial Summary'!$G:$G,'Industrial Summary'!$F:$F,M$17,'Industrial Summary'!$D:$D,$E40)),0))*0.98 -> -0.11551609 | N40: =(IF(SUMIFS('Industrial Summary'!$G:$G,'Industrial Summary'!$F:$F,N$17,'Industrial Summary'!$D:$D,$E40)>0,((-SUMIFS('Industrial Summary'!$G:$G,'Industrial Summary'!$F:$F,N$17,'Industrial Summary'!$D:$D,$E40,'Industrial Summary'!$A:$A,"ELC")+-SUMIFS('Industrial Summary'!$G:$G,'Industrial Summary'!$F:$F,N$17,'Industrial Summary'!$D:$D,"IFDRSTM",'Industrial Summary'!$A:$A,"ELC"))/SUMIFS('Industrial Summary'!$G:$G,'Industrial Summary'!$F:$F,N$17,'Industrial Summary'!$D:$D,$E40)),0))*0.98 -> -0.095625324 | O40: =(IF(SUMIFS('Industrial Summary'!$G:$G,'Industrial Summary'!$F:$F,O$17,'Industrial Summary'!$D:$D,$E40)>0,((-SUMIFS('Industrial Summary'!$G:$G,'Industrial Summary'!$F:$F,O$17,'Industrial Summary'!$D:$D,$E40,'Industrial Summary'!$A:$A,"ELC")+-SUMIFS('Industrial Summary'!$G:$G,'Industrial Summary'!$F:$F,O$17,'Industrial Summary'!$D:$D,"IFDRSTM",'Industrial Summary'!$A:$A,"ELC"))/SUMIFS('Industrial Summary'!$G:$G,'Industrial Summary'!$F:$F,O$17,'Industrial Summary'!$D:$D,$E40)),0))*0.98 -> -0.097419436 | P40: =(IF(SUMIFS('Industrial Summary'!$G:$G,'Industrial Summary'!$F:$F,P$17,'Industrial Summary'!$D:$D,$E40)>0,((-SUMIFS('Industrial Summary'!$G:$G,'Industrial Summary'!$F:$F,P$17,'Industrial Summary'!$D:$D,$E40,'Industrial Summary'!$A:$A,"ELC")+-SUMIFS('Industrial Summary'!$G:$G,'Industrial Summary'!$F:$F,P$17,'Industrial Summary'!$D:$D,"IFDRSTM",'Industrial Summary'!$A:$A,"ELC"))/SUMIFS('Industrial Summary'!$G:$G,'Industrial Summary'!$F:$F,P$17,'Industrial Summary'!$D:$D,$E40)),0))*0.98 -> -0.15084974 | Q40: 0 | R40: 15 | S40: =_xlfn.CONCAT("UC_",D40) -> UC_IFDOH_ELC | V40: =C40 -> S_IFDOHELC | W40: =D40 -> IFDOH_ELC | X40: =E40 -> IFDOHT | Y40: =F40 -> LO | Z40: 1 | AA40: =H40*$AM40 -> -0.21972955 | AB40: =I40*$AM40 -> -0.24314738 | AC40: =J40*$AM40 -> -0.12334721 | AD40: =K40*$AM40 -> -0.15005392 | AE40: =L40*$AM40 -> -0.11689817 | AF40: =M40*$AM40 -> -0.11551609 | AG40: =N40*$AM40 -> -0.095625324 | AH40: =O40*$AM40 -> -0.097419436 | AI40: =P40*$AM40 -> -0.15084974 | AL40: =RIGHT(W40,3) -> ELC | AM40: =1 -> 1
C41: S_IFDOHRFL | D41: IFDOH_RFL | E41: IFDOHT | F41: LO | G41: 1 | H41: =(IF(SUMIFS('Industrial Summary'!$G:$G,'Industrial Summary'!$F:$F,H$17,'Industrial Summary'!$D:$D,$E41)>0,((-SUMIFS('Industrial Summary'!$G:$G,'Industrial Summary'!$F:$F,H$17,'Industrial Summary'!$D:$D,$E41,'Industrial Summary'!$A:$A,"RFL")+-SUMIFS('Industrial Summary'!$G:$G,'Industrial Summary'!$F:$F,H$17,'Industrial Summary'!$D:$D,"IFDRSTM",'Industrial Summary'!$A:$A,"RFL"))/SUMIFS('Industrial Summary'!$G:$G,'Industrial Summary'!$F:$F,H$17,'Industrial Summary'!$D:$D,$E41)),0))*0.98 -> -0.045255079 | I41: =(IF(SUMIFS('Industrial Summary'!$G:$G,'Industrial Summary'!$F:$F,I$17,'Industrial Summary'!$D:$D,$E41)>0,((-SUMIFS('Industrial Summary'!$G:$G,'Industrial Summary'!$F:$F,I$17,'Industrial Summary'!$D:$D,$E41,'Industrial Summary'!$A:$A,"RFL")+-SUMIFS('Industrial Summary'!$G:$G,'Industrial Summary'!$F:$F,I$17,'Industrial Summary'!$D:$D,"IFDRSTM",'Industrial Summary'!$A:$A,"RFL"))/SUMIFS('Industrial Summary'!$G:$G,'Industrial Summary'!$F:$F,I$17,'Industrial Summary'!$D:$D,$E41)),0))*0.98 -> -0.05007817 | J41: =(IF(SUMIFS('Industrial Summary'!$G:$G,'Industrial Summary'!$F:$F,J$17,'Industrial Summary'!$D:$D,$E41)>0,((-SUMIFS('Industrial Summary'!$G:$G,'Industrial Summary'!$F:$F,J$17,'Industrial Summary'!$D:$D,$E41,'Industrial Summary'!$A:$A,"RFL")+-SUMIFS('Industrial Summary'!$G:$G,'Industrial Summary'!$F:$F,J$17,'Industrial Summary'!$D:$D,"IFDRSTM",'Industrial Summary'!$A:$A,"RFL"))/SUMIFS('Industrial Summary'!$G:$G,'Industrial Summary'!$F:$F,J$17,'Industrial Summary'!$D:$D,$E41)),0))*0.98 -> 0 | K41: =(IF(SUMIFS('Industrial Summary'!$G:$G,'Industrial Summary'!$F:$F,K$17,'Industrial Summary'!$D:$D,$E41)>0,((-SUMIFS('Industrial Summary'!$G:$G,'Industrial Summary'!$F:$F,K$17,'Industrial Summary'!$D:$D,$E41,'Industrial Summary'!$A:$A,"RFL")+-SUMIFS('Industrial Summary'!$G:$G,'Industrial Summary'!$F:$F,K$17,'Industrial Summary'!$D:$D,"IFDRSTM",'Industrial Summary'!$A:$A,"RFL"))/SUMIFS('Industrial Summary'!$G:$G,'Industrial Summary'!$F:$F,K$17,'Industrial Summary'!$D:$D,$E41)),0))*0.98 -> 0 | L41: =(IF(SUMIFS('Industrial Summary'!$G:$G,'Industrial Summary'!$F:$F,L$17,'Industrial Summary'!$D:$D,$E41)>0,((-SUMIFS('Industrial Summary'!$G:$G,'Industrial Summary'!$F:$F,L$17,'Industrial Summary'!$D:$D,$E41,'Industrial Summary'!$A:$A,"RFL")+-SUMIFS('Industrial Summary'!$G:$G,'Industrial Summary'!$F:$F,L$17,'Industrial Summary'!$D:$D,"IFDRSTM",'Industrial Summary'!$A:$A,"RFL"))/SUMIFS('Industrial Summary'!$G:$G,'Industrial Summary'!$F:$F,L$17,'Industrial Summary'!$D:$D,$E41)),0))*0.98 -> -0.014628531 | M41: =(IF(SUMIFS('Industrial Summary'!$G:$G,'Industrial Summary'!$F:$F,M$17,'Industrial Summary'!$D:$D,$E41)>0,((-SUMIFS('Industrial Summary'!$G:$G,'Industrial Summary'!$F:$F,M$17,'Industrial Summary'!$D:$D,$E41,'Industrial Summary'!$A:$A,"RFL")+-SUMIFS('Industrial Summary'!$G:$G,'Industrial Summary'!$F:$F,M$17,'Industrial Summary'!$D:$D,"IFDRSTM",'Industrial Summary'!$A:$A,"RFL"))/SUMIFS('Industrial Summary'!$G:$G,'Industrial Summary'!$F:$F,M$17,'Industrial Summary'!$D:$D,$E41)),0))*0.98 -> -0.014455579 | N41: =(IF(SUMIFS('Industrial Summary'!$G:$G,'Industrial Summary'!$F:$F,N$17,'Industrial Summary'!$D:$D,$E41)>0,((-SUMIFS('Industrial Summary'!$G:$G,'Industrial Summary'!$F:$F,N$17,'Industrial Summary'!$D:$D,$E41,'Industrial Summary'!$A:$A,"RFL")+-SUMIFS('Industrial Summary'!$G:$G,'Industrial Summary'!$F:$F,N$17,'Industrial Summary'!$D:$D,"IFDRSTM",'Industrial Summary'!$A:$A,"RFL"))/SUMIFS('Industrial Summary'!$G:$G,'Industrial Summary'!$F:$F,N$17,'Industrial Summary'!$D:$D,$E41)),0))*0.98 -> -0.011966466 | O41: =(IF(SUMIFS('Industrial Summary'!$G:$G,'Industrial Summary'!$F:$F,O$17,'Industrial Summary'!$D:$D,$E41)>0,((-SUMIFS('Industrial Summary'!$G:$G,'Industrial Summary'!$F:$F,O$17,'Industrial Summary'!$D:$D,$E41,'Industrial Summary'!$A:$A,"RFL")+-SUMIFS('Industrial Summary'!$G:$G,'Industrial Summary'!$F:$F,O$17,'Industrial Summary'!$D:$D,"IFDRSTM",'Industrial Summary'!$A:$A,"RFL"))/SUMIFS('Industrial Summary'!$G:$G,'Industrial Summary'!$F:$F,O$17,'Industrial Summary'!$D:$D,$E41)),0))*0.98 -> 0 | P41: =(IF(SUMIFS('Industrial Summary'!$G:$G,'Industrial Summary'!$F:$F,P$17,'Industrial Summary'!$D:$D,$E41)>0,((-SUMIFS('Industrial Summary'!$G:$G,'Industrial Summary'!$F:$F,P$17,'Industrial Summary'!$D:$D,$E41,'Industrial Summary'!$A:$A,"RFL")+-SUMIFS('Industrial Summary'!$G:$G,'Industrial Summary'!$F:$F,P$17,'Industrial Summary'!$D:$D,"IFDRSTM",'Industrial Summary'!$A:$A,"RFL"))/SUMIFS('Industrial Summary'!$G:$G,'Industrial Summary'!$F:$F,P$17,'Industrial Summary'!$D:$D,$E41)),0))*0.98 -> 0 | Q41: 0 | R41: 15 | S41: =_xlfn.CONCAT("UC_",D41) -> UC_IFDOH_RFL | V41: =C41 -> S_IFDOHRFL | W41: =D41 -> IFDOH_RFL | X41: =E41 -> IFDOHT | Y41: =F41 -> LO | Z41: 1 | AA41: =H41*$AM41 -> -0.045255079 | AB41: =I41*$AM41 -> -0.05007817 | AC41: =J41*$AM41 -> 0 | AD41: =K41*$AM41 -> 0 | AE41: =L41*$AM41 -> -0.014628531 | AF41: =M41*$AM41 -> -0.014455579 | AG41: =N41*$AM41 -> -0.011966466 | AH41: =O41*$AM41 -> 0 | AI41: =P41*$AM41 -> 0 | AL41: =RIGHT(W41,3) -> RFL | AM41: =1 -> 1
C42: S_IFDOHDST | D42: IFDOH_DST | E42: IFDOHT | F42: LO | G42: 1 | H42: =(IF(SUMIFS('Industrial Summary'!$G:$G,'Industrial Summary'!$F:$F,H$17,'Industrial Summary'!$D:$D,$E42)>0,((-SUMIFS('Industrial Summary'!$G:$G,'Industrial Summary'!$F:$F,H$17,'Industrial Summary'!$D:$D,$E42,'Industrial Summary'!$A:$A,"DST")+-SUMIFS('Industrial Summary'!$G:$G,'Industrial Summary'!$F:$F,H$17,'Industrial Summary'!$D:$D,"IFDRSTM",'Industrial Summary'!$A:$A,"DST"))/SUMIFS('Industrial Summary'!$G:$G,'Industrial Summary'!$F:$F,H$17,'Industrial Summary'!$D:$D,$E42)),0))*0.98 -> -0.1164463 | I42: =(IF(SUMIFS('Industrial Summary'!$G:$G,'Industrial Summary'!$F:$F,I$17,'Industrial Summary'!$D:$D,$E42)>0,((-SUMIFS('Industrial Summary'!$G:$G,'Industrial Summary'!$F:$F,I$17,'Industrial Summary'!$D:$D,$E42,'Industrial Summary'!$A:$A,"DST")+-SUMIFS('Industrial Summary'!$G:$G,'Industrial Summary'!$F:$F,I$17,'Industrial Summary'!$D:$D,"IFDRSTM",'Industrial Summary'!$A:$A,"DST"))/SUMIFS('Industrial Summary'!$G:$G,'Industrial Summary'!$F:$F,I$17,'Industrial Summary'!$D:$D,$E42)),0))*0.98 -> -0.12885664 | J42: =(IF(SUMIFS('Industrial Summary'!$G:$G,'Industrial Summary'!$F:$F,J$17,'Industrial Summary'!$D:$D,$E42)>0,((-SUMIFS('Industrial Summary'!$G:$G,'Industrial Summary'!$F:$F,J$17,'Industrial Summary'!$D:$D,$E42,'Industrial Summary'!$A:$A,"DST")+-SUMIFS('Industrial Summary'!$G:$G,'Industrial Summary'!$F:$F,J$17,'Industrial Summary'!$D:$D,"IFDRSTM",'Industrial Summary'!$A:$A,"DST"))/SUMIFS('Industrial Summary'!$G:$G,'Industrial Summary'!$F:$F,J$17,'Industrial Summary'!$D:$D,$E42)),0))*0.98 -> 0 | K42: =(IF(SUMIFS('Industrial Summary'!$G:$G,'Industrial Summary'!$F:$F,K$17,'Industrial Summary'!$D:$D,$E42)>0,((-SUMIFS('Industrial Summary'!$G:$G,'Industrial Summary'!$F:$F,K$17,'Industrial Summary'!$D:$D,$E42,'Industrial Summary'!$A:$A,"DST")+-SUMIFS('Industrial Summary'!$G:$G,'Industrial Summary'!$F:$F,K$17,'Industrial Summary'!$D:$D,"IFDRSTM",'Industrial Summary'!$A:$A,"DST"))/SUMIFS('Industrial Summary'!$G:$G,'Industrial Summary'!$F:$F,K$17,'Industrial Summary'!$D:$D,$E42)),0))*0.98 -> 0 | L42: =(IF(SUMIFS('Industrial Summary'!$G:$G,'Industrial Summary'!$F:$F,L$17,'Industrial Summary'!$D:$D,$E42)>0,((-SUMIFS('Industrial Summary'!$G:$G,'Industrial Summary'!$F:$F,L$17,'Industrial Summary'!$D:$D,$E42,'Industrial Summary'!$A:$A,"DST")+-SUMIFS('Industrial Summary'!$G:$G,'Industrial Summary'!$F:$F,L$17,'Industrial Summary'!$D:$D,"IFDRSTM",'Industrial Summary'!$A:$A,"DST"))/SUMIFS('Industrial Summary'!$G:$G,'Industrial Summary'!$F:$F,L$17,'Industrial Summary'!$D:$D,$E42)),0))*0.98 -> -0.03764082 | M42: =(IF(SUMIFS('Industrial Summary'!$G:$G,'Industrial Summary'!$F:$F,M$17,'Industrial Summary'!$D:$D,$E42)>0,((-SUMIFS('Industrial Summary'!$G:$G,'Industrial Summary'!$F:$F,M$17,'Industrial Summary'!$D:$D,$E42,'Industrial Summary'!$A:$A,"DST")+-SUMIFS('Industrial Summary'!$G:$G,'Industrial Summary'!$F:$F,M$17,'Industrial Summary'!$D:$D,"IFDRSTM",'Industrial Summary'!$A:$A,"DST"))/SUMIFS('Industrial Summary'!$G:$G,'Industrial Summary'!$F:$F,M$17,'Industrial Summary'!$D:$D,$E42)),0))*0.98 -> -0.037195795 | N42: =(IF(SUMIFS('Industrial Summary'!$G:$G,'Industrial Summary'!$F:$F,N$17,'Industrial Summary'!$D:$D,$E42)>0,((-SUMIFS('Industrial Summary'!$G:$G,'Industrial Summary'!$F:$F,N$17,'Industrial Summary'!$D:$D,$E42,'Industrial Summary'!$A:$A,"DST")+-SUMIFS('Industrial Summary'!$G:$G,'Industrial Summary'!$F:$F,N$17,'Industrial Summary'!$D:$D,"IFDRSTM",'Industrial Summary'!$A:$A,"DST"))/SUMIFS('Industrial Summary'!$G:$G,'Industrial Summary'!$F:$F,N$17,'Industrial Summary'!$D:$D,$E42)),0))*0.98 -> -0.030791035 | O42: =(IF(SUMIFS('Industrial Summary'!$G:$G,'Industrial Summary'!$F:$F,O$17,'Industrial Summary'!$D:$D,$E42)>0,((-SUMIFS('Industrial Summary'!$G:$G,'Industrial Summary'!$F:$F,O$17,'Industrial Summary'!$D:$D,$E42,'Industrial Summary'!$A:$A,"DST")+-SUMIFS('Industrial Summary'!$G:$G,'Industrial Summary'!$F:$F,O$17,'Industrial Summary'!$D:$D,"IFDRSTM",'Industrial Summary'!$A:$A,"DST"))/SUMIFS('Industrial Summary'!$G:$G,'Industrial Summary'!$F:$F,O$17,'Industrial Summary'!$D:$D,$E42)),0))*0.98 -> -0.11081069 | P42: =(IF(SUMIFS('Industrial Summary'!$G:$G,'Industrial Summary'!$F:$F,P$17,'Industrial Summary'!$D:$D,$E42)>0,((-SUMIFS('Industrial Summary'!$G:$G,'Industrial Summary'!$F:$F,P$17,'Industrial Summary'!$D:$D,$E42,'Industrial Summary'!$A:$A,"DST")+-SUMIFS('Industrial Summary'!$G:$G,'Industrial Summary'!$F:$F,P$17,'Industrial Summary'!$D:$D,"IFDRSTM",'Industrial Summary'!$A:$A,"DST"))/SUMIFS('Industrial Summary'!$G:$G,'Industrial Summary'!$F:$F,P$17,'Industrial Summary'!$D:$D,$E42)),0))*0.98 -> 0 | Q42: 0 | R42: 15 | S42: =_xlfn.CONCAT("UC_",D42) -> UC_IFDOH_DST | V42: =C42 -> S_IFDOHDST | W42: =D42 -> IFDOH_DST | X42: =E42 -> IFDOHT | Y42: =F42 -> LO | Z42: 1 | AA42: =H42*$AM42 -> -0.1164463 | AB42: =I42*$AM42 -> -0.12885664 | AC42: =J42*$AM42 -> 0 | AD42: =K42*$AM42 -> 0 | AE42: =L42*$AM42 -> -0.03764082 | AF42: =M42*$AM42 -> -0.037195795 | AG42: =N42*$AM42 -> -0.030791035 | AH42: =O42*$AM42 -> -0.11081069 | AI42: =P42*$AM42 -> 0 | AL42: =RIGHT(W42,3) -> DST | AM42: =1 -> 1
C43: S_IFDOHNGA | D43: IFDOH_NGA | E43: IFDOHT | F43: LO | G43: 1 | H43: =(IF(SUMIFS('Industrial Summary'!$G:$G,'Industrial Summary'!$F:$F,H$17,'Industrial Summary'!$D:$D,$E43)>0,((-SUMIFS('Industrial Summary'!$G:$G,'Industrial Summary'!$F:$F,H$17,'Industrial Summary'!$D:$D,$E43,'Industrial Summary'!$A:$A,"NGA")+-SUMIFS('Industrial Summary'!$G:$G,'Industrial Summary'!$F:$F,H$17,'Industrial Summary'!$D:$D,"IFDRSTM",'Industrial Summary'!$A:$A,"NGA"))/SUMIFS('Industrial Summary'!$G:$G,'Industrial Summary'!$F:$F,H$17,'Industrial Summary'!$D:$D,$E43)),0))*0.98 -> -0.37540981 | I43: =(IF(SUMIFS('Industrial Summary'!$G:$G,'Industrial Summary'!$F:$F,I$17,'Industrial Summary'!$D:$D,$E43)>0,((-SUMIFS('Industrial Summary'!$G:$G,'Industrial Summary'!$F:$F,I$17,'Industrial Summary'!$D:$D,$E43,'Industrial Summary'!$A:$A,"NGA")+-SUMIFS('Industrial Summary'!$G:$G,'Industrial Summary'!$F:$F,I$17,'Industrial Summary'!$D:$D,"IFDRSTM",'Industrial Summary'!$A:$A,"NGA"))/SUMIFS('Industrial Summary'!$G:$G,'Industrial Summary'!$F:$F,I$17,'Industrial Summary'!$D:$D,$E43)),0))*0.98 -> -0.41541937 | J43: =(IF(SUMIFS('Industrial Summary'!$G:$G,'Industrial Summary'!$F:$F,J$17,'Industrial Summary'!$D:$D,$E43)>0,((-SUMIFS('Industrial Summary'!$G:$G,'Industrial Summary'!$F:$F,J$17,'Industrial Summary'!$D:$D,$E43,'Industrial Summary'!$A:$A,"NGA")+-SUMIFS('Industrial Summary'!$G:$G,'Industrial Summary'!$F:$F,J$17,'Industrial Summary'!$D:$D,"IFDRSTM",'Industrial Summary'!$A:$A,"NGA"))/SUMIFS('Industrial Summary'!$G:$G,'Industrial Summary'!$F:$F,J$17,'Industrial Summary'!$D:$D,$E43)),0))*0.98 -> -0.20061572 | K43: =(IF(SUMIFS('Industrial Summary'!$G:$G,'Industrial Summary'!$F:$F,K$17,'Industrial Summary'!$D:$D,$E43)>0,((-SUMIFS('Industrial Summary'!$G:$G,'Industrial Summary'!$F:$F,K$17,'Industrial Summary'!$D:$D,$E43,'Industrial Summary'!$A:$A,"NGA")+-SUMIFS('Industrial Summary'!$G:$G,'Industrial Summary'!$F:$F,K$17,'Industrial Summary'!$D:$D,"IFDRSTM",'Industrial Summary'!$A:$A,"NGA"))/SUMIFS('Industrial Summary'!$G:$G,'Industrial Summary'!$F:$F,K$17,'Industrial Summary'!$D:$D,$E43)),0))*0.98 -> -0.24405234 | L43: =(IF(SUMIFS('Industrial Summary'!$G:$G,'Industrial Summary'!$F:$F,L$17,'Industrial Summary'!$D:$D,$E43)>0,((-SUMIFS('Industrial Summary'!$G:$G,'Industrial Summary'!$F:$F,L$17,'Industrial Summary'!$D:$D,$E43,'Industrial Summary'!$A:$A,"NGA")+-SUMIFS('Industrial Summary'!$G:$G,'Industrial Summary'!$F:$F,L$17,'Industrial Summary'!$D:$D,"IFDRSTM",'Industrial Summary'!$A:$A,"NGA"))/SUMIFS('Industrial Summary'!$G:$G,'Industrial Summary'!$F:$F,L$17,'Industrial Summary'!$D:$D,$E43)),0))*0.98 -> -0.15927159 | M43: =(IF(SUMIFS('Industrial Summary'!$G:$G,'Industrial Summary'!$F:$F,M$17,'Industrial Summary'!$D:$D,$E43)>0,((-SUMIFS('Industrial Summary'!$G:$G,'Industrial Summary'!$F:$F,M$17,'Industrial Summary'!$D:$D,$E43,'Industrial Summary'!$A:$A,"NGA")+-SUMIFS('Industrial Summary'!$G:$G,'Industrial Summary'!$F:$F,M$17,'Industrial Summary'!$D:$D,"IFDRSTM",'Industrial Summary'!$A:$A,"NGA"))/SUMIFS('Industrial Summary'!$G:$G,'Industrial Summary'!$F:$F,M$17,'Industrial Summary'!$D:$D,$E43)),0))*0.98 -> -0.15738853 | N43: =(IF(SUMIFS('Industrial Summary'!$G:$G,'Industrial Summary'!$F:$F,N$17,'Industrial Summary'!$D:$D,$E43)>0,((-SUMIFS('Industrial Summary'!$G:$G,'Industrial Summary'!$F:$F,N$17,'Industrial Summary'!$D:$D,$E43,'Industrial Summary'!$A:$A,"NGA")+-SUMIFS('Industrial Summary'!$G:$G,'Industrial Summary'!$F:$F,N$17,'Industrial Summary'!$D:$D,"IFDRSTM",'Industrial Summary'!$A:$A,"NGA"))/SUMIFS('Industrial Summary'!$G:$G,'Industrial Summary'!$F:$F,N$17,'Industrial Summary'!$D:$D,$E43)),0))*0.98 -> -0.13028773 | O43: =(IF(SUMIFS('Industrial Summary'!$G:$G,'Industrial Summary'!$F:$F,O$17,'Industrial Summary'!$D:$D,$E43)>0,((-SUMIFS('Industrial Summary'!$G:$G,'Industrial Summary'!$F:$F,O$17,'Industrial Summary'!$D:$D,$E43,'Industrial Summary'!$A:$A,"NGA")+-SUMIFS('Industrial Summary'!$G:$G,'Industrial Summary'!$F:$F,O$17,'Industrial Summary'!$D:$D,"IFDRSTM",'Industrial Summary'!$A:$A,"NGA"))/SUMIFS('Industrial Summary'!$G:$G,'Industrial Summary'!$F:$F,O$17,'Industrial Summary'!$D:$D,$E43)),0))*0.98 -> -0.21921621 | P43: =(IF(SUMIFS('Industrial Summary'!$G:$G,'Industrial Summary'!$F:$F,P$17,'Industrial Summary'!$D:$D,$E43)>0,((-SUMIFS('Industrial Summary'!$G:$G,'Industrial Summary'!$F:$F,P$17,'Industrial Summary'!$D:$D,$E43,'Industrial Summary'!$A:$A,"NGA")+-SUMIFS('Industrial Summary'!$G:$G,'Industrial Summary'!$F:$F,P$17,'Industrial Summary'!$D:$D,"IFDRSTM",'Industrial Summary'!$A:$A,"NGA"))/SUMIFS('Industrial Summary'!$G:$G,'Industrial Summary'!$F:$F,P$17,'Industrial Summary'!$D:$D,$E43)),0))*0.98 -> -0.33809107 | Q43: 0 | R43: 15 | S43: =_xlfn.CONCAT("UC_",D43) -> UC_IFDOH_NGA | V43: =C43 -> S_IFDOHNGA | W43: =D43 -> IFDOH_NGA | X43: =E43 -> IFDOHT | Y43: =F43 -> LO | Z43: 1 | AA43: =H43*$AM43 -> -0.27029506 | AB43: =I43*$AM43 -> -0.29910194 | AC43: =J43*$AM43 -> -0.14444332 | AD43: =K43*$AM43 -> -0.17571769 | AE43: =L43*$AM43 -> -0.11467554 | AF43: =M43*$AM43 -> -0.11331974 | AG43: =N43*$AM43 -> -0.093807168 | AH43: =O43*$AM43 -> -0.15783567 | AI43: =P43*$AM43 -> -0.24342557 | AL43: =RIGHT(W43,3) -> NGA | AM43: =Y5 -> 0.72
C44: S_IFDOHCOA | D44: IFDOH_COA | E44: IFDOHT | F44: UP | G44: 1 | H44: =(IF(SUMIFS('Industrial Summary'!$G:$G,'Industrial Summary'!$F:$F,H$17,'Industrial Summary'!$D:$D,$E44)>0,((-SUMIFS('Industrial Summary'!$G:$G,'Industrial Summary'!$F:$F,H$17,'Industrial Summary'!$D:$D,$E44,'Industrial Summary'!$A:$A,"COA")+-SUMIFS('Industrial Summary'!$G:$G,'Industrial Summary'!$F:$F,H$17,'Industrial Summary'!$D:$D,"IFDRSTM",'Industrial Summary'!$A:$A,"COA"))/SUMIFS('Industrial Summary'!$G:$G,'Industrial Summary'!$F:$F,H$17,'Industrial Summary'!$D:$D,$E44)),0))*0.98 -> -0.0023809478 | I44: =(IF(SUMIFS('Industrial Summary'!$G:$G,'Industrial Summary'!$F:$F,I$17,'Industrial Summary'!$D:$D,$E44)>0,((-SUMIFS('Industrial Summary'!$G:$G,'Industrial Summary'!$F:$F,I$17,'Industrial Summary'!$D:$D,$E44,'Industrial Summary'!$A:$A,"COA")+-SUMIFS('Industrial Summary'!$G:$G,'Industrial Summary'!$F:$F,I$17,'Industrial Summary'!$D:$D,"IFDRSTM",'Industrial Summary'!$A:$A,"COA"))/SUMIFS('Industrial Summary'!$G:$G,'Industrial Summary'!$F:$F,I$17,'Industrial Summary'!$D:$D,$E44)),0))*0.98 -> -0.002634699 | J44: =(IF(SUMIFS('Industrial Summary'!$G:$G,'Industrial Summary'!$F:$F,J$17,'Industrial Summary'!$D:$D,$E44)>0,((-SUMIFS('Industrial Summary'!$G:$G,'Industrial Summary'!$F:$F,J$17,'Industrial Summary'!$D:$D,$E44,'Industrial Summary'!$A:$A,"COA")+-SUMIFS('Industrial Summary'!$G:$G,'Industrial Summary'!$F:$F,J$17,'Industrial Summary'!$D:$D,"IFDRSTM",'Industrial Summary'!$A:$A,"COA"))/SUMIFS('Industrial Summary'!$G:$G,'Industrial Summary'!$F:$F,J$17,'Industrial Summary'!$D:$D,$E44)),0))*0.98 -> -0.041161533 | K44: =(IF(SUMIFS('Industrial Summary'!$G:$G,'Industrial Summary'!$F:$F,K$17,'Industrial Summary'!$D:$D,$E44)>0,((-SUMIFS('Industrial Summary'!$G:$G,'Industrial Summary'!$F:$F,K$17,'Industrial Summary'!$D:$D,$E44,'Industrial Summary'!$A:$A,"COA")+-SUMIFS('Industrial Summary'!$G:$G,'Industrial Summary'!$F:$F,K$17,'Industrial Summary'!$D:$D,"IFDRSTM",'Industrial Summary'!$A:$A,"COA"))/SUMIFS('Industrial Summary'!$G:$G,'Industrial Summary'!$F:$F,K$17,'Industrial Summary'!$D:$D,$E44)),0))*0.98 -> -0.050073686 | L44: =(IF(SUMIFS('Industrial Summary'!$G:$G,'Industrial Summary'!$F:$F,L$17,'Industrial Summary'!$D:$D,$E44)>0,((-SUMIFS('Industrial Summary'!$G:$G,'Industrial Summary'!$F:$F,L$17,'Industrial Summary'!$D:$D,$E44,'Industrial Summary'!$A:$A,"COA")+-SUMIFS('Industrial Summary'!$G:$G,'Industrial Summary'!$F:$F,L$17,'Industrial Summary'!$D:$D,"IFDRSTM",'Industrial Summary'!$A:$A,"COA"))/SUMIFS('Industrial Summary'!$G:$G,'Industrial Summary'!$F:$F,L$17,'Industrial Summary'!$D:$D,$E44)),0))*0.98 -> -0.0061570581 | M44: =(IF(SUMIFS('Industrial Summary'!$G:$G,'Industrial Summary'!$F:$F,M$17,'Industrial Summary'!$D:$D,$E44)>0,((-SUMIFS('Industrial Summary'!$G:$G,'Industrial Summary'!$F:$F,M$17,'Industrial Summary'!$D:$D,$E44,'Industrial Summary'!$A:$A,"COA")+-SUMIFS('Industrial Summary'!$G:$G,'Industrial Summary'!$F:$F,M$17,'Industrial Summary'!$D:$D,"IFDRSTM",'Industrial Summary'!$A:$A,"COA"))/SUMIFS('Industrial Summary'!$G:$G,'Industrial Summary'!$F:$F,M$17,'Industrial Summary'!$D:$D,$E44)),0))*0.98 -> -0.0060842637 | N44: =(IF(SUMIFS('Industrial Summary'!$G:$G,'Industrial Summary'!$F:$F,N$17,'Industrial Summary'!$D:$D,$E44)>0,((-SUMIFS('Industrial Summary'!$G:$G,'Industrial Summary'!$F:$F,N$17,'Industrial Summary'!$D:$D,$E44,'Industrial Summary'!$A:$A,"COA")+-SUMIFS('Industrial Summary'!$G:$G,'Industrial Summary'!$F:$F,N$17,'Industrial Summary'!$D:$D,"IFDRSTM",'Industrial Summary'!$A:$A,"COA"))/SUMIFS('Industrial Summary'!$G:$G,'Industrial Summary'!$F:$F,N$17,'Industrial Summary'!$D:$D,$E44)),0))*0.98 -> -0.0050366117 | O44: =(IF(SUMIFS('Industrial Summary'!$G:$G,'Industrial Summary'!$F:$F,O$17,'Industrial Summary'!$D:$D,$E44)>0,((-SUMIFS('Industrial Summary'!$G:$G,'Industrial Summary'!$F:$F,O$17,'Industrial Summary'!$D:$D,$E44,'Industrial Summary'!$A:$A,"COA")+-SUMIFS('Industrial Summary'!$G:$G,'Industrial Summary'!$F:$F,O$17,'Industrial Summary'!$D:$D,"IFDRSTM",'Industrial Summary'!$A:$A,"COA"))/SUMIFS('Industrial Summary'!$G:$G,'Industrial Summary'!$F:$F,O$17,'Industrial Summary'!$D:$D,$E44)),0))*0.98 -> -0.012358461 | P44: =(IF(SUMIFS('Industrial Summary'!$G:$G,'Industrial Summary'!$F:$F,P$17,'Industrial Summary'!$D:$D,$E44)>0,((-SUMIFS('Industrial Summary'!$G:$G,'Industrial Summary'!$F:$F,P$17,'Industrial Summary'!$D:$D,$E44,'Industrial Summary'!$A:$A,"COA")+-SUMIFS('Industrial Summary'!$G:$G,'Industrial Summary'!$F:$F,P$17,'Industrial Summary'!$D:$D,"IFDRSTM",'Industrial Summary'!$A:$A,"COA"))/SUMIFS('Industrial Summary'!$G:$G,'Industrial Summary'!$F:$F,P$17,'Industrial Summary'!$D:$D,$E44)),0))*0.98 -> -0.019136538 | Q44: 0 | R44: 15 | S44: =_xlfn.CONCAT("UC_",D44) -> UC_IFDOH_COA | V44: =C44 -> S_IFDOHCOA | W44: =D44 -> IFDOH_COA | X44: =E44 -> IFDOHT | Y44: =F44 -> UP | Z44: 1 | AA44: =H44*$AM44 -> -0.0019047583 | AB44: =I44*$AM44 -> -0.0021077592 | AC44: =J44*$AM44 -> -0.032929226 | AD44: =K44*$AM44 -> -0.040058949 | AE44: =L44*$AM44 -> -0.0049256465 | AF44: =M44*$AM44 -> -0.0048674109 | AG44: =N44*$AM44 -> -0.0040292894 | AH44: =O44*$AM44 -> -0.0098867692 | AI44: =P44*$AM44 -> -0.015309231 | AL44: =RIGHT(W44,3) -> COA | AM44: =Z5 -> 0.8
C45: S_IFDOHBIO | D45: IFDOH_BIO | E45: IFDOHT | F45: LO | G45: 1 | H45: =(IF(SUMIFS('Industrial Summary'!$G:$G,'Industrial Summary'!$F:$F,H$17,'Industrial Summary'!$D:$D,$E45)>0,((-SUMIFS('Industrial Summary'!$G:$G,'Industrial Summary'!$F:$F,H$17,'Industrial Summary'!$D:$D,$E45,'Industrial Summary'!$A:$A,"BIO")+-SUMIFS('Industrial Summary'!$G:$G,'Industrial Summary'!$F:$F,H$17,'Industrial Summary'!$D:$D,"IFDRSTM",'Industrial Summary'!$A:$A,"AGR"))/SUMIFS('Industrial Summary'!$G:$G,'Industrial Summary'!$F:$F,H$17,'Industrial Summary'!$D:$D,$E45)),0))*0.98 -> -0.22077832 | I45: =(IF(SUMIFS('Industrial Summary'!$G:$G,'Industrial Summary'!$F:$F,I$17,'Industrial Summary'!$D:$D,$E45)>0,((-SUMIFS('Industrial Summary'!$G:$G,'Industrial Summary'!$F:$F,I$17,'Industrial Summary'!$D:$D,$E45,'Industrial Summary'!$A:$A,"BIO")+-SUMIFS('Industrial Summary'!$G:$G,'Industrial Summary'!$F:$F,I$17,'Industrial Summary'!$D:$D,"IFDRSTM",'Industrial Summary'!$A:$A,"AGR"))/SUMIFS('Industrial Summary'!$G:$G,'Industrial Summary'!$F:$F,I$17,'Industrial Summary'!$D:$D,$E45)),0))*0.98 -> -0.13986375 | J45: =(IF(SUMIFS('Industrial Summary'!$G:$G,'Industrial Summary'!$F:$F,J$17,'Industrial Summary'!$D:$D,$E45)>0,((-SUMIFS('Industrial Summary'!$G:$G,'Industrial Summary'!$F:$F,J$17,'Industrial Summary'!$D:$D,$E45,'Industrial Summary'!$A:$A,"BIO")+-SUMIFS('Industrial Summary'!$G:$G,'Industrial Summary'!$F:$F,J$17,'Industrial Summary'!$D:$D,"IFDRSTM",'Industrial Summary'!$A:$A,"AGR"))/SUMIFS('Industrial Summary'!$G:$G,'Industrial Summary'!$F:$F,J$17,'Industrial Summary'!$D:$D,$E45)),0))*0.98 -> -0.61487554 | K45: =(IF(SUMIFS('Industrial Summary'!$G:$G,'Industrial Summary'!$F:$F,K$17,'Industrial Summary'!$D:$D,$E45)>0,((-SUMIFS('Industrial Summary'!$G:$G,'Industrial Summary'!$F:$F,K$17,'Industrial Summary'!$D:$D,$E45,'Industrial Summary'!$A:$A,"BIO")+-SUMIFS('Industrial Summary'!$G:$G,'Industrial Summary'!$F:$F,K$17,'Industrial Summary'!$D:$D,"IFDRSTM",'Industrial Summary'!$A:$A,"AGR"))/SUMIFS('Industrial Summary'!$G:$G,'Industrial Summary'!$F:$F,K$17,'Industrial Summary'!$D:$D,$E45)),0))*0.98 -> -0.53582005 | L45: =(IF(SUMIFS('Industrial Summary'!$G:$G,'Industrial Summary'!$F:$F,L$17,'Industrial Summary'!$D:$D,$E45)>0,((-SUMIFS('Industrial Summary'!$G:$G,'Industrial Summary'!$F:$F,L$17,'Industrial Summary'!$D:$D,$E45,'Industrial Summary'!$A:$A,"BIO")+-SUMIFS('Industrial Summary'!$G:$G,'Industrial Summary'!$F:$F,L$17,'Industrial Summary'!$D:$D,"IFDRSTM",'Industrial Summary'!$A:$A,"AGR"))/SUMIFS('Industrial Summary'!$G:$G,'Industrial Summary'!$F:$F,L$17,'Industrial Summary'!$D:$D,$E45)),0))*0.98 -> -0.31435402 | M45: =(IF(SUMIFS('Industrial Summary'!$G:$G,'Industrial Summary'!$F:$F,M$17,'Industrial Summary'!$D:$D,$E45)>0,((-SUMIFS('Industrial Summary'!$G:$G,'Industrial Summary'!$F:$F,M$17,'Industrial Summary'!$D:$D,$E45,'Industrial Summary'!$A:$A,"BIO")+-SUMIFS('Industrial Summary'!$G:$G,'Industrial Summary'!$F:$F,M$17,'Industrial Summary'!$D:$D,"IFDRSTM",'Industrial Summary'!$A:$A,"AGR"))/SUMIFS('Industrial Summary'!$G:$G,'Industrial Summary'!$F:$F,M$17,'Industrial Summary'!$D:$D,$E45)),0))*0.98 -> -0.64935974 | N45: =(IF(SUMIFS('Industrial Summary'!$G:$G,'Industrial Summary'!$F:$F,N$17,'Industrial Summary'!$D:$D,$E45)>0,((-SUMIFS('Industrial Summary'!$G:$G,'Industrial Summary'!$F:$F,N$17,'Industrial Summary'!$D:$D,$E45,'Industrial Summary'!$A:$A,"BIO")+-SUMIFS('Industrial Summary'!$G:$G,'Industrial Summary'!$F:$F,N$17,'Industrial Summary'!$D:$D,"IFDRSTM",'Industrial Summary'!$A:$A,"AGR"))/SUMIFS('Industrial Summary'!$G:$G,'Industrial Summary'!$F:$F,N$17,'Industrial Summary'!$D:$D,$E45)),0))*0.98 -> -0.70629283 | O45: =(IF(SUMIFS('Industrial Summary'!$G:$G,'Industrial Summary'!$F:$F,O$17,'Industrial Summary'!$D:$D,$E45)>0,((-SUMIFS('Industrial Summary'!$G:$G,'Industrial Summary'!$F:$F,O$17,'Industrial Summary'!$D:$D,$E45,'Industrial Summary'!$A:$A,"BIO")+-SUMIFS('Industrial Summary'!$G:$G,'Industrial Summary'!$F:$F,O$17,'Industrial Summary'!$D:$D,"IFDRSTM",'Industrial Summary'!$A:$A,"AGR"))/SUMIFS('Industrial Summary'!$G:$G,'Industrial Summary'!$F:$F,O$17,'Industrial Summary'!$D:$D,$E45)),0))*0.98 -> -0.54019521 | P45: =(IF(SUMIFS('Industrial Summary'!$G:$G,'Industrial Summary'!$F:$F,P$17,'Industrial Summary'!$D:$D,$E45)>0,((-SUMIFS('Industrial Summary'!$G:$G,'Industrial Summary'!$F:$F,P$17,'Industrial Summary'!$D:$D,$E45,'Industrial Summary'!$A:$A,"BIO")+-SUMIFS('Industrial Summary'!$G:$G,'Industrial Summary'!$F:$F,P$17,'Industrial Summary'!$D:$D,"IFDRSTM",'Industrial Summary'!$A:$A,"AGR"))/SUMIFS('Industrial Summary'!$G:$G,'Industrial Summary'!$F:$F,P$17,'Industrial Summary'!$D:$D,$E45)),0))*0.98 -> -0.47192265 | Q45: 0 | R45: 15 | S45: =_xlfn.CONCAT("UC_",D45) -> UC_IFDOH_BIO | V45: =C45 -> S_IFDOHBIO | W45: =D45 -> IFDOH_BIO | X45: =E45 -> IFDOHT | Y45: =F45 -> LO | Z45: 1 | AA45: =H45*$AM45 -> -0.22077832 | AB45: =I45*$AM45 -> -0.13986375 | AC45: =J45*$AM45 -> -0.61487554 | AD45: =K45*$AM45 -> -0.53582005 | AE45: =L45*$AM45 -> -0.31435402 | AF45: =M45*$AM45 -> -0.64935974 | AG45: =N45*$AM45 -> -0.70629283 | AH45: =O45*$AM45 -> -0.54019521 | AI45: =P45*$AM45 -> -0.47192265 | AL45: =RIGHT(W45,3) -> BIO | AM45: =1 -> 1
C46: S_IPLSTNGA | D46: IPLST_NGA | E46: IPLSTM | F46: LO | G46: 1 | H46: =(IF(SUMIFS('Industrial Summary'!$G:$G,'Industrial Summary'!$F:$F,H$17,'Industrial Summary'!$D:$D,$E46)>0,((-SUMIFS('Industrial Summary'!$G:$G,'Industrial Summary'!$F:$F,H$17,'Industrial Summary'!$D:$D,$E46,'Industrial Summary'!$A:$A,"NGA")+-SUMIFS('Industrial Summary'!$G:$G,'Industrial Summary'!$F:$F,H$17,'Industrial Summary'!$D:$D,"IPLFSTM",'Industrial Summary'!$A:$A,"NGA"))/SUMIFS('Industrial Summary'!$G:$G,'Industrial Summary'!$F:$F,H$17,'Industrial Summary'!$D:$D,$E46)),0))*0.98 -> -0.1956002 | I46: =(IF(SUMIFS('Industrial Summary'!$G:$G,'Industrial Summary'!$F:$F,I$17,'Industrial Summary'!$D:$D,$E46)>0,((-SUMIFS('Industrial Summary'!$G:$G,'Industrial Summary'!$F:$F,I$17,'Industrial Summary'!$D:$D,$E46,'Industrial Summary'!$A:$A,"NGA")+-SUMIFS('Industrial Summary'!$G:$G,'Industrial Summary'!$F:$F,I$17,'Industrial Summary'!$D:$D,"IPLFSTM",'Industrial Summary'!$A:$A,"NGA"))/SUMIFS('Industrial Summary'!$G:$G,'Industrial Summary'!$F:$F,I$17,'Industrial Summary'!$D:$D,$E46)),0))*0.98 -> 0 | J46: =(IF(SUMIFS('Industrial Summary'!$G:$G,'Industrial Summary'!$F:$F,J$17,'Industrial Summary'!$D:$D,$E46)>0,((-SUMIFS('Industrial Summary'!$G:$G,'Industrial Summary'!$F:$F,J$17,'Industrial Summary'!$D:$D,$E46,'Industrial Summary'!$A:$A,"NGA")+-SUMIFS('Industrial Summary'!$G:$G,'Industrial Summary'!$F:$F,J$17,'Industrial Summary'!$D:$D,"IPLFSTM",'Industrial Summary'!$A:$A,"NGA"))/SUMIFS('Industrial Summary'!$G:$G,'Industrial Summary'!$F:$F,J$17,'Industrial Summary'!$D:$D,$E46)),0))*0.98 -> 0 | K46: =(IF(SUMIFS('Industrial Summary'!$G:$G,'Industrial Summary'!$F:$F,K$17,'Industrial Summary'!$D:$D,$E46)>0,((-SUMIFS('Industrial Summary'!$G:$G,'Industrial Summary'!$F:$F,K$17,'Industrial Summary'!$D:$D,$E46,'Industrial Summary'!$A:$A,"NGA")+-SUMIFS('Industrial Summary'!$G:$G,'Industrial Summary'!$F:$F,K$17,'Industrial Summary'!$D:$D,"IPLFSTM",'Industrial Summary'!$A:$A,"NGA"))/SUMIFS('Industrial Summary'!$G:$G,'Industrial Summary'!$F:$F,K$17,'Industrial Summary'!$D:$D,$E46)),0))*0.98 -> 0 | L46: =(IF(SUMIFS('Industrial Summary'!$G:$G,'Industrial Summary'!$F:$F,L$17,'Industrial Summary'!$D:$D,$E46)>0,((-SUMIFS('Industrial Summary'!$G:$G,'Industrial Summary'!$F:$F,L$17,'Industrial Summary'!$D:$D,$E46,'Industrial Summary'!$A:$A,"NGA")+-SUMIFS('Industrial Summary'!$G:$G,'Industrial Summary'!$F:$F,L$17,'Industrial Summary'!$D:$D,"IPLFSTM",'Industrial Summary'!$A:$A,"NGA"))/SUMIFS('Industrial Summary'!$G:$G,'Industrial Summary'!$F:$F,L$17,'Industrial Summary'!$D:$D,$E46)),0))*0.98 -> -0.3968701 | M46: =(IF(SUMIFS('Industrial Summary'!$G:$G,'Industrial Summary'!$F:$F,M$17,'Industrial Summary'!$D:$D,$E46)>0,((-SUMIFS('Industrial Summary'!$G:$G,'Industrial Summary'!$F:$F,M$17,'Industrial Summary'!$D:$D,$E46,'Industrial Summary'!$A:$A,"NGA")+-SUMIFS('Industrial Summary'!$G:$G,'Industrial Summary'!$F:$F,M$17,'Industrial Summary'!$D:$D,"IPLFSTM",'Industrial Summary'!$A:$A,"NGA"))/SUMIFS('Industrial Summary'!$G:$G,'Industrial Summary'!$F:$F,M$17,'Industrial Summary'!$D:$D,$E46)),0))*0.98 -> -0.13504142 | N46: =(IF(SUMIFS('Industrial Summary'!$G:$G,'Industrial Summary'!$F:$F,N$17,'Industrial Summary'!$D:$D,$E46)>0,((-SUMIFS('Industrial Summary'!$G:$G,'Industrial Summary'!$F:$F,N$17,'Industrial Summary'!$D:$D,$E46,'Industrial Summary'!$A:$A,"NGA")+-SUMIFS('Industrial Summary'!$G:$G,'Industrial Summary'!$F:$F,N$17,'Industrial Summary'!$D:$D,"IPLFSTM",'Industrial Summary'!$A:$A,"NGA"))/SUMIFS('Industrial Summary'!$G:$G,'Industrial Summary'!$F:$F,N$17,'Industrial Summary'!$D:$D,$E46)),0))*0.98 -> -0.35994934 | O46: =(IF(SUMIFS('Industrial Summary'!$G:$G,'Industrial Summary'!$F:$F,O$17,'Industrial Summary'!$D:$D,$E46)>0,((-SUMIFS('Industrial Summary'!$G:$G,'Industrial Summary'!$F:$F,O$17,'Industrial Summary'!$D:$D,$E46,'Industrial Summary'!$A:$A,"NGA")+-SUMIFS('Industrial Summary'!$G:$G,'Industrial Summary'!$F:$F,O$17,'Industrial Summary'!$D:$D,"IPLFSTM",'Industrial Summary'!$A:$A,"NGA"))/SUMIFS('Industrial Summary'!$G:$G,'Industrial Summary'!$F:$F,O$17,'Industrial Summary'!$D:$D,$E46)),0))*0.98 -> 0 | P46: =(IF(SUMIFS('Industrial Summary'!$G:$G,'Industrial Summary'!$F:$F,P$17,'Industrial Summary'!$D:$D,$E46)>0,((-SUMIFS('Industrial Summary'!$G:$G,'Industrial Summary'!$F:$F,P$17,'Industrial Summary'!$D:$D,$E46,'Industrial Summary'!$A:$A,"NGA")+-SUMIFS('Industrial Summary'!$G:$G,'Industrial Summary'!$F:$F,P$17,'Industrial Summary'!$D:$D,"IPLFSTM",'Industrial Summary'!$A:$A,"NGA"))/SUMIFS('Industrial Summary'!$G:$G,'Industrial Summary'!$F:$F,P$17,'Industrial Summary'!$D:$D,$E46)),0))*0.98 -> -0.98 | Q46: 0 | R46: 15 | S46: =_xlfn.CONCAT("UC_",D46) -> UC_IPLST_NGA | V46: =C46 -> S_IPLSTNGA | W46: =D46 -> IPLST_NGA | X46: =E46 -> IPLSTM | Y46: =F46 -> LO | Z46: 1 | AA46: =H46*$AM46 -> -0.13300813 | AB46: =I46*$AM46 -> 0 | AC46: =J46*$AM46 -> 0 | AD46: =K46*$AM46 -> 0 | AE46: =L46*$AM46 -> -0.26987167 | AF46: =M46*$AM46 -> -0.091828164 | AG46: =N46*$AM46 -> -0.24476555 | AH46: =O46*$AM46 -> 0 | AI46: =P46*$AM46 -> -0.6664 | AL46: =RIGHT(W46,3) -> NGA | AM46: =Y6 -> 0.68
C47: S_IPLPHELC | D47: IPLPH_ELC | E47: IPLPRH | F47: LO | G47: 1 | H47: =IF(SUMIFS('Industrial Summary'!$G:$G,'Industrial Summary'!$F:$F,H$17,'Industrial Summary'!$D:$D,$E47)>0,(-SUMIFS('Industrial Summary'!$G:$G,'Industrial Summary'!$F:$F,H$17,'Industrial Summary'!$D:$D,$E47,'Industrial Summary'!$A:$A,"ELC")/SUMIFS('Industrial Summary'!$G:$G,'Industrial Summary'!$F:$F,H$17,'Industrial Summary'!$D:$D,$E47)),0)*0.98 -> -0.1554384 | I47: =IF(SUMIFS('Industrial Summary'!$G:$G,'Industrial Summary'!$F:$F,I$17,'Industrial Summary'!$D:$D,$E47)>0,(-SUMIFS('Industrial Summary'!$G:$G,'Industrial Summary'!$F:$F,I$17,'Industrial Summary'!$D:$D,$E47,'Industrial Summary'!$A:$A,"ELC")/SUMIFS('Industrial Summary'!$G:$G,'Industrial Summary'!$F:$F,I$17,'Industrial Summary'!$D:$D,$E47)),0)*0.98 -> -0.1554384 | J47: =IF(SUMIFS('Industrial Summary'!$G:$G,'Industrial Summary'!$F:$F,J$17,'Industrial Summary'!$D:$D,$E47)>0,(-SUMIFS('Industrial Summary'!$G:$G,'Industrial Summary'!$F:$F,J$17,'Industrial Summary'!$D:$D,$E47,'Industrial Summary'!$A:$A,"ELC")/SUMIFS('Industrial Summary'!$G:$G,'Industrial Summary'!$F:$F,J$17,'Industrial Summary'!$D:$D,$E47)),0)*0.98 -> -0.29602674 | K47: =IF(SUMIFS('Industrial Summary'!$G:$G,'Industrial Summary'!$F:$F,K$17,'Industrial Summary'!$D:$D,$E47)>0,(-SUMIFS('Industrial Summary'!$G:$G,'Industrial Summary'!$F:$F,K$17,'Industrial Summary'!$D:$D,$E47,'Industrial Summary'!$A:$A,"ELC")/SUMIFS('Industrial Summary'!$G:$G,'Industrial Summary'!$F:$F,K$17,'Industrial Summary'!$D:$D,$E47)),0)*0.98 -> -0.29602674 | L47: =IF(SUMIFS('Industrial Summary'!$G:$G,'Industrial Summary'!$F:$F,L$17,'Industrial Summary'!$D:$D,$E47)>0,(-SUMIFS('Industrial Summary'!$G:$G,'Industrial Summary'!$F:$F,L$17,'Industrial Summary'!$D:$D,$E47,'Industrial Summary'!$A:$A,"ELC")/SUMIFS('Industrial Summary'!$G:$G,'Industrial Summary'!$F:$F,L$17,'Industrial Summary'!$D:$D,$E47)),0)*0.98 -> -0.076001861 | M47: =IF(SUMIFS('Industrial Summary'!$G:$G,'Industrial Summary'!$F:$F,M$17,'Industrial Summary'!$D:$D,$E47)>0,(-SUMIFS('Industrial Summary'!$G:$G,'Industrial Summary'!$F:$F,M$17,'Industrial Summary'!$D:$D,$E47,'Industrial Summary'!$A:$A,"ELC")/SUMIFS('Industrial Summary'!$G:$G,'Industrial Summary'!$F:$F,M$17,'Industrial Summary'!$D:$D,$E47)),0)*0.98 -> -0.076001861 | N47: =IF(SUMIFS('Industrial Summary'!$G:$G,'Industrial Summary'!$F:$F,N$17,'Industrial Summary'!$D:$D,$E47)>0,(-SUMIFS('Industrial Summary'!$G:$G,'Industrial Summary'!$F:$F,N$17,'Industrial Summary'!$D:$D,$E47,'Industrial Summary'!$A:$A,"ELC")/SUMIFS('Industrial Summary'!$G:$G,'Industrial Summary'!$F:$F,N$17,'Industrial Summary'!$D:$D,$E47)),0)*0.98 -> -0.076001861 | O47: =IF(SUMIFS('Industrial Summary'!$G:$G,'Industrial Summary'!$F:$F,O$17,'Industrial Summary'!$D:$D,$E47)>0,(-SUMIFS('Industrial Summary'!$G:$G,'Industrial Summary'!$F:$F,O$17,'Industrial Summary'!$D:$D,$E47,'Industrial Summary'!$A:$A,"ELC")/SUMIFS('Industrial Summary'!$G:$G,'Industrial Summary'!$F:$F,O$17,'Industrial Summary'!$D:$D,$E47)),0)*0.98 -> -0.39245236 | P47: =IF(SUMIFS('Industrial Summary'!$G:$G,'Industrial Summary'!$F:$F,P$17,'Industrial Summary'!$D:$D,$E47)>0,(-SUMIFS('Industrial Summary'!$G:$G,'Industrial Summary'!$F:$F,P$17,'Industrial Summary'!$D:$D,$E47,'Industrial Summary'!$A:$A,"ELC")/SUMIFS('Industrial Summary'!$G:$G,'Industrial Summary'!$F:$F,P$17,'Industrial Summary'!$D:$D,$E47)),0)*0.98 -> -0.49056544 | Q47: 0 | R47: 15 | S47: =_xlfn.CONCAT("UC_",D47) -> UC_IPLPH_ELC | V47: =C47 -> S_IPLPHELC | W47: =D47 -> IPLPH_ELC | X47: =E47 -> IPLPRH | Y47: =F47 -> LO | Z47: 1 | AA47: =H47*$AM47 -> -0.1554384 | AB47: =I47*$AM47 -> -0.1554384 | AC47: =J47*$AM47 -> -0.29602674 | AD47: =K47*$AM47 -> -0.29602674 | AE47: =L47*$AM47 -> -0.076001861 | AF47: =M47*$AM47 -> -0.076001861 | AG47: =N47*$AM47 -> -0.076001861 | AH47: =O47*$AM47 -> -0.39245236 | AI47: =P47*$AM47 -> -0.49056544 | AL47: =RIGHT(W47,3) -> ELC | AM47: =1 -> 1
C48: S_IPLPHRFL | D48: IPLPH_RFL | E48: IPLPRH | F48: LO | G48: 1 | H48: =IF(SUMIFS('Industrial Summary'!$G:$G,'Industrial Summary'!$F:$F,H$17,'Industrial Summary'!$D:$D,$E48)>0,(-SUMIFS('Industrial Summary'!$G:$G,'Industrial Summary'!$F:$F,H$17,'Industrial Summary'!$D:$D,$E48,'Industrial Summary'!$A:$A,"RFL")/SUMIFS('Industrial Summary'!$G:$G,'Industrial Summary'!$F:$F,H$17,'Industrial Summary'!$D:$D,$E48)),0)*0.98 -> -0.46541937 | I48: =IF(SUMIFS('Industrial Summary'!$G:$G,'Industrial Summary'!$F:$F,I$17,'Industrial Summary'!$D:$D,$E48)>0,(-SUMIFS('Industrial Summary'!$G:$G,'Industrial Summary'!$F:$F,I$17,'Industrial Summary'!$D:$D,$E48,'Industrial Summary'!$A:$A,"RFL")/SUMIFS('Industrial Summary'!$G:$G,'Industrial Summary'!$F:$F,I$17,'Industrial Summary'!$D:$D,$E48)),0)*0.98 -> -0.46541937 | J48: =IF(SUMIFS('Industrial Summary'!$G:$G,'Industrial Summary'!$F:$F,J$17,'Industrial Summary'!$D:$D,$E48)>0,(-SUMIFS('Industrial Summary'!$G:$G,'Industrial Summary'!$F:$F,J$17,'Industrial Summary'!$D:$D,$E48,'Industrial Summary'!$A:$A,"RFL")/SUMIFS('Industrial Summary'!$G:$G,'Industrial Summary'!$F:$F,J$17,'Industrial Summary'!$D:$D,$E48)),0)*0.98 -> 0 | K48: =IF(SUMIFS('Industrial Summary'!$G:$G,'Industrial Summary'!$F:$F,K$17,'Industrial Summary'!$D:$D,$E48)>0,(-SUMIFS('Industrial Summary'!$G:$G,'Industrial Summary'!$F:$F,K$17,'Industrial Summary'!$D:$D,$E48,'Industrial Summary'!$A:$A,"RFL")/SUMIFS('Industrial Summary'!$G:$G,'Industrial Summary'!$F:$F,K$17,'Industrial Summary'!$D:$D,$E48)),0)*0.98 -> 0 | L48: =IF(SUMIFS('Industrial Summary'!$G:$G,'Industrial Summary'!$F:$F,L$17,'Industrial Summary'!$D:$D,$E48)>0,(-SUMIFS('Industrial Summary'!$G:$G,'Industrial Summary'!$F:$F,L$17,'Industrial Summary'!$D:$D,$E48,'Industrial Summary'!$A:$A,"RFL")/SUMIFS('Industrial Summary'!$G:$G,'Industrial Summary'!$F:$F,L$17,'Industrial Summary'!$D:$D,$E48)),0)*0.98 -> -0.11378379 | M48: =IF(SUMIFS('Industrial Summary'!$G:$G,'Industrial Summary'!$F:$F,M$17,'Industrial Summary'!$D:$D,$E48)>0,(-SUMIFS('Industrial Summary'!$G:$G,'Industrial Summary'!$F:$F,M$17,'Industrial Summary'!$D:$D,$E48,'Industrial Summary'!$A:$A,"RFL")/SUMIFS('Industrial Summary'!$G:$G,'Industrial Summary'!$F:$F,M$17,'Industrial Summary'!$D:$D,$E48)),0)*0.98 -> -0.11378379 | N48: =IF(SUMIFS('Industrial Summary'!$G:$G,'Industrial Summary'!$F:$F,N$17,'Industrial Summary'!$D:$D,$E48)>0,(-SUMIFS('Industrial Summary'!$G:$G,'Industrial Summary'!$F:$F,N$17,'Industrial Summary'!$D:$D,$E48,'Industrial Summary'!$A:$A,"RFL")/SUMIFS('Industrial Summary'!$G:$G,'Industrial Summary'!$F:$F,N$17,'Industrial Summary'!$D:$D,$E48)),0)*0.98 -> -0.11378379 | O48: =IF(SUMIFS('Industrial Summary'!$G:$G,'Industrial Summary'!$F:$F,O$17,'Industrial Summary'!$D:$D,$E48)>0,(-SUMIFS('Industrial Summary'!$G:$G,'Industrial Summary'!$F:$F,O$17,'Industrial Summary'!$D:$D,$E48,'Industrial Summary'!$A:$A,"RFL")/SUMIFS('Industrial Summary'!$G:$G,'Industrial Summary'!$F:$F,O$17,'Industrial Summary'!$D:$D,$E48)),0)*0.98 -> -0.58754764 | P48: =IF(SUMIFS('Industrial Summary'!$G:$G,'Industrial Summary'!$F:$F,P$17,'Industrial Summary'!$D:$D,$E48)>0,(-SUMIFS('Industrial Summary'!$G:$G,'Industrial Summary'!$F:$F,P$17,'Industrial Summary'!$D:$D,$E48,'Industrial Summary'!$A:$A,"RFL")/SUMIFS('Industrial Summary'!$G:$G,'Industrial Summary'!$F:$F,P$17,'Industrial Summary'!$D:$D,$E48)),0)*0.98 -> -0.48943456 | Q48: 0 | R48: 15 | S48: =_xlfn.CONCAT("UC_",D48) -> UC_IPLPH_RFL | V48: =C48 -> S_IPLPHRFL | W48: =D48 -> IPLPH_RFL | X48: =E48 -> IPLPRH | Y48: =F48 -> LO | Z48: 1 | AA48: =H48*$AM48 -> -0.46541937 | AB48: =I48*$AM48 -> -0.46541937 | AC48: =J48*$AM48 -> 0 | AD48: =K48*$AM48 -> 0 | AE48: =L48*$AM48 -> -0.11378379 | AF48: =M48*$AM48 -> -0.11378379 | AG48: =N48*$AM48 -> -0.11378379 | AH48: =O48*$AM48 -> -0.58754764 | AI48: =P48*$AM48 -> -0.48943456 | AL48: =RIGHT(W48,3) -> RFL | AM48: =1 -> 1
C49: S_IPLPHDSL | D49: IPLPH_DSL | E49: IPLPRH | F49: LO | G49: 1 | H49: =IF(SUMIFS('Industrial Summary'!$G:$G,'Industrial Summary'!$F:$F,H$17,'Industrial Summary'!$D:$D,$E49)>0,(-SUMIFS('Industrial Summary'!$G:$G,'Industrial Summary'!$F:$F,H$17,'Industrial Summary'!$D:$D,$E49,'Industrial Summary'!$A:$A,"DSL")/SUMIFS('Industrial Summary'!$G:$G,'Industrial Summary'!$F:$F,H$17,'Industrial Summary'!$D:$D,$E49)),0)*0.98 -> 0 | I49: =IF(SUMIFS('Industrial Summary'!$G:$G,'Industrial Summary'!$F:$F,I$17,'Industrial Summary'!$D:$D,$E49)>0,(-SUMIFS('Industrial Summary'!$G:$G,'Industrial Summary'!$F:$F,I$17,'Industrial Summary'!$D:$D,$E49,'Industrial Summary'!$A:$A,"DSL")/SUMIFS('Industrial Summary'!$G:$G,'Industrial Summary'!$F:$F,I$17,'Industrial Summary'!$D:$D,$E49)),0)*0.98 -> 0 | J49: =IF(SUMIFS('Industrial Summary'!$G:$G,'Industrial Summary'!$F:$F,J$17,'Industrial Summary'!$D:$D,$E49)>0,(-SUMIFS('Industrial Summary'!$G:$G,'Industrial Summary'!$F:$F,J$17,'Industrial Summary'!$D:$D,$E49,'Industrial Summary'!$A:$A,"DSL")/SUMIFS('Industrial Summary'!$G:$G,'Industrial Summary'!$F:$F,J$17,'Industrial Summary'!$D:$D,$E49)),0)*0.98 -> 0 | K49: =IF(SUMIFS('Industrial Summary'!$G:$G,'Industrial Summary'!$F:$F,K$17,'Industrial Summary'!$D:$D,$E49)>0,(-SUMIFS('Industrial Summary'!$G:$G,'Industrial Summary'!$F:$F,K$17,'Industrial Summary'!$D:$D,$E49,'Industrial Summary'!$A:$A,"DSL")/SUMIFS('Industrial Summary'!$G:$G,'Industrial Summary'!$F:$F,K$17,'Industrial Summary'!$D:$D,$E49)),0)*0.98 -> 0 | L49: =IF(SUMIFS('Industrial Summary'!$G:$G,'Industrial Summary'!$F:$F,L$17,'Industrial Summary'!$D:$D,$E49)>0,(-SUMIFS('Industrial Summary'!$G:$G,'Industrial Summary'!$F:$F,L$17,'Industrial Summary'!$D:$D,$E49,'Industrial Summary'!$A:$A,"DSL")/SUMIFS('Industrial Summary'!$G:$G,'Industrial Summary'!$F:$F,L$17,'Industrial Summary'!$D:$D,$E49)),0)*0.98 -> 0 | M49: =IF(SUMIFS('Industrial Summary'!$G:$G,'Industrial Summary'!$F:$F,M$17,'Industrial Summary'!$D:$D,$E49)>0,(-SUMIFS('Industrial Summary'!$G:$G,'Industrial Summary'!$F:$F,M$17,'Industrial Summary'!$D:$D,$E49,'Industrial Summary'!$A:$A,"DSL")/SUMIFS('Industrial Summary'!$G:$G,'Industrial Summary'!$F:$F,M$17,'Industrial Summary'!$D:$D,$E49)),0)*0.98 -> 0 | N49: =IF(SUMIFS('Industrial Summary'!$G:$G,'Industrial Summary'!$F:$F,N$17,'Industrial Summary'!$D:$D,$E49)>0,(-SUMIFS('Industrial Summary'!$G:$G,'Industrial Summary'!$F:$F,N$17,'Industrial Summary'!$D:$D,$E49,'Industrial Summary'!$A:$A,"DSL")/SUMIFS('Industrial Summary'!$G:$G,'Industrial Summary'!$F:$F,N$17,'Industrial Summary'!$D:$D,$E49)),0)*0.98 -> 0 | O49: =IF(SUMIFS('Industrial Summary'!$G:$G,'Industrial Summary'!$F:$F,O$17,'Industrial Summary'!$D:$D,$E49)>0,(-SUMIFS('Industrial Summary'!$G:$G,'Industrial Summary'!$F:$F,O$17,'Industrial Summary'!$D:$D,$E49,'Industrial Summary'!$A:$A,"DSL")/SUMIFS('Industrial Summary'!$G:$G,'Industrial Summary'!$F:$F,O$17,'Industrial Summary'!$D:$D,$E49)),0)*0.98 -> 0 | P49: =IF(SUMIFS('Industrial Summary'!$G:$G,'Industrial Summary'!$F:$F,P$17,'Industrial Summary'!$D:$D,$E49)>0,(-SUMIFS('Industrial Summary'!$G:$G,'Industrial Summary'!$F:$F,P$17,'Industrial Summary'!$D:$D,$E49,'Industrial Summary'!$A:$A,"DSL")/SUMIFS('Industrial Summary'!$G:$G,'Industrial Summary'!$F:$F,P$17,'Industrial Summary'!$D:$D,$E49)),0)*0.98 -> 0 | Q49: 0 | R49: 15 | S49: =_xlfn.CONCAT("UC_",D49) -> UC_IPLPH_DSL | V49: =C49 -> S_IPLPHDSL | W49: =D49 -> IPLPH_DSL | X49: =E49 -> IPLPRH | Y49: =F49 -> LO | Z49: 1 | AA49: =H49*$AM49 -> 0 | AB49: =I49*$AM49 -> 0 | AC49: =J49*$AM49 -> 0 | AD49: =K49*$AM49 -> 0 | AE49: =L49*$AM49 -> 0 | AF49: =M49*$AM49 -> 0 | AG49: =N49*$AM49 -> 0 | AH49: =O49*$AM49 -> 0 | AI49: =P49*$AM49 -> 0 | AL49: =RIGHT(W49,3) -> DSL | AM49: =1 -> 1
C50: S_IPLPHNGA | D50: IPLPH_NGA | E50: IPLPRH | F50: LO | G50: 1 | H50: =IF(SUMIFS('Industrial Summary'!$G:$G,'Industrial Summary'!$F:$F,H$17,'Industrial Summary'!$D:$D,$E50)>0,(-SUMIFS('Industrial Summary'!$G:$G,'Industrial Summary'!$F:$F,H$17,'Industrial Summary'!$D:$D,$E50,'Industrial Summary'!$A:$A,"NGA")/SUMIFS('Industrial Summary'!$G:$G,'Industrial Summary'!$F:$F,H$17,'Industrial Summary'!$D:$D,$E50)),0)*0.98 -> -0.35914223 | I50: =IF(SUMIFS('Industrial Summary'!$G:$G,'Industrial Summary'!$F:$F,I$17,'Industrial Summary'!$D:$D,$E50)>0,(-SUMIFS('Industrial Summary'!$G:$G,'Industrial Summary'!$F:$F,I$17,'Industrial Summary'!$D:$D,$E50,'Industrial Summary'!$A:$A,"NGA")/SUMIFS('Industrial Summary'!$G:$G,'Industrial Summary'!$F:$F,I$17,'Industrial Summary'!$D:$D,$E50)),0)*0.98 -> -0.35914223 | J50: =IF(SUMIFS('Industrial Summary'!$G:$G,'Industrial Summary'!$F:$F,J$17,'Industrial Summary'!$D:$D,$E50)>0,(-SUMIFS('Industrial Summary'!$G:$G,'Industrial Summary'!$F:$F,J$17,'Industrial Summary'!$D:$D,$E50,'Industrial Summary'!$A:$A,"NGA")/SUMIFS('Industrial Summary'!$G:$G,'Industrial Summary'!$F:$F,J$17,'Industrial Summary'!$D:$D,$E50)),0)*0.98 -> -0.68397326 | K50: =IF(SUMIFS('Industrial Summary'!$G:$G,'Industrial Summary'!$F:$F,K$17,'Industrial Summary'!$D:$D,$E50)>0,(-SUMIFS('Industrial Summary'!$G:$G,'Industrial Summary'!$F:$F,K$17,'Industrial Summary'!$D:$D,$E50,'Industrial Summary'!$A:$A,"NGA")/SUMIFS('Industrial Summary'!$G:$G,'Industrial Summary'!$F:$F,K$17,'Industrial Summary'!$D:$D,$E50)),0)*0.98 -> -0.68397326 | L50: =IF(SUMIFS('Industrial Summary'!$G:$G,'Industrial Summary'!$F:$F,L$17,'Industrial Summary'!$D:$D,$E50)>0,(-SUMIFS('Industrial Summary'!$G:$G,'Industrial Summary'!$F:$F,L$17,'Industrial Summary'!$D:$D,$E50,'Industrial Summary'!$A:$A,"NGA")/SUMIFS('Industrial Summary'!$G:$G,'Industrial Summary'!$F:$F,L$17,'Industrial Summary'!$D:$D,$E50)),0)*0.98 -> -0.79021435 | M50: =IF(SUMIFS('Industrial Summary'!$G:$G,'Industrial Summary'!$F:$F,M$17,'Industrial Summary'!$D:$D,$E50)>0,(-SUMIFS('Industrial Summary'!$G:$G,'Industrial Summary'!$F:$F,M$17,'Industrial Summary'!$D:$D,$E50,'Industrial Summary'!$A:$A,"NGA")/SUMIFS('Industrial Summary'!$G:$G,'Industrial Summary'!$F:$F,M$17,'Industrial Summary'!$D:$D,$E50)),0)*0.98 -> -0.79021435 | N50: =IF(SUMIFS('Industrial Summary'!$G:$G,'Industrial Summary'!$F:$F,N$17,'Industrial Summary'!$D:$D,$E50)>0,(-SUMIFS('Industrial Summary'!$G:$G,'Industrial Summary'!$F:$F,N$17,'Industrial Summary'!$D:$D,$E50,'Industrial Summary'!$A:$A,"NGA")/SUMIFS('Industrial Summary'!$G:$G,'Industrial Summary'!$F:$F,N$17,'Industrial Summary'!$D:$D,$E50)),0)*0.98 -> -0.79021435 | O50: =IF(SUMIFS('Industrial Summary'!$G:$G,'Industrial Summary'!$F:$F,O$17,'Industrial Summary'!$D:$D,$E50)>0,(-SUMIFS('Industrial Summary'!$G:$G,'Industrial Summary'!$F:$F,O$17,'Industrial Summary'!$D:$D,$E50,'Industrial Summary'!$A:$A,"NGA")/SUMIFS('Industrial Summary'!$G:$G,'Industrial Summary'!$F:$F,O$17,'Industrial Summary'!$D:$D,$E50)),0)*0.98 -> 0 | P50: =IF(SUMIFS('Industrial Summary'!$G:$G,'Industrial Summary'!$F:$F,P$17,'Industrial Summary'!$D:$D,$E50)>0,(-SUMIFS('Industrial Summary'!$G:$G,'Industrial Summary'!$F:$F,P$17,'Industrial Summary'!$D:$D,$E50,'Industrial Summary'!$A:$A,"NGA")/SUMIFS('Industrial Summary'!$G:$G,'Industrial Summary'!$F:$F,P$17,'Industrial Summary'!$D:$D,$E50)),0)*0.98 -> 0 | Q50: 0 | R50: 15 | S50: =_xlfn.CONCAT("UC_",D50) -> UC_IPLPH_NGA | V50: =C50 -> S_IPLPHNGA | W50: =D50 -> IPLPH_NGA | X50: =E50 -> IPLPRH | Y50: =F50 -> LO | Z50: 1 | AA50: =H50*$AM50 -> -0.24421672 | AB50: =I50*$AM50 -> -0.24421672 | AC50: =J50*$AM50 -> -0.46510181 | AD50: =K50*$AM50 -> -0.46510181 | AE50: =L50*$AM50 -> -0.53734576 | AF50: =M50*$AM50 -> -0.53734576 | AG50: =N50*$AM50 -> -0.53734576 | AH50: =O50*$AM50 -> 0 | AI50: =P50*$AM50 -> 0 | AL50: =RIGHT(W50,3) -> NGA | AM50: =Y6 -> 0.68
C51: S_IPLOHBIO | D51: IPLOH_BIO | E51: IPLOHT | F51: LO | G51: 1 | H51: =(IF(SUMIFS('Industrial Summary'!$G:$G,'Industrial Summary'!$F:$F,H$17,'Industrial Summary'!$D:$D,$E51)>0,((-SUMIFS('Industrial Summary'!$G:$G,'Industrial Summary'!$F:$F,H$17,'Industrial Summary'!$D:$D,$E51,'Industrial Summary'!$A:$A,"BIO")+-SUMIFS('Industrial Summary'!$G:$G,'Industrial Summary'!$F:$F,H$17,'Industrial Summary'!$D:$D,$E51,'Industrial Summary'!$A:$A,"WOD")+-SUMIFS('Industrial Summary'!$G:$G,'Industrial Summary'!$F:$F,H$17,'Industrial Summary'!$D:$D,$E51,'Industrial Summary'!$A:$A,"TOM")+-SUMIFS('Industrial Summary'!$G:$G,'Industrial Summary'!$F:$F,H$17,'Industrial Summary'!$D:$D,"IPLRSTM",'Industrial Summary'!$A:$A,"BIO")+-SUMIFS('Industrial Summary'!$G:$G,'Industrial Summary'!$F:$F,H$17,'Industrial Summary'!$D:$D,"IPLRSTM",'Industrial Summary'!$A:$A,"WOD")+-SUMIFS('Industrial Summary'!$G:$G,'Industrial Summary'!$F:$F,H$17,'Industrial Summary'!$D:$D,"IPLRSTM",'Industrial Summary'!$A:$A,"TOM")+-SUMIFS('Industrial Summary'!$G:$G,'Industrial Summary'!$F:$F,H$17,'Industrial Summary'!$D:$D,"IPLRSTM",'Industrial Summary'!$A:$A,"BLQ"))/SUMIFS('Industrial Summary'!$G:$G,'Industrial Summary'!$F:$F,H$17,'Industrial Summary'!$D:$D,$E51)),0))*0.98 -> -0.98 | I51: =(IF(SUMIFS('Industrial Summary'!$G:$G,'Industrial Summary'!$F:$F,I$17,'Industrial Summary'!$D:$D,$E51)>0,((-SUMIFS('Industrial Summary'!$G:$G,'Industrial Summary'!$F:$F,I$17,'Industrial Summary'!$D:$D,$E51,'Industrial Summary'!$A:$A,"BIO")+-SUMIFS('Industrial Summary'!$G:$G,'Industrial Summary'!$F:$F,I$17,'Industrial Summary'!$D:$D,$E51,'Industrial Summary'!$A:$A,"WOD")+-SUMIFS('Industrial Summary'!$G:$G,'Industrial Summary'!$F:$F,I$17,'Industrial Summary'!$D:$D,$E51,'Industrial Summary'!$A:$A,"TOM")+-SUMIFS('Industrial Summary'!$G:$G,'Industrial Summary'!$F:$F,I$17,'Industrial Summary'!$D:$D,"IPLRSTM",'Industrial Summary'!$A:$A,"BIO")+-SUMIFS('Industrial Summary'!$G:$G,'Industrial Summary'!$F:$F,I$17,'Industrial Summary'!$D:$D,"IPLRSTM",'Industrial Summary'!$A:$A,"WOD")+-SUMIFS('Industrial Summary'!$G:$G,'Industrial Summary'!$F:$F,I$17,'Industrial Summary'!$D:$D,"IPLRSTM",'Industrial Summary'!$A:$A,"TOM")+-SUMIFS('Industrial Summary'!$G:$G,'Industrial Summary'!$F:$F,I$17,'Industrial Summary'!$D:$D,"IPLRSTM",'Industrial Summary'!$A:$A,"BLQ"))/SUMIFS('Industrial Summary'!$G:$G,'Industrial Summary'!$F:$F,I$17,'Industrial Summary'!$D:$D,$E51)),0))*0.98 -> -0.98 | J51: =(IF(SUMIFS('Industrial Summary'!$G:$G,'Industrial Summary'!$F:$F,J$17,'Industrial Summary'!$D:$D,$E51)>0,((-SUMIFS('Industrial Summary'!$G:$G,'Industrial Summary'!$F:$F,J$17,'Industrial Summary'!$D:$D,$E51,'Industrial Summary'!$A:$A,"BIO")+-SUMIFS('Industrial Summary'!$G:$G,'Industrial Summary'!$F:$F,J$17,'Industrial Summary'!$D:$D,$E51,'Industrial Summary'!$A:$A,"WOD")+-SUMIFS('Industrial Summary'!$G:$G,'Industrial Summary'!$F:$F,J$17,'Industrial Summary'!$D:$D,$E51,'Industrial Summary'!$A:$A,"TOM")+-SUMIFS('Industrial Summary'!$G:$G,'Industrial Summary'!$F:$F,J$17,'Industrial Summary'!$D:$D,"IPLRSTM",'Industrial Summary'!$A:$A,"BIO")+-SUMIFS('Industrial Summary'!$G:$G,'Industrial Summary'!$F:$F,J$17,'Industrial Summary'!$D:$D,"IPLRSTM",'Industrial Summary'!$A:$A,"WOD")+-SUMIFS('Industrial Summary'!$G:$G,'Industrial Summary'!$F:$F,J$17,'Industrial Summary'!$D:$D,"IPLRSTM",'Industrial Summary'!$A:$A,"TOM")+-SUMIFS('Industrial Summary'!$G:$G,'Industrial Summary'!$F:$F,J$17,'Industrial Summary'!$D:$D,"IPLRSTM",'Industrial Summary'!$A:$A,"BLQ"))/SUMIFS('Industrial Summary'!$G:$G,'Industrial Summary'!$F:$F,J$17,'Industrial Summary'!$D:$D,$E51)),0))*0.98 -> 0 | K51: =(IF(SUMIFS('Industrial Summary'!$G:$G,'Industrial Summary'!$F:$F,K$17,'Industrial Summary'!$D:$D,$E51)>0,((-SUMIFS('Industrial Summary'!$G:$G,'Industrial Summary'!$F:$F,K$17,'Industrial Summary'!$D:$D,$E51,'Industrial Summary'!$A:$A,"BIO")+-SUMIFS('Industrial Summary'!$G:$G,'Industrial Summary'!$F:$F,K$17,'Industrial Summary'!$D:$D,$E51,'Industrial Summary'!$A:$A,"WOD")+-SUMIFS('Industrial Summary'!$G:$G,'Industrial Summary'!$F:$F,K$17,'Industrial Summary'!$D:$D,$E51,'Industrial Summary'!$A:$A,"TOM")+-SUMIFS('Industrial Summary'!$G:$G,'Industrial Summary'!$F:$F,K$17,'Industrial Summary'!$D:$D,"IPLRSTM",'Industrial Summary'!$A:$A,"BIO")+-SUMIFS('Industrial Summary'!$G:$G,'Industrial Summary'!$F:$F,K$17,'Industrial Summary'!$D:$D,"IPLRSTM",'Industrial Summary'!$A:$A,"WOD")+-SUMIFS('Industrial Summary'!$G:$G,'Industrial Summary'!$F:$F,K$17,'Industrial Summary'!$D:$D,"IPLRSTM",'Industrial Summary'!$A:$A,"TOM")+-SUMIFS('Industrial Summary'!$G:$G,'Industrial Summary'!$F:$F,K$17,'Industrial Summary'!$D:$D,"IPLRSTM",'Industrial Summary'!$A:$A,"BLQ"))/SUMIFS('Industrial Summary'!$G:$G,'Industrial Summary'!$F:$F,K$17,'Industrial Summary'!$D:$D,$E51)),0))*0.98 -> 0 | L51: =(IF(SUMIFS('Industrial Summary'!$G:$G,'Industrial Summary'!$F:$F,L$17,'Industrial Summary'!$D:$D,$E51)>0,((-SUMIFS('Industrial Summary'!$G:$G,'Industrial Summary'!$F:$F,L$17,'Industrial Summary'!$D:$D,$E51,'Industrial Summary'!$A:$A,"BIO")+-SUMIFS('Industrial Summary'!$G:$G,'Industrial Summary'!$F:$F,L$17,'Industrial Summary'!$D:$D,$E51,'Industrial Summary'!$A:$A,"WOD")+-SUMIFS('Industrial Summary'!$G:$G,'Industrial Summary'!$F:$F,L$17,'Industrial Summary'!$D:$D,$E51,'Industrial Summary'!$A:$A,"TOM")+-SUMIFS('Industrial Summary'!$G:$G,'Industrial Summary'!$F:$F,L$17,'Industrial Summary'!$D:$D,"IPLRSTM",'Industrial Summary'!$A:$A,"BIO")+-SUMIFS('Industrial Summary'!$G:$G,'Industrial Summary'!$F:$F,L$17,'Industrial Summary'!$D:$D,"IPLRSTM",'Industrial Summary'!$A:$A,"WOD")+-SUMIFS('Industrial Summary'!$G:$G,'Industrial Summary'!$F:$F,L$17,'Industrial Summary'!$D:$D,"IPLRSTM",'Industrial Summary'!$A:$A,"TOM")+-SUMIFS('Industrial Summary'!$G:$G,'Industrial Summary'!$F:$F,L$17,'Industrial Summary'!$D:$D,"IPLRSTM",'Industrial Summary'!$A:$A,"BLQ"))/SUMIFS('Industrial Summary'!$G:$G,'Industrial Summary'!$F:$F,L$17,'Industrial Summary'!$D:$D,$E51)),0))*0.98 -> -0.98 | M51: =(IF(SUMIFS('Industrial Summary'!$G:$G,'Industrial Summary'!$F:$F,M$17,'Industrial Summary'!$D:$D,$E51)>0,((-SUMIFS('Industrial Summary'!$G:$G,'Industrial Summary'!$F:$F,M$17,'Industrial Summary'!$D:$D,$E51,'Industrial Summary'!$A:$A,"BIO")+-SUMIFS('Industrial Summary'!$G:$G,'Industrial Summary'!$F:$F,M$17,'Industrial Summary'!$D:$D,$E51,'Industrial Summary'!$A:$A,"WOD")+-SUMIFS('Industrial Summary'!$G:$G,'Industrial Summary'!$F:$F,M$17,'Industrial Summary'!$D:$D,$E51,'Industrial Summary'!$A:$A,"TOM")+-SUMIFS('Industrial Summary'!$G:$G,'Industrial Summary'!$F:$F,M$17,'Industrial Summary'!$D:$D,"IPLRSTM",'Industrial Summary'!$A:$A,"BIO")+-SUMIFS('Industrial Summary'!$G:$G,'Industrial Summary'!$F:$F,M$17,'Industrial Summary'!$D:$D,"IPLRSTM",'Industrial Summary'!$A:$A,"WOD")+-SUMIFS('Industrial Summary'!$G:$G,'Industrial Summary'!$F:$F,M$17,'Industrial Summary'!$D:$D,"IPLRSTM",'Industrial Summary'!$A:$A,"TOM")+-SUMIFS('Industrial Summary'!$G:$G,'Industrial Summary'!$F:$F,M$17,'Industrial Summary'!$D:$D,"IPLRSTM",'Industrial Summary'!$A:$A,"BLQ"))/SUMIFS('Industrial Summary'!$G:$G,'Industrial Summary'!$F:$F,M$17,'Industrial Summary'!$D:$D,$E51)),0))*0.98 -> -0.98 | N51: =(IF(SUMIFS('Industrial Summary'!$G:$G,'Industrial Summary'!$F:$F,N$17,'Industrial Summary'!$D:$D,$E51)>0,((-SUMIFS('Industrial Summary'!$G:$G,'Industrial Summary'!$F:$F,N$17,'Industrial Summary'!$D:$D,$E51,'Industrial Summary'!$A:$A,"BIO")+-SUMIFS('Industrial Summary'!$G:$G,'Industrial Summary'!$F:$F,N$17,'Industrial Summary'!$D:$D,$E51,'Industrial Summary'!$A:$A,"WOD")+-SUMIFS('Industrial Summary'!$G:$G,'Industrial Summary'!$F:$F,N$17,'Industrial Summary'!$D:$D,$E51,'Industrial Summary'!$A:$A,"TOM")+-SUMIFS('Industrial Summary'!$G:$G,'Industrial Summary'!$F:$F,N$17,'Industrial Summary'!$D:$D,"IPLRSTM",'Industrial Summary'!$A:$A,"BIO")+-SUMIFS('Industrial Summary'!$G:$G,'Industrial Summary'!$F:$F,N$17,'Industrial Summary'!$D:$D,"IPLRSTM",'Industrial Summary'!$A:$A,"WOD")+-SUMIFS('Industrial Summary'!$G:$G,'Industrial Summary'!$F:$F,N$17,'Industrial Summary'!$D:$D,"IPLRSTM",'Industrial Summary'!$A:$A,"TOM")+-SUMIFS('Industrial Summary'!$G:$G,'Industrial Summary'!$F:$F,N$17,'Industrial Summary'!$D:$D,"IPLRSTM",'Industrial Summary'!$A:$A,"BLQ"))/SUMIFS('Industrial Summary'!$G:$G,'Industrial Summary'!$F:$F,N$17,'Industrial Summary'!$D:$D,$E51)),0))*0.98 -> -0.98 | O51: =(IF(SUMIFS('Industrial Summary'!$G:$G,'Industrial Summary'!$F:$F,O$17,'Industrial Summary'!$D:$D,$E51)>0,((-SUMIFS('Industrial Summary'!$G:$G,'Industrial Summary'!$F:$F,O$17,'Industrial Summary'!$D:$D,$E51,'Industrial Summary'!$A:$A,"BIO")+-SUMIFS('Industrial Summary'!$G:$G,'Industrial Summary'!$F:$F,O$17,'Industrial Summary'!$D:$D,$E51,'Industrial Summary'!$A:$A,"WOD")+-SUMIFS('Industrial Summary'!$G:$G,'Industrial Summary'!$F:$F,O$17,'Industrial Summary'!$D:$D,$E51,'Industrial Summary'!$A:$A,"TOM")+-SUMIFS('Industrial Summary'!$G:$G,'Industrial Summary'!$F:$F,O$17,'Industrial Summary'!$D:$D,"IPLRSTM",'Industrial Summary'!$A:$A,"BIO")+-SUMIFS('Industrial Summary'!$G:$G,'Industrial Summary'!$F:$F,O$17,'Industrial Summary'!$D:$D,"IPLRSTM",'Industrial Summary'!$A:$A,"WOD")+-SUMIFS('Industrial Summary'!$G:$G,'Industrial Summary'!$F:$F,O$17,'Industrial Summary'!$D:$D,"IPLRSTM",'Industrial Summary'!$A:$A,"TOM")+-SUMIFS('Industrial Summary'!$G:$G,'Industrial Summary'!$F:$F,O$17,'Industrial Summary'!$D:$D,"IPLRSTM",'Industrial Summary'!$A:$A,"BLQ"))/SUMIFS('Industrial Summary'!$G:$G,'Industrial Summary'!$F:$F,O$17,'Industrial Summary'!$D:$D,$E51)),0))*0.98 -> -0.98 | P51: =(IF(SUMIFS('Industrial Summary'!$G:$G,'Industrial Summary'!$F:$F,P$17,'Industrial Summary'!$D:$D,$E51)>0,((-SUMIFS('Industrial Summary'!$G:$G,'Industrial Summary'!$F:$F,P$17,'Industrial Summary'!$D:$D,$E51,'Industrial Summary'!$A:$A,"BIO")+-SUMIFS('Industrial Summary'!$G:$G,'Industrial Summary'!$F:$F,P$17,'Industrial Summary'!$D:$D,$E51,'Industrial Summary'!$A:$A,"WOD")+-SUMIFS('Industrial Summary'!$G:$G,'Industrial Summary'!$F:$F,P$17,'Industrial Summary'!$D:$D,$E51,'Industrial Summary'!$A:$A,"TOM")+-SUMIFS('Industrial Summary'!$G:$G,'Industrial Summary'!$F:$F,P$17,'Industrial Summary'!$D:$D,"IPLRSTM",'Industrial Summary'!$A:$A,"BIO")+-SUMIFS('Industrial Summary'!$G:$G,'Industrial Summary'!$F:$F,P$17,'Industrial Summary'!$D:$D,"IPLRSTM",'Industrial Summary'!$A:$A,"WOD")+-SUMIFS('Industrial Summary'!$G:$G,'Industrial Summary'!$F:$F,P$17,'Industrial Summary'!$D:$D,"IPLRSTM",'Industrial Summary'!$A:$A,"TOM")+-SUMIFS('Industrial Summary'!$G:$G,'Industrial Summary'!$F:$F,P$17,'Industrial Summary'!$D:$D,"IPLRSTM",'Industrial Summary'!$A:$A,"BLQ"))/SUMIFS('Industrial Summary'!$G:$G,'Industrial Summary'!$F:$F,P$17,'Industrial Summary'!$D:$D,$E51)),0))*0.98 -> -0.98 | Q51: 0 | R51: 15 | S51: =_xlfn.CONCAT("UC_",D51) -> UC_IPLOH_BIO | V51: =C51 -> S_IPLOHBIO | W51: =D51 -> IPLOH_BIO | X51: =E51 -> IPLOHT | Y51: =F51 -> LO | Z51: 1 | AA51: =H51*$AM51 -> -0.98 | AB51: =I51*$AM51 -> -0.98 | AC51: =J51*$AM51 -> 0 | AD51: =K51*$AM51 -> 0 | AE51: =L51*$AM51 -> -0.98 | AF51: =M51*$AM51 -> -0.98 | AG51: =N51*$AM51 -> -0.98 | AH51: =O51*$AM51 -> -0.98 | AI51: =P51*$AM51 -> -0.98 | AL51: =RIGHT(W51,3) -> BIO | AM51: =1 -> 1
C52: S_IPLOHPTC | D52: IPLOH_PTC | E52: IPLOHT | F52: LO | G52: 1 | H52: =(IF(SUMIFS('Industrial Summary'!$G:$G,'Industrial Summary'!$F:$F,H$17,'Industrial Summary'!$D:$D,$E52)>0,((-SUMIFS('Industrial Summary'!$G:$G,'Industrial Summary'!$F:$F,H$17,'Industrial Summary'!$D:$D,$E52,'Industrial Summary'!$A:$A,"PTC")+-SUMIFS('Industrial Summary'!$G:$G,'Industrial Summary'!$F:$F,H$17,'Industrial Summary'!$D:$D,"IPLRSTM",'Industrial Summary'!$A:$A,"PTC"))/SUMIFS('Industrial Summary'!$G:$G,'Industrial Summary'!$F:$F,H$17,'Industrial Summary'!$D:$D,$E52)),0))*0.98 -> 0 | I52: =(IF(SUMIFS('Industrial Summary'!$G:$G,'Industrial Summary'!$F:$F,I$17,'Industrial Summary'!$D:$D,$E52)>0,((-SUMIFS('Industrial Summary'!$G:$G,'Industrial Summary'!$F:$F,I$17,'Industrial Summary'!$D:$D,$E52,'Industrial Summary'!$A:$A,"PTC")+-SUMIFS('Industrial Summary'!$G:$G,'Industrial Summary'!$F:$F,I$17,'Industrial Summary'!$D:$D,"IPLRSTM",'Industrial Summary'!$A:$A,"PTC"))/SUMIFS('Industrial Summary'!$G:$G,'Industrial Summary'!$F:$F,I$17,'Industrial Summary'!$D:$D,$E52)),0))*0.98 -> 0 | J52: =(IF(SUMIFS('Industrial Summary'!$G:$G,'Industrial Summary'!$F:$F,J$17,'Industrial Summary'!$D:$D,$E52)>0,((-SUMIFS('Industrial Summary'!$G:$G,'Industrial Summary'!$F:$F,J$17,'Industrial Summary'!$D:$D,$E52,'Industrial Summary'!$A:$A,"PTC")+-SUMIFS('Industrial Summary'!$G:$G,'Industrial Summary'!$F:$F,J$17,'Industrial Summary'!$D:$D,"IPLRSTM",'Industrial Summary'!$A:$A,"PTC"))/SUMIFS('Industrial Summary'!$G:$G,'Industrial Summary'!$F:$F,J$17,'Industrial Summary'!$D:$D,$E52)),0))*0.98 -> 0 | K52: =(IF(SUMIFS('Industrial Summary'!$G:$G,'Industrial Summary'!$F:$F,K$17,'Industrial Summary'!$D:$D,$E52)>0,((-SUMIFS('Industrial Summary'!$G:$G,'Industrial Summary'!$F:$F,K$17,'Industrial Summary'!$D:$D,$E52,'Industrial Summary'!$A:$A,"PTC")+-SUMIFS('Industrial Summary'!$G:$G,'Industrial Summary'!$F:$F,K$17,'Industrial Summary'!$D:$D,"IPLRSTM",'Industrial Summary'!$A:$A,"PTC"))/SUMIFS('Industrial Summary'!$G:$G,'Industrial Summary'!$F:$F,K$17,'Industrial Summary'!$D:$D,$E52)),0))*0.98 -> 0 | L52: =(IF(SUMIFS('Industrial Summary'!$G:$G,'Industrial Summary'!$F:$F,L$17,'Industrial Summary'!$D:$D,$E52)>0,((-SUMIFS('Industrial Summary'!$G:$G,'Industrial Summary'!$F:$F,L$17,'Industrial Summary'!$D:$D,$E52,'Industrial Summary'!$A:$A,"PTC")+-SUMIFS('Industrial Summary'!$G:$G,'Industrial Summary'!$F:$F,L$17,'Industrial Summary'!$D:$D,"IPLRSTM",'Industrial Summary'!$A:$A,"PTC"))/SUMIFS('Industrial Summary'!$G:$G,'Industrial Summary'!$F:$F,L$17,'Industrial Summary'!$D:$D,$E52)),0))*0.98 -> 0 | M52: =(IF(SUMIFS('Industrial Summary'!$G:$G,'Industrial Summary'!$F:$F,M$17,'Industrial Summary'!$D:$D,$E52)>0,((-SUMIFS('Industrial Summary'!$G:$G,'Industrial Summary'!$F:$F,M$17,'Industrial Summary'!$D:$D,$E52,'Industrial Summary'!$A:$A,"PTC")+-SUMIFS('Industrial Summary'!$G:$G,'Industrial Summary'!$F:$F,M$17,'Industrial Summary'!$D:$D,"IPLRSTM",'Industrial Summary'!$A:$A,"PTC"))/SUMIFS('Industrial Summary'!$G:$G,'Industrial Summary'!$F:$F,M$17,'Industrial Summary'!$D:$D,$E52)),0))*0.98 -> 0 | N52: =(IF(SUMIFS('Industrial Summary'!$G:$G,'Industrial Summary'!$F:$F,N$17,'Industrial Summary'!$D:$D,$E52)>0,((-SUMIFS('Industrial Summary'!$G:$G,'Industrial Summary'!$F:$F,N$17,'Industrial Summary'!$D:$D,$E52,'Industrial Summary'!$A:$A,"PTC")+-SUMIFS('Industrial Summary'!$G:$G,'Industrial Summary'!$F:$F,N$17,'Industrial Summary'!$D:$D,"IPLRSTM",'Industrial Summary'!$A:$A,"PTC"))/SUMIFS('Industrial Summary'!$G:$G,'Industrial Summary'!$F:$F,N$17,'Industrial Summary'!$D:$D,$E52)),0))*0.98 -> 0 | O52: =(IF(SUMIFS('Industrial Summary'!$G:$G,'Industrial Summary'!$F:$F,O$17,'Industrial Summary'!$D:$D,$E52)>0,((-SUMIFS('Industrial Summary'!$G:$G,'Industrial Summary'!$F:$F,O$17,'Industrial Summary'!$D:$D,$E52,'Industrial Summary'!$A:$A,"PTC")+-SUMIFS('Industrial Summary'!$G:$G,'Industrial Summary'!$F:$F,O$17,'Industrial Summary'!$D:$D,"IPLRSTM",'Industrial Summary'!$A:$A,"PTC"))/SUMIFS('Industrial Summary'!$G:$G,'Industrial Summary'!$F:$F,O$17,'Industrial Summary'!$D:$D,$E52)),0))*0.98 -> 0 | P52: =(IF(SUMIFS('Industrial Summary'!$G:$G,'Industrial Summary'!$F:$F,P$17,'Industrial Summary'!$D:$D,$E52)>0,((-SUMIFS('Industrial Summary'!$G:$G,'Industrial Summary'!$F:$F,P$17,'Industrial Summary'!$D:$D,$E52,'Industrial Summary'!$A:$A,"PTC")+-SUMIFS('Industrial Summary'!$G:$G,'Industrial Summary'!$F:$F,P$17,'Industrial Summary'!$D:$D,"IPLRSTM",'Industrial Summary'!$A:$A,"PTC"))/SUMIFS('Industrial Summary'!$G:$G,'Industrial Summary'!$F:$F,P$17,'Industrial Summary'!$D:$D,$E52)),0))*0.98 -> 0 | Q52: 0 | R52: 15 | S52: =_xlfn.CONCAT("UC_",D52) -> UC_IPLOH_PTC | V52: =C52 -> S_IPLOHPTC | W52: =D52 -> IPLOH_PTC | X52: =E52 -> IPLOHT | Y52: =F52 -> LO | Z52: 1 | AA52: =H52*$AM52 -> 0 | AB52: =I52*$AM52 -> 0 | AC52: =J52*$AM52 -> 0 | AD52: =K52*$AM52 -> 0 | AE52: =L52*$AM52 -> 0 | AF52: =M52*$AM52 -> 0 | AG52: =N52*$AM52 -> 0 | AH52: =O52*$AM52 -> 0 | AI52: =P52*$AM52 -> 0 | AL52: =RIGHT(W52,3) -> PTC | AM52: =1 -> 1
C53: S_IPLOHOTP | D53: IPLOH_OTP | E53: IPLOHT | F53: LO | G53: 1 | H53: =(IF(SUMIFS('Industrial Summary'!$G:$G,'Industrial Summary'!$F:$F,H$17,'Industrial Summary'!$D:$D,$E53)>0,((-SUMIFS('Industrial Summary'!$G:$G,'Industrial Summary'!$F:$F,H$17,'Industrial Summary'!$D:$D,$E53,'Industrial Summary'!$A:$A,"OTP")+-SUMIFS('Industrial Summary'!$G:$G,'Industrial Summary'!$F:$F,H$17,'Industrial Summary'!$D:$D,"IPLRSTM",'Industrial Summary'!$A:$A,"OTP"))/SUMIFS('Industrial Summary'!$G:$G,'Industrial Summary'!$F:$F,H$17,'Industrial Summary'!$D:$D,$E53)),0))*0.98 -> 0 | I53: =(IF(SUMIFS('Industrial Summary'!$G:$G,'Industrial Summary'!$F:$F,I$17,'Industrial Summary'!$D:$D,$E53)>0,((-SUMIFS('Industrial Summary'!$G:$G,'Industrial Summary'!$F:$F,I$17,'Industrial Summary'!$D:$D,$E53,'Industrial Summary'!$A:$A,"OTP")+-SUMIFS('Industrial Summary'!$G:$G,'Industrial Summary'!$F:$F,I$17,'Industrial Summary'!$D:$D,"IPLRSTM",'Industrial Summary'!$A:$A,"OTP"))/SUMIFS('Industrial Summary'!$G:$G,'Industrial Summary'!$F:$F,I$17,'Industrial Summary'!$D:$D,$E53)),0))*0.98 -> 0 | J53: =(IF(SUMIFS('Industrial Summary'!$G:$G,'Industrial Summary'!$F:$F,J$17,'Industrial Summary'!$D:$D,$E53)>0,((-SUMIFS('Industrial Summary'!$G:$G,'Industrial Summary'!$F:$F,J$17,'Industrial Summary'!$D:$D,$E53,'Industrial Summary'!$A:$A,"OTP")+-SUMIFS('Industrial Summary'!$G:$G,'Industrial Summary'!$F:$F,J$17,'Industrial Summary'!$D:$D,"IPLRSTM",'Industrial Summary'!$A:$A,"OTP"))/SUMIFS('Industrial Summary'!$G:$G,'Industrial Summary'!$F:$F,J$17,'Industrial Summary'!$D:$D,$E53)),0))*0.98 -> 0 | K53: =(IF(SUMIFS('Industrial Summary'!$G:$G,'Industrial Summary'!$F:$F,K$17,'Industrial Summary'!$D:$D,$E53)>0,((-SUMIFS('Industrial Summary'!$G:$G,'Industrial Summary'!$F:$F,K$17,'Industrial Summary'!$D:$D,$E53,'Industrial Summary'!$A:$A,"OTP")+-SUMIFS('Industrial Summary'!$G:$G,'Industrial Summary'!$F:$F,K$17,'Industrial Summary'!$D:$D,"IPLRSTM",'Industrial Summary'!$A:$A,"OTP"))/SUMIFS('Industrial Summary'!$G:$G,'Industrial Summary'!$F:$F,K$17,'Industrial Summary'!$D:$D,$E53)),0))*0.98 -> 0 | L53: =(IF(SUMIFS('Industrial Summary'!$G:$G,'Industrial Summary'!$F:$F,L$17,'Industrial Summary'!$D:$D,$E53)>0,((-SUMIFS('Industrial Summary'!$G:$G,'Industrial Summary'!$F:$F,L$17,'Industrial Summary'!$D:$D,$E53,'Industrial Summary'!$A:$A,"OTP")+-SUMIFS('Industrial Summary'!$G:$G,'Industrial Summary'!$F:$F,L$17,'Industrial Summary'!$D:$D,"IPLRSTM",'Industrial Summary'!$A:$A,"OTP"))/SUMIFS('Industrial Summary'!$G:$G,'Industrial Summary'!$F:$F,L$17,'Industrial Summary'!$D:$D,$E53)),0))*0.98 -> 0 | M53: =(IF(SUMIFS('Industrial Summary'!$G:$G,'Industrial Summary'!$F:$F,M$17,'Industrial Summary'!$D:$D,$E53)>0,((-SUMIFS('Industrial Summary'!$G:$G,'Industrial Summary'!$F:$F,M$17,'Industrial Summary'!$D:$D,$E53,'Industrial Summary'!$A:$A,"OTP")+-SUMIFS('Industrial Summary'!$G:$G,'Industrial Summary'!$F:$F,M$17,'Industrial Summary'!$D:$D,"IPLRSTM",'Industrial Summary'!$A:$A,"OTP"))/SUMIFS('Industrial Summary'!$G:$G,'Industrial Summary'!$F:$F,M$17,'Industrial Summary'!$D:$D,$E53)),0))*0.98 -> 0 | N53: =(IF(SUMIFS('Industrial Summary'!$G:$G,'Industrial Summary'!$F:$F,N$17,'Industrial Summary'!$D:$D,$E53)>0,((-SUMIFS('Industrial Summary'!$G:$G,'Industrial Summary'!$F:$F,N$17,'Industrial Summary'!$D:$D,$E53,'Industrial Summary'!$A:$A,"OTP")+-SUMIFS('Industrial Summary'!$G:$G,'Industrial Summary'!$F:$F,N$17,'Industrial Summary'!$D:$D,"IPLRSTM",'Industrial Summary'!$A:$A,"OTP"))/SUMIFS('Industrial Summary'!$G:$G,'Industrial Summary'!$F:$F,N$17,'Industrial Summary'!$D:$D,$E53)),0))*0.98 -> 0 | O53: =(IF(SUMIFS('Industrial Summary'!$G:$G,'Industrial Summary'!$F:$F,O$17,'Industrial Summary'!$D:$D,$E53)>0,((-SUMIFS('Industrial Summary'!$G:$G,'Industrial Summary'!$F:$F,O$17,'Industrial Summary'!$D:$D,$E53,'Industrial Summary'!$A:$A,"OTP")+-SUMIFS('Industrial Summary'!$G:$G,'Industrial Summary'!$F:$F,O$17,'Industrial Summary'!$D:$D,"IPLRSTM",'Industrial Summary'!$A:$A,"OTP"))/SUMIFS('Industrial Summary'!$G:$G,'Industrial Summary'!$F:$F,O$17,'Industrial Summary'!$D:$D,$E53)),0))*0.98 -> 0 | P53: =(IF(SUMIFS('Industrial Summary'!$G:$G,'Industrial Summary'!$F:$F,P$17,'Industrial Summary'!$D:$D,$E53)>0,((-SUMIFS('Industrial Summary'!$G:$G,'Industrial Summary'!$F:$F,P$17,'Industrial Summary'!$D:$D,$E53,'Industrial Summary'!$A:$A,"OTP")+-SUMIFS('Industrial Summary'!$G:$G,'Industrial Summary'!$F:$F,P$17,'Industrial Summary'!$D:$D,"IPLRSTM",'Industrial Summary'!$A:$A,"OTP"))/SUMIFS('Industrial Summary'!$G:$G,'Industrial Summary'!$F:$F,P$17,'Industrial Summary'!$D:$D,$E53)),0))*0.98 -> 0 | Q53: 0 | R53: 15 | S53: =_xlfn.CONCAT("UC_",D53) -> UC_IPLOH_OTP | V53: =C53 -> S_IPLOHOTP | W53: =D53 -> IPLOH_OTP | X53: =E53 -> IPLOHT | Y53: =F53 -> LO | Z53: 1 | AA53: =H53*$AM53 -> 0 | AB53: =I53*$AM53 -> 0 | AC53: =J53*$AM53 -> 0 | AD53: =K53*$AM53 -> 0 | AE53: =L53*$AM53 -> 0 | AF53: =M53*$AM53 -> 0 | AG53: =N53*$AM53 -> 0 | AH53: =O53*$AM53 -> 0 | AI53: =P53*$AM53 -> 0 | AL53: =RIGHT(W53,3) -> OTP | AM53: =1 -> 1
C54: S_IPASTELC | D54: IPAST_ELC | E54: IPASTM | F54: LO | G54: 1 | H54: =(IF(SUMIFS('Industrial Summary'!$G:$G,'Industrial Summary'!$F:$F,H$17,'Industrial Summary'!$D:$D,$E54)>0,((-SUMIFS('Industrial Summary'!$G:$G,'Industrial Summary'!$F:$F,H$17,'Industrial Summary'!$D:$D,$E54,'Industrial Summary'!$A:$A,"ELC")+-SUMIFS('Industrial Summary'!$G:$G,'Industrial Summary'!$F:$F,H$17,'Industrial Summary'!$D:$D,"IPAFSTM",'Industrial Summary'!$A:$A,"ELC"))/SUMIFS('Industrial Summary'!$G:$G,'Industrial Summary'!$F:$F,H$17,'Industrial Summary'!$D:$D,$E54)),0))*0.98 -> -0.0013432414 | I54: =(IF(SUMIFS('Industrial Summary'!$G:$G,'Industrial Summary'!$F:$F,I$17,'Industrial Summary'!$D:$D,$E54)>0,((-SUMIFS('Industrial Summary'!$G:$G,'Industrial Summary'!$F:$F,I$17,'Industrial Summary'!$D:$D,$E54,'Industrial Summary'!$A:$A,"ELC")+-SUMIFS('Industrial Summary'!$G:$G,'Industrial Summary'!$F:$F,I$17,'Industrial Summary'!$D:$D,"IPAFSTM",'Industrial Summary'!$A:$A,"ELC"))/SUMIFS('Industrial Summary'!$G:$G,'Industrial Summary'!$F:$F,I$17,'Industrial Summary'!$D:$D,$E54)),0))*0.98 -> -0.0017949409 | J54: =(IF(SUMIFS('Industrial Summary'!$G:$G,'Industrial Summary'!$F:$F,J$17,'Industrial Summary'!$D:$D,$E54)>0,((-SUMIFS('Industrial Summary'!$G:$G,'Industrial Summary'!$F:$F,J$17,'Industrial Summary'!$D:$D,$E54,'Industrial Summary'!$A:$A,"ELC")+-SUMIFS('Industrial Summary'!$G:$G,'Industrial Summary'!$F:$F,J$17,'Industrial Summary'!$D:$D,"IPAFSTM",'Industrial Summary'!$A:$A,"ELC"))/SUMIFS('Industrial Summary'!$G:$G,'Industrial Summary'!$F:$F,J$17,'Industrial Summary'!$D:$D,$E54)),0))*0.98 -> -0.0077483423 | K54: =(IF(SUMIFS('Industrial Summary'!$G:$G,'Industrial Summary'!$F:$F,K$17,'Industrial Summary'!$D:$D,$E54)>0,((-SUMIFS('Industrial Summary'!$G:$G,'Industrial Summary'!$F:$F,K$17,'Industrial Summary'!$D:$D,$E54,'Industrial Summary'!$A:$A,"ELC")+-SUMIFS('Industrial Summary'!$G:$G,'Industrial Summary'!$F:$F,K$17,'Industrial Summary'!$D:$D,"IPAFSTM",'Industrial Summary'!$A:$A,"ELC"))/SUMIFS('Industrial Summary'!$G:$G,'Industrial Summary'!$F:$F,K$17,'Industrial Summary'!$D:$D,$E54)),0))*0.98 -> -0.024203155 | L54: =(IF(SUMIFS('Industrial Summary'!$G:$G,'Industrial Summary'!$F:$F,L$17,'Industrial Summary'!$D:$D,$E54)>0,((-SUMIFS('Industrial Summary'!$G:$G,'Industrial Summary'!$F:$F,L$17,'Industrial Summary'!$D:$D,$E54,'Industrial Summary'!$A:$A,"ELC")+-SUMIFS('Industrial Summary'!$G:$G,'Industrial Summary'!$F:$F,L$17,'Industrial Summary'!$D:$D,"IPAFSTM",'Industrial Summary'!$A:$A,"ELC"))/SUMIFS('Industrial Summary'!$G:$G,'Industrial Summary'!$F:$F,L$17,'Industrial Summary'!$D:$D,$E54)),0))*0.98 -> -0.0042359998 | M54: =(IF(SUMIFS('Industrial Summary'!$G:$G,'Industrial Summary'!$F:$F,M$17,'Industrial Summary'!$D:$D,$E54)>0,((-SUMIFS('Industrial Summary'!$G:$G,'Industrial Summary'!$F:$F,M$17,'Industrial Summary'!$D:$D,$E54,'Industrial Summary'!$A:$A,"ELC")+-SUMIFS('Industrial Summary'!$G:$G,'Industrial Summary'!$F:$F,M$17,'Industrial Summary'!$D:$D,"IPAFSTM",'Industrial Summary'!$A:$A,"ELC"))/SUMIFS('Industrial Summary'!$G:$G,'Industrial Summary'!$F:$F,M$17,'Industrial Summary'!$D:$D,$E54)),0))*0.98 -> -0.005617904 | N54: =(IF(SUMIFS('Industrial Summary'!$G:$G,'Industrial Summary'!$F:$F,N$17,'Industrial Summary'!$D:$D,$E54)>0,((-SUMIFS('Industrial Summary'!$G:$G,'Industrial Summary'!$F:$F,N$17,'Industrial Summary'!$D:$D,$E54,'Industrial Summary'!$A:$A,"ELC")+-SUMIFS('Industrial Summary'!$G:$G,'Industrial Summary'!$F:$F,N$17,'Industrial Summary'!$D:$D,"IPAFSTM",'Industrial Summary'!$A:$A,"ELC"))/SUMIFS('Industrial Summary'!$G:$G,'Industrial Summary'!$F:$F,N$17,'Industrial Summary'!$D:$D,$E54)),0))*0.98 -> -0.0074118545 | O54: =(IF(SUMIFS('Industrial Summary'!$G:$G,'Industrial Summary'!$F:$F,O$17,'Industrial Summary'!$D:$D,$E54)>0,((-SUMIFS('Industrial Summary'!$G:$G,'Industrial Summary'!$F:$F,O$17,'Industrial Summary'!$D:$D,$E54,'Industrial Summary'!$A:$A,"ELC")+-SUMIFS('Industrial Summary'!$G:$G,'Industrial Summary'!$F:$F,O$17,'Industrial Summary'!$D:$D,"IPAFSTM",'Industrial Summary'!$A:$A,"ELC"))/SUMIFS('Industrial Summary'!$G:$G,'Industrial Summary'!$F:$F,O$17,'Industrial Summary'!$D:$D,$E54)),0))*0.98 -> -0.0086453633 | P54: =(IF(SUMIFS('Industrial Summary'!$G:$G,'Industrial Summary'!$F:$F,P$17,'Industrial Summary'!$D:$D,$E54)>0,((-SUMIFS('Industrial Summary'!$G:$G,'Industrial Summary'!$F:$F,P$17,'Industrial Summary'!$D:$D,$E54,'Industrial Summary'!$A:$A,"ELC")+-SUMIFS('Industrial Summary'!$G:$G,'Industrial Summary'!$F:$F,P$17,'Industrial Summary'!$D:$D,"IPAFSTM",'Industrial Summary'!$A:$A,"ELC"))/SUMIFS('Industrial Summary'!$G:$G,'Industrial Summary'!$F:$F,P$17,'Industrial Summary'!$D:$D,$E54)),0))*0.98 -> 0 | Q54: 0 | R54: 15 | S54: =_xlfn.CONCAT("UC_",D54) -> UC_IPAST_ELC | V54: =C54 -> S_IPASTELC | W54: =D54 -> IPAST_ELC | X54: =E54 -> IPASTM | Y54: =F54 -> LO | Z54: 1 | AA54: =H54*$AM54 -> -0.0013432414 | AB54: =I54*$AM54 -> -0.0017949409 | AC54: =J54*$AM54 -> -0.0077483423 | AD54: =K54*$AM54 -> -0.024203155 | AE54: =L54*$AM54 -> -0.0042359998 | AF54: =M54*$AM54 -> -0.005617904 | AG54: =N54*$AM54 -> -0.0074118545 | AH54: =O54*$AM54 -> -0.0086453633 | AI54: =P54*$AM54 -> 0 | AL54: =RIGHT(W54,3) -> ELC | AM54: =1 -> 1
C55: S_IPASTRFL | D55: IPAST_RFL | E55: IPASTM | F55: LO | G55: 1 | H55: =(IF(SUMIFS('Industrial Summary'!$G:$G,'Industrial Summary'!$F:$F,H$17,'Industrial Summary'!$D:$D,$E55)>0,((-SUMIFS('Industrial Summary'!$G:$G,'Industrial Summary'!$F:$F,H$17,'Industrial Summary'!$D:$D,$E55,'Industrial Summary'!$A:$A,"RFL")+-SUMIFS('Industrial Summary'!$G:$G,'Industrial Summary'!$F:$F,H$17,'Industrial Summary'!$D:$D,"IPAFSTM",'Industrial Summary'!$A:$A,"RFL"))/SUMIFS('Industrial Summary'!$G:$G,'Industrial Summary'!$F:$F,H$17,'Industrial Summary'!$D:$D,$E55)),0))*0.98 -> 0 | I55: =(IF(SUMIFS('Industrial Summary'!$G:$G,'Industrial Summary'!$F:$F,I$17,'Industrial Summary'!$D:$D,$E55)>0,((-SUMIFS('Industrial Summary'!$G:$G,'Industrial Summary'!$F:$F,I$17,'Industrial Summary'!$D:$D,$E55,'Industrial Summary'!$A:$A,"RFL")+-SUMIFS('Industrial Summary'!$G:$G,'Industrial Summary'!$F:$F,I$17,'Industrial Summary'!$D:$D,"IPAFSTM",'Industrial Summary'!$A:$A,"RFL"))/SUMIFS('Industrial Summary'!$G:$G,'Industrial Summary'!$F:$F,I$17,'Industrial Summary'!$D:$D,$E55)),0))*0.98 -> -0.50326806 | J55: =(IF(SUMIFS('Industrial Summary'!$G:$G,'Industrial Summary'!$F:$F,J$17,'Industrial Summary'!$D:$D,$E55)>0,((-SUMIFS('Industrial Summary'!$G:$G,'Industrial Summary'!$F:$F,J$17,'Industrial Summary'!$D:$D,$E55,'Industrial Summary'!$A:$A,"RFL")+-SUMIFS('Industrial Summary'!$G:$G,'Industrial Summary'!$F:$F,J$17,'Industrial Summary'!$D:$D,"IPAFSTM",'Industrial Summary'!$A:$A,"RFL"))/SUMIFS('Industrial Summary'!$G:$G,'Industrial Summary'!$F:$F,J$17,'Industrial Summary'!$D:$D,$E55)),0))*0.98 -> 0 | K55: =(IF(SUMIFS('Industrial Summary'!$G:$G,'Industrial Summary'!$F:$F,K$17,'Industrial Summary'!$D:$D,$E55)>0,((-SUMIFS('Industrial Summary'!$G:$G,'Industrial Summary'!$F:$F,K$17,'Industrial Summary'!$D:$D,$E55,'Industrial Summary'!$A:$A,"RFL")+-SUMIFS('Industrial Summary'!$G:$G,'Industrial Summary'!$F:$F,K$17,'Industrial Summary'!$D:$D,"IPAFSTM",'Industrial Summary'!$A:$A,"RFL"))/SUMIFS('Industrial Summary'!$G:$G,'Industrial Summary'!$F:$F,K$17,'Industrial Summary'!$D:$D,$E55)),0))*0.98 -> -0.01728506 | L55: =(IF(SUMIFS('Industrial Summary'!$G:$G,'Industrial Summary'!$F:$F,L$17,'Industrial Summary'!$D:$D,$E55)>0,((-SUMIFS('Industrial Summary'!$G:$G,'Industrial Summary'!$F:$F,L$17,'Industrial Summary'!$D:$D,$E55,'Industrial Summary'!$A:$A,"RFL")+-SUMIFS('Industrial Summary'!$G:$G,'Industrial Summary'!$F:$F,L$17,'Industrial Summary'!$D:$D,"IPAFSTM",'Industrial Summary'!$A:$A,"RFL"))/SUMIFS('Industrial Summary'!$G:$G,'Industrial Summary'!$F:$F,L$17,'Industrial Summary'!$D:$D,$E55)),0))*0.98 -> 0 | M55: =(IF(SUMIFS('Industrial Summary'!$G:$G,'Industrial Summary'!$F:$F,M$17,'Industrial Summary'!$D:$D,$E55)>0,((-SUMIFS('Industrial Summary'!$G:$G,'Industrial Summary'!$F:$F,M$17,'Industrial Summary'!$D:$D,$E55,'Industrial Summary'!$A:$A,"RFL")+-SUMIFS('Industrial Summary'!$G:$G,'Industrial Summary'!$F:$F,M$17,'Industrial Summary'!$D:$D,"IPAFSTM",'Industrial Summary'!$A:$A,"RFL"))/SUMIFS('Industrial Summary'!$G:$G,'Industrial Summary'!$F:$F,M$17,'Industrial Summary'!$D:$D,$E55)),0))*0.98 -> -0.0038690659 | N55: =(IF(SUMIFS('Industrial Summary'!$G:$G,'Industrial Summary'!$F:$F,N$17,'Industrial Summary'!$D:$D,$E55)>0,((-SUMIFS('Industrial Summary'!$G:$G,'Industrial Summary'!$F:$F,N$17,'Industrial Summary'!$D:$D,$E55,'Industrial Summary'!$A:$A,"RFL")+-SUMIFS('Industrial Summary'!$G:$G,'Industrial Summary'!$F:$F,N$17,'Industrial Summary'!$D:$D,"IPAFSTM",'Industrial Summary'!$A:$A,"RFL"))/SUMIFS('Industrial Summary'!$G:$G,'Industrial Summary'!$F:$F,N$17,'Industrial Summary'!$D:$D,$E55)),0))*0.98 -> 0 | O55: =(IF(SUMIFS('Industrial Summary'!$G:$G,'Industrial Summary'!$F:$F,O$17,'Industrial Summary'!$D:$D,$E55)>0,((-SUMIFS('Industrial Summary'!$G:$G,'Industrial Summary'!$F:$F,O$17,'Industrial Summary'!$D:$D,$E55,'Industrial Summary'!$A:$A,"RFL")+-SUMIFS('Industrial Summary'!$G:$G,'Industrial Summary'!$F:$F,O$17,'Industrial Summary'!$D:$D,"IPAFSTM",'Industrial Summary'!$A:$A,"RFL"))/SUMIFS('Industrial Summary'!$G:$G,'Industrial Summary'!$F:$F,O$17,'Industrial Summary'!$D:$D,$E55)),0))*0.98 -> 0 | P55: =(IF(SUMIFS('Industrial Summary'!$G:$G,'Industrial Summary'!$F:$F,P$17,'Industrial Summary'!$D:$D,$E55)>0,((-SUMIFS('Industrial Summary'!$G:$G,'Industrial Summary'!$F:$F,P$17,'Industrial Summary'!$D:$D,$E55,'Industrial Summary'!$A:$A,"RFL")+-SUMIFS('Industrial Summary'!$G:$G,'Industrial Summary'!$F:$F,P$17,'Industrial Summary'!$D:$D,"IPAFSTM",'Industrial Summary'!$A:$A,"RFL"))/SUMIFS('Industrial Summary'!$G:$G,'Industrial Summary'!$F:$F,P$17,'Industrial Summary'!$D:$D,$E55)),0))*0.98 -> 0 | Q55: 0 | R55: 15 | S55: =_xlfn.CONCAT("UC_",D55) -> UC_IPAST_RFL | V55: =C55 -> S_IPASTRFL | W55: =D55 -> IPAST_RFL | X55: =E55 -> IPASTM | Y55: =F55 -> LO | Z55: 1 | AA55: =H55*$AM55 -> 0 | AB55: =I55*$AM55 -> -0.50326806 | AC55: =J55*$AM55 -> 0 | AD55: =K55*$AM55 -> -0.01728506 | AE55: =L55*$AM55 -> 0 | AF55: =M55*$AM55 -> -0.0038690659 | AG55: =N55*$AM55 -> 0 | AH55: =O55*$AM55 -> 0 | AI55: =P55*$AM55 -> 0 | AL55: =RIGHT(W55,3) -> RFL | AM55: =1 -> 1
C56: S_IPASTNGA | D56: IPAST_NGA | E56: IPASTM | F56: LO | G56: 1 | H56: =(IF(SUMIFS('Industrial Summary'!$G:$G,'Industrial Summary'!$F:$F,H$17,'Industrial Summary'!$D:$D,$E56)>0,((-SUMIFS('Industrial Summary'!$G:$G,'Industrial Summary'!$F:$F,H$17,'Industrial Summary'!$D:$D,$E56,'Industrial Summary'!$A:$A,"NGA")+-SUMIFS('Industrial Summary'!$G:$G,'Industrial Summary'!$F:$F,H$17,'Industrial Summary'!$D:$D,"IPAFSTM",'Industrial Summary'!$A:$A,"NGA"))/SUMIFS('Industrial Summary'!$G:$G,'Industrial Summary'!$F:$F,H$17,'Industrial Summary'!$D:$D,$E56)),0))*0.98 -> -0.015935233 | I56: =(IF(SUMIFS('Industrial Summary'!$G:$G,'Industrial Summary'!$F:$F,I$17,'Industrial Summary'!$D:$D,$E56)>0,((-SUMIFS('Industrial Summary'!$G:$G,'Industrial Summary'!$F:$F,I$17,'Industrial Summary'!$D:$D,$E56,'Industrial Summary'!$A:$A,"NGA")+-SUMIFS('Industrial Summary'!$G:$G,'Industrial Summary'!$F:$F,I$17,'Industrial Summary'!$D:$D,"IPAFSTM",'Industrial Summary'!$A:$A,"NGA"))/SUMIFS('Industrial Summary'!$G:$G,'Industrial Summary'!$F:$F,I$17,'Industrial Summary'!$D:$D,$E56)),0))*0.98 -> -0.17234757 | J56: =(IF(SUMIFS('Industrial Summary'!$G:$G,'Industrial Summary'!$F:$F,J$17,'Industrial Summary'!$D:$D,$E56)>0,((-SUMIFS('Industrial Summary'!$G:$G,'Industrial Summary'!$F:$F,J$17,'Industrial Summary'!$D:$D,$E56,'Industrial Summary'!$A:$A,"NGA")+-SUMIFS('Industrial Summary'!$G:$G,'Industrial Summary'!$F:$F,J$17,'Industrial Summary'!$D:$D,"IPAFSTM",'Industrial Summary'!$A:$A,"NGA"))/SUMIFS('Industrial Summary'!$G:$G,'Industrial Summary'!$F:$F,J$17,'Industrial Summary'!$D:$D,$E56)),0))*0.98 -> 0 | K56: =(IF(SUMIFS('Industrial Summary'!$G:$G,'Industrial Summary'!$F:$F,K$17,'Industrial Summary'!$D:$D,$E56)>0,((-SUMIFS('Industrial Summary'!$G:$G,'Industrial Summary'!$F:$F,K$17,'Industrial Summary'!$D:$D,$E56,'Industrial Summary'!$A:$A,"NGA")+-SUMIFS('Industrial Summary'!$G:$G,'Industrial Summary'!$F:$F,K$17,'Industrial Summary'!$D:$D,"IPAFSTM",'Industrial Summary'!$A:$A,"NGA"))/SUMIFS('Industrial Summary'!$G:$G,'Industrial Summary'!$F:$F,K$17,'Industrial Summary'!$D:$D,$E56)),0))*0.98 -> -0.5152715 | L56: =(IF(SUMIFS('Industrial Summary'!$G:$G,'Industrial Summary'!$F:$F,L$17,'Industrial Summary'!$D:$D,$E56)>0,((-SUMIFS('Industrial Summary'!$G:$G,'Industrial Summary'!$F:$F,L$17,'Industrial Summary'!$D:$D,$E56,'Industrial Summary'!$A:$A,"NGA")+-SUMIFS('Industrial Summary'!$G:$G,'Industrial Summary'!$F:$F,L$17,'Industrial Summary'!$D:$D,"IPAFSTM",'Industrial Summary'!$A:$A,"NGA"))/SUMIFS('Industrial Summary'!$G:$G,'Industrial Summary'!$F:$F,L$17,'Industrial Summary'!$D:$D,$E56)),0))*0.98 -> 0 | M56: =(IF(SUMIFS('Industrial Summary'!$G:$G,'Industrial Summary'!$F:$F,M$17,'Industrial Summary'!$D:$D,$E56)>0,((-SUMIFS('Industrial Summary'!$G:$G,'Industrial Summary'!$F:$F,M$17,'Industrial Summary'!$D:$D,$E56,'Industrial Summary'!$A:$A,"NGA")+-SUMIFS('Industrial Summary'!$G:$G,'Industrial Summary'!$F:$F,M$17,'Industrial Summary'!$D:$D,"IPAFSTM",'Industrial Summary'!$A:$A,"NGA"))/SUMIFS('Industrial Summary'!$G:$G,'Industrial Summary'!$F:$F,M$17,'Industrial Summary'!$D:$D,$E56)),0))*0.98 -> -0.58307922 | N56: =(IF(SUMIFS('Industrial Summary'!$G:$G,'Industrial Summary'!$F:$F,N$17,'Industrial Summary'!$D:$D,$E56)>0,((-SUMIFS('Industrial Summary'!$G:$G,'Industrial Summary'!$F:$F,N$17,'Industrial Summary'!$D:$D,$E56,'Industrial Summary'!$A:$A,"NGA")+-SUMIFS('Industrial Summary'!$G:$G,'Industrial Summary'!$F:$F,N$17,'Industrial Summary'!$D:$D,"IPAFSTM",'Industrial Summary'!$A:$A,"NGA"))/SUMIFS('Industrial Summary'!$G:$G,'Industrial Summary'!$F:$F,N$17,'Industrial Summary'!$D:$D,$E56)),0))*0.98 -> -0.072960365 | O56: =(IF(SUMIFS('Industrial Summary'!$G:$G,'Industrial Summary'!$F:$F,O$17,'Industrial Summary'!$D:$D,$E56)>0,((-SUMIFS('Industrial Summary'!$G:$G,'Industrial Summary'!$F:$F,O$17,'Industrial Summary'!$D:$D,$E56,'Industrial Summary'!$A:$A,"NGA")+-SUMIFS('Industrial Summary'!$G:$G,'Industrial Summary'!$F:$F,O$17,'Industrial Summary'!$D:$D,"IPAFSTM",'Industrial Summary'!$A:$A,"NGA"))/SUMIFS('Industrial Summary'!$G:$G,'Industrial Summary'!$F:$F,O$17,'Industrial Summary'!$D:$D,$E56)),0))*0.98 -> 0 | P56: =(IF(SUMIFS('Industrial Summary'!$G:$G,'Industrial Summary'!$F:$F,P$17,'Industrial Summary'!$D:$D,$E56)>0,((-SUMIFS('Industrial Summary'!$G:$G,'Industrial Summary'!$F:$F,P$17,'Industrial Summary'!$D:$D,$E56,'Industrial Summary'!$A:$A,"NGA")+-SUMIFS('Industrial Summary'!$G:$G,'Industrial Summary'!$F:$F,P$17,'Industrial Summary'!$D:$D,"IPAFSTM",'Industrial Summary'!$A:$A,"NGA"))/SUMIFS('Industrial Summary'!$G:$G,'Industrial Summary'!$F:$F,P$17,'Industrial Summary'!$D:$D,$E56)),0))*0.98 -> -0.98 | Q56: 0 | R56: 15 | S56: =_xlfn.CONCAT("UC_",D56) -> UC_IPAST_NGA | V56: =C56 -> S_IPASTNGA | W56: =D56 -> IPAST_NGA | X56: =E56 -> IPASTM | Y56: =F56 -> LO | Z56: 1 | AA56: =H56*$AM56 -> -0.010835958 | AB56: =I56*$AM56 -> -0.11719635 | AC56: =J56*$AM56 -> 0 | AD56: =K56*$AM56 -> -0.35038462 | AE56: =L56*$AM56 -> 0 | AF56: =M56*$AM56 -> -0.39649387 | AG56: =N56*$AM56 -> -0.049613048 | AH56: =O56*$AM56 -> 0 | AI56: =P56*$AM56 -> -0.6664 | AL56: =RIGHT(W56,3) -> NGA | AM56: =Y6 -> 0.68
C57: S_IPASTCOA | D57: IPAST_COA | E57: IPASTM | F57: UP | G57: 1 | H57: =(IF(SUMIFS('Industrial Summary'!$G:$G,'Industrial Summary'!$F:$F,H$17,'Industrial Summary'!$D:$D,$E57)>0,((-SUMIFS('Industrial Summary'!$G:$G,'Industrial Summary'!$F:$F,H$17,'Industrial Summary'!$D:$D,$E57,'Industrial Summary'!$A:$A,"COA")+-SUMIFS('Industrial Summary'!$G:$G,'Industrial Summary'!$F:$F,H$17,'Industrial Summary'!$D:$D,"IPAFSTM",'Industrial Summary'!$A:$A,"COA"))/SUMIFS('Industrial Summary'!$G:$G,'Industrial Summary'!$F:$F,H$17,'Industrial Summary'!$D:$D,$E57)),0))*0.98 -> -0.96272153 | I57: =(IF(SUMIFS('Industrial Summary'!$G:$G,'Industrial Summary'!$F:$F,I$17,'Industrial Summary'!$D:$D,$E57)>0,((-SUMIFS('Industrial Summary'!$G:$G,'Industrial Summary'!$F:$F,I$17,'Industrial Summary'!$D:$D,$E57,'Industrial Summary'!$A:$A,"COA")+-SUMIFS('Industrial Summary'!$G:$G,'Industrial Summary'!$F:$F,I$17,'Industrial Summary'!$D:$D,"IPAFSTM",'Industrial Summary'!$A:$A,"COA"))/SUMIFS('Industrial Summary'!$G:$G,'Industrial Summary'!$F:$F,I$17,'Industrial Summary'!$D:$D,$E57)),0))*0.98 -> -0.30258943 | J57: =(IF(SUMIFS('Industrial Summary'!$G:$G,'Industrial Summary'!$F:$F,J$17,'Industrial Summary'!$D:$D,$E57)>0,((-SUMIFS('Industrial Summary'!$G:$G,'Industrial Summary'!$F:$F,J$17,'Industrial Summary'!$D:$D,$E57,'Industrial Summary'!$A:$A,"COA")+-SUMIFS('Industrial Summary'!$G:$G,'Industrial Summary'!$F:$F,J$17,'Industrial Summary'!$D:$D,"IPAFSTM",'Industrial Summary'!$A:$A,"COA"))/SUMIFS('Industrial Summary'!$G:$G,'Industrial Summary'!$F:$F,J$17,'Industrial Summary'!$D:$D,$E57)),0))*0.98 -> -0.97225166 | K57: =(IF(SUMIFS('Industrial Summary'!$G:$G,'Industrial Summary'!$F:$F,K$17,'Industrial Summary'!$D:$D,$E57)>0,((-SUMIFS('Industrial Summary'!$G:$G,'Industrial Summary'!$F:$F,K$17,'Industrial Summary'!$D:$D,$E57,'Industrial Summary'!$A:$A,"COA")+-SUMIFS('Industrial Summary'!$G:$G,'Industrial Summary'!$F:$F,K$17,'Industrial Summary'!$D:$D,"IPAFSTM",'Industrial Summary'!$A:$A,"COA"))/SUMIFS('Industrial Summary'!$G:$G,'Industrial Summary'!$F:$F,K$17,'Industrial Summary'!$D:$D,$E57)),0))*0.98 -> -0.42324028 | L57: =(IF(SUMIFS('Industrial Summary'!$G:$G,'Industrial Summary'!$F:$F,L$17,'Industrial Summary'!$D:$D,$E57)>0,((-SUMIFS('Industrial Summary'!$G:$G,'Industrial Summary'!$F:$F,L$17,'Industrial Summary'!$D:$D,$E57,'Industrial Summary'!$A:$A,"COA")+-SUMIFS('Industrial Summary'!$G:$G,'Industrial Summary'!$F:$F,L$17,'Industrial Summary'!$D:$D,"IPAFSTM",'Industrial Summary'!$A:$A,"COA"))/SUMIFS('Industrial Summary'!$G:$G,'Industrial Summary'!$F:$F,L$17,'Industrial Summary'!$D:$D,$E57)),0))*0.98 -> -0.975764 | M57: =(IF(SUMIFS('Industrial Summary'!$G:$G,'Industrial Summary'!$F:$F,M$17,'Industrial Summary'!$D:$D,$E57)>0,((-SUMIFS('Industrial Summary'!$G:$G,'Industrial Summary'!$F:$F,M$17,'Industrial Summary'!$D:$D,$E57,'Industrial Summary'!$A:$A,"COA")+-SUMIFS('Industrial Summary'!$G:$G,'Industrial Summary'!$F:$F,M$17,'Industrial Summary'!$D:$D,"IPAFSTM",'Industrial Summary'!$A:$A,"COA"))/SUMIFS('Industrial Summary'!$G:$G,'Industrial Summary'!$F:$F,M$17,'Industrial Summary'!$D:$D,$E57)),0))*0.98 -> -0.38743381 | N57: =(IF(SUMIFS('Industrial Summary'!$G:$G,'Industrial Summary'!$F:$F,N$17,'Industrial Summary'!$D:$D,$E57)>0,((-SUMIFS('Industrial Summary'!$G:$G,'Industrial Summary'!$F:$F,N$17,'Industrial Summary'!$D:$D,$E57,'Industrial Summary'!$A:$A,"COA")+-SUMIFS('Industrial Summary'!$G:$G,'Industrial Summary'!$F:$F,N$17,'Industrial Summary'!$D:$D,"IPAFSTM",'Industrial Summary'!$A:$A,"COA"))/SUMIFS('Industrial Summary'!$G:$G,'Industrial Summary'!$F:$F,N$17,'Industrial Summary'!$D:$D,$E57)),0))*0.98 -> -0.89962778 | O57: =(IF(SUMIFS('Industrial Summary'!$G:$G,'Industrial Summary'!$F:$F,O$17,'Industrial Summary'!$D:$D,$E57)>0,((-SUMIFS('Industrial Summary'!$G:$G,'Industrial Summary'!$F:$F,O$17,'Industrial Summary'!$D:$D,$E57,'Industrial Summary'!$A:$A,"COA")+-SUMIFS('Industrial Summary'!$G:$G,'Industrial Summary'!$F:$F,O$17,'Industrial Summary'!$D:$D,"IPAFSTM",'Industrial Summary'!$A:$A,"COA"))/SUMIFS('Industrial Summary'!$G:$G,'Industrial Summary'!$F:$F,O$17,'Industrial Summary'!$D:$D,$E57)),0))*0.98 -> -0.97135464 | P57: =(IF(SUMIFS('Industrial Summary'!$G:$G,'Industrial Summary'!$F:$F,P$17,'Industrial Summary'!$D:$D,$E57)>0,((-SUMIFS('Industrial Summary'!$G:$G,'Industrial Summary'!$F:$F,P$17,'Industrial Summary'!$D:$D,$E57,'Industrial Summary'!$A:$A,"COA")+-SUMIFS('Industrial Summary'!$G:$G,'Industrial Summary'!$F:$F,P$17,'Industrial Summary'!$D:$D,"IPAFSTM",'Industrial Summary'!$A:$A,"COA"))/SUMIFS('Industrial Summary'!$G:$G,'Industrial Summary'!$F:$F,P$17,'Industrial Summary'!$D:$D,$E57)),0))*0.98 -> 0 | Q57: 0 | R57: 15 | S57: =_xlfn.CONCAT("UC_",D57) -> UC_IPAST_COA | V57: =C57 -> S_IPASTCOA | W57: =D57 -> IPAST_COA | X57: =E57 -> IPASTM | Y57: =F57 -> UP | Z57: 1 | AA57: =H57*$AM57 -> -0.74129557 | AB57: =I57*$AM57 -> -0.23299386 | AC57: =J57*$AM57 -> -0.74863378 | AD57: =K57*$AM57 -> -0.32589502 | AE57: =L57*$AM57 -> -0.75133828 | AF57: =M57*$AM57 -> -0.29832403 | AG57: =N57*$AM57 -> -0.69271339 | AH57: =O57*$AM57 -> -0.74794307 | AI57: =P57*$AM57 -> 0 | AL57: =RIGHT(W57,3) -> COA | AM57: =Z6 -> 0.77
C58: S_IPAPHELC | D58: IPAPH_ELC | E58: IPAPRH | F58: LO | G58: 1 | H58: =IF(SUMIFS('Industrial Summary'!$G:$G,'Industrial Summary'!$F:$F,H$17,'Industrial Summary'!$D:$D,$E58)>0,(-SUMIFS('Industrial Summary'!$G:$G,'Industrial Summary'!$F:$F,H$17,'Industrial Summary'!$D:$D,$E58,'Industrial Summary'!$A:$A,"ELC")/SUMIFS('Industrial Summary'!$G:$G,'Industrial Summary'!$F:$F,H$17,'Industrial Summary'!$D:$D,$E58)),0)*0.98 -> -0.028500675 | I58: =IF(SUMIFS('Industrial Summary'!$G:$G,'Industrial Summary'!$F:$F,I$17,'Industrial Summary'!$D:$D,$E58)>0,(-SUMIFS('Industrial Summary'!$G:$G,'Industrial Summary'!$F:$F,I$17,'Industrial Summary'!$D:$D,$E58,'Industrial Summary'!$A:$A,"ELC")/SUMIFS('Industrial Summary'!$G:$G,'Industrial Summary'!$F:$F,I$17,'Industrial Summary'!$D:$D,$E58)),0)*0.98 -> -0.028500675 | J58: =IF(SUMIFS('Industrial Summary'!$G:$G,'Industrial Summary'!$F:$F,J$17,'Industrial Summary'!$D:$D,$E58)>0,(-SUMIFS('Industrial Summary'!$G:$G,'Industrial Summary'!$F:$F,J$17,'Industrial Summary'!$D:$D,$E58,'Industrial Summary'!$A:$A,"ELC")/SUMIFS('Industrial Summary'!$G:$G,'Industrial Summary'!$F:$F,J$17,'Industrial Summary'!$D:$D,$E58)),0)*0.98 -> -0.18009228 | K58: =IF(SUMIFS('Industrial Summary'!$G:$G,'Industrial Summary'!$F:$F,K$17,'Industrial Summary'!$D:$D,$E58)>0,(-SUMIFS('Industrial Summary'!$G:$G,'Industrial Summary'!$F:$F,K$17,'Industrial Summary'!$D:$D,$E58,'Industrial Summary'!$A:$A,"ELC")/SUMIFS('Industrial Summary'!$G:$G,'Industrial Summary'!$F:$F,K$17,'Industrial Summary'!$D:$D,$E58)),0)*0.98 -> -0.18009228 | L58: =IF(SUMIFS('Industrial Summary'!$G:$G,'Industrial Summary'!$F:$F,L$17,'Industrial Summary'!$D:$D,$E58)>0,(-SUMIFS('Industrial Summary'!$G:$G,'Industrial Summary'!$F:$F,L$17,'Industrial Summary'!$D:$D,$E58,'Industrial Summary'!$A:$A,"ELC")/SUMIFS('Industrial Summary'!$G:$G,'Industrial Summary'!$F:$F,L$17,'Industrial Summary'!$D:$D,$E58)),0)*0.98 -> -0.17048398 | M58: =IF(SUMIFS('Industrial Summary'!$G:$G,'Industrial Summary'!$F:$F,M$17,'Industrial Summary'!$D:$D,$E58)>0,(-SUMIFS('Industrial Summary'!$G:$G,'Industrial Summary'!$F:$F,M$17,'Industrial Summary'!$D:$D,$E58,'Industrial Summary'!$A:$A,"ELC")/SUMIFS('Industrial Summary'!$G:$G,'Industrial Summary'!$F:$F,M$17,'Industrial Summary'!$D:$D,$E58)),0)*0.98 -> -0.16910851 | N58: =IF(SUMIFS('Industrial Summary'!$G:$G,'Industrial Summary'!$F:$F,N$17,'Industrial Summary'!$D:$D,$E58)>0,(-SUMIFS('Industrial Summary'!$G:$G,'Industrial Summary'!$F:$F,N$17,'Industrial Summary'!$D:$D,$E58,'Industrial Summary'!$A:$A,"ELC")/SUMIFS('Industrial Summary'!$G:$G,'Industrial Summary'!$F:$F,N$17,'Industrial Summary'!$D:$D,$E58)),0)*0.98 -> -0.16910851 | O58: =IF(SUMIFS('Industrial Summary'!$G:$G,'Industrial Summary'!$F:$F,O$17,'Industrial Summary'!$D:$D,$E58)>0,(-SUMIFS('Industrial Summary'!$G:$G,'Industrial Summary'!$F:$F,O$17,'Industrial Summary'!$D:$D,$E58,'Industrial Summary'!$A:$A,"ELC")/SUMIFS('Industrial Summary'!$G:$G,'Industrial Summary'!$F:$F,O$17,'Industrial Summary'!$D:$D,$E58)),0)*0.98 -> -0.25456829 | P58: =IF(SUMIFS('Industrial Summary'!$G:$G,'Industrial Summary'!$F:$F,P$17,'Industrial Summary'!$D:$D,$E58)>0,(-SUMIFS('Industrial Summary'!$G:$G,'Industrial Summary'!$F:$F,P$17,'Industrial Summary'!$D:$D,$E58,'Industrial Summary'!$A:$A,"ELC")/SUMIFS('Industrial Summary'!$G:$G,'Industrial Summary'!$F:$F,P$17,'Industrial Summary'!$D:$D,$E58)),0)*0.98 -> -0.25456829 | Q58: 0 | R58: 15 | S58: =_xlfn.CONCAT("UC_",D58) -> UC_IPAPH_ELC | V58: =C58 -> S_IPAPHELC | W58: =D58 -> IPAPH_ELC | X58: =E58 -> IPAPRH | Y58: =F58 -> LO | Z58: 1 | AA58: =H58*$AM58 -> -0.028500675 | AB58: =I58*$AM58 -> -0.028500675 | AC58: =J58*$AM58 -> -0.18009228 | AD58: =K58*$AM58 -> -0.18009228 | AE58: =L58*$AM58 -> -0.17048398 | AF58: =M58*$AM58 -> -0.16910851 | AG58: =N58*$AM58 -> -0.16910851 | AH58: =O58*$AM58 -> -0.25456829 | AI58: =P58*$AM58 -> -0.25456829 | AL58: =RIGHT(W58,3) -> ELC | AM58: =1 -> 1
C59: S_IPAPHRFL | D59: IPAPH_RFL | E59: IPAPRH | F59: LO | G59: 1 | H59: =IF(SUMIFS('Industrial Summary'!$G:$G,'Industrial Summary'!$F:$F,H$17,'Industrial Summary'!$D:$D,$E59)>0,(-SUMIFS('Industrial Summary'!$G:$G,'Industrial Summary'!$F:$F,H$17,'Industrial Summary'!$D:$D,$E59,'Industrial Summary'!$A:$A,"RFL")/SUMIFS('Industrial Summary'!$G:$G,'Industrial Summary'!$F:$F,H$17,'Industrial Summary'!$D:$D,$E59)),0)*0.98 -> -0.13500223 | I59: =IF(SUMIFS('Industrial Summary'!$G:$G,'Industrial Summary'!$F:$F,I$17,'Industrial Summary'!$D:$D,$E59)>0,(-SUMIFS('Industrial Summary'!$G:$G,'Industrial Summary'!$F:$F,I$17,'Industrial Summary'!$D:$D,$E59,'Industrial Summary'!$A:$A,"RFL")/SUMIFS('Industrial Summary'!$G:$G,'Industrial Summary'!$F:$F,I$17,'Industrial Summary'!$D:$D,$E59)),0)*0.98 -> -0.13500223 | J59: =IF(SUMIFS('Industrial Summary'!$G:$G,'Industrial Summary'!$F:$F,J$17,'Industrial Summary'!$D:$D,$E59)>0,(-SUMIFS('Industrial Summary'!$G:$G,'Industrial Summary'!$F:$F,J$17,'Industrial Summary'!$D:$D,$E59,'Industrial Summary'!$A:$A,"RFL")/SUMIFS('Industrial Summary'!$G:$G,'Industrial Summary'!$F:$F,J$17,'Industrial Summary'!$D:$D,$E59)),0)*0.98 -> -0.019041574 | K59: =IF(SUMIFS('Industrial Summary'!$G:$G,'Industrial Summary'!$F:$F,K$17,'Industrial Summary'!$D:$D,$E59)>0,(-SUMIFS('Industrial Summary'!$G:$G,'Industrial Summary'!$F:$F,K$17,'Industrial Summary'!$D:$D,$E59,'Industrial Summary'!$A:$A,"RFL")/SUMIFS('Industrial Summary'!$G:$G,'Industrial Summary'!$F:$F,K$17,'Industrial Summary'!$D:$D,$E59)),0)*0.98 -> -0.019041574 | L59: =IF(SUMIFS('Industrial Summary'!$G:$G,'Industrial Summary'!$F:$F,L$17,'Industrial Summary'!$D:$D,$E59)>0,(-SUMIFS('Industrial Summary'!$G:$G,'Industrial Summary'!$F:$F,L$17,'Industrial Summary'!$D:$D,$E59,'Industrial Summary'!$A:$A,"RFL")/SUMIFS('Industrial Summary'!$G:$G,'Industrial Summary'!$F:$F,L$17,'Industrial Summary'!$D:$D,$E59)),0)*0.98 -> -0.067736802 | M59: =IF(SUMIFS('Industrial Summary'!$G:$G,'Industrial Summary'!$F:$F,M$17,'Industrial Summary'!$D:$D,$E59)>0,(-SUMIFS('Industrial Summary'!$G:$G,'Industrial Summary'!$F:$F,M$17,'Industrial Summary'!$D:$D,$E59,'Industrial Summary'!$A:$A,"RFL")/SUMIFS('Industrial Summary'!$G:$G,'Industrial Summary'!$F:$F,M$17,'Industrial Summary'!$D:$D,$E59)),0)*0.98 -> -0.075096987 | N59: =IF(SUMIFS('Industrial Summary'!$G:$G,'Industrial Summary'!$F:$F,N$17,'Industrial Summary'!$D:$D,$E59)>0,(-SUMIFS('Industrial Summary'!$G:$G,'Industrial Summary'!$F:$F,N$17,'Industrial Summary'!$D:$D,$E59,'Industrial Summary'!$A:$A,"RFL")/SUMIFS('Industrial Summary'!$G:$G,'Industrial Summary'!$F:$F,N$17,'Industrial Summary'!$D:$D,$E59)),0)*0.98 -> -0.075096987 | O59: =IF(SUMIFS('Industrial Summary'!$G:$G,'Industrial Summary'!$F:$F,O$17,'Industrial Summary'!$D:$D,$E59)>0,(-SUMIFS('Industrial Summary'!$G:$G,'Industrial Summary'!$F:$F,O$17,'Industrial Summary'!$D:$D,$E59,'Industrial Summary'!$A:$A,"RFL")/SUMIFS('Industrial Summary'!$G:$G,'Industrial Summary'!$F:$F,O$17,'Industrial Summary'!$D:$D,$E59)),0)*0.98 -> 0 | P59: =IF(SUMIFS('Industrial Summary'!$G:$G,'Industrial Summary'!$F:$F,P$17,'Industrial Summary'!$D:$D,$E59)>0,(-SUMIFS('Industrial Summary'!$G:$G,'Industrial Summary'!$F:$F,P$17,'Industrial Summary'!$D:$D,$E59,'Industrial Summary'!$A:$A,"RFL")/SUMIFS('Industrial Summary'!$G:$G,'Industrial Summary'!$F:$F,P$17,'Industrial Summary'!$D:$D,$E59)),0)*0.98 -> 0 | Q59: 0 | R59: 15 | S59: =_xlfn.CONCAT("UC_",D59) -> UC_IPAPH_RFL | V59: =C59 -> S_IPAPHRFL | W59: =D59 -> IPAPH_RFL | X59: =E59 -> IPAPRH | Y59: =F59 -> LO | Z59: 1 | AA59: =H59*$AM59 -> -0.13500223 | AB59: =I59*$AM59 -> -0.13500223 | AC59: =J59*$AM59 -> -0.019041574 | AD59: =K59*$AM59 -> -0.019041574 | AE59: =L59*$AM59 -> -0.067736802 | AF59: =M59*$AM59 -> -0.075096987 | AG59: =N59*$AM59 -> -0.075096987 | AH59: =O59*$AM59 -> 0 | AI59: =P59*$AM59 -> 0 | AL59: =RIGHT(W59,3) -> RFL | AM59: =1 -> 1
C60: S_IPAPHNGA | D60: IPAPH_NGA | E60: IPAPRH | F60: LO | G60: 1 | H60: =IF(SUMIFS('Industrial Summary'!$G:$G,'Industrial Summary'!$F:$F,H$17,'Industrial Summary'!$D:$D,$E60)>0,(-SUMIFS('Industrial Summary'!$G:$G,'Industrial Summary'!$F:$F,H$17,'Industrial Summary'!$D:$D,$E60,'Industrial Summary'!$A:$A,"NGA")/SUMIFS('Industrial Summary'!$G:$G,'Industrial Summary'!$F:$F,H$17,'Industrial Summary'!$D:$D,$E60)),0)*0.98 -> -0.77872202 | I60: =IF(SUMIFS('Industrial Summary'!$G:$G,'Industrial Summary'!$F:$F,I$17,'Industrial Summary'!$D:$D,$E60)>0,(-SUMIFS('Industrial Summary'!$G:$G,'Industrial Summary'!$F:$F,I$17,'Industrial Summary'!$D:$D,$E60,'Industrial Summary'!$A:$A,"NGA")/SUMIFS('Industrial Summary'!$G:$G,'Industrial Summary'!$F:$F,I$17,'Industrial Summary'!$D:$D,$E60)),0)*0.98 -> -0.77872202 | J60: =IF(SUMIFS('Industrial Summary'!$G:$G,'Industrial Summary'!$F:$F,J$17,'Industrial Summary'!$D:$D,$E60)>0,(-SUMIFS('Industrial Summary'!$G:$G,'Industrial Summary'!$F:$F,J$17,'Industrial Summary'!$D:$D,$E60,'Industrial Summary'!$A:$A,"NGA")/SUMIFS('Industrial Summary'!$G:$G,'Industrial Summary'!$F:$F,J$17,'Industrial Summary'!$D:$D,$E60)),0)*0.98 -> -0.67193737 | K60: =IF(SUMIFS('Industrial Summary'!$G:$G,'Industrial Summary'!$F:$F,K$17,'Industrial Summary'!$D:$D,$E60)>0,(-SUMIFS('Industrial Summary'!$G:$G,'Industrial Summary'!$F:$F,K$17,'Industrial Summary'!$D:$D,$E60,'Industrial Summary'!$A:$A,"NGA")/SUMIFS('Industrial Summary'!$G:$G,'Industrial Summary'!$F:$F,K$17,'Industrial Summary'!$D:$D,$E60)),0)*0.98 -> -0.67193737 | L60: =IF(SUMIFS('Industrial Summary'!$G:$G,'Industrial Summary'!$F:$F,L$17,'Industrial Summary'!$D:$D,$E60)>0,(-SUMIFS('Industrial Summary'!$G:$G,'Industrial Summary'!$F:$F,L$17,'Industrial Summary'!$D:$D,$E60,'Industrial Summary'!$A:$A,"NGA")/SUMIFS('Industrial Summary'!$G:$G,'Industrial Summary'!$F:$F,L$17,'Industrial Summary'!$D:$D,$E60)),0)*0.98 -> -0.65076708 | M60: =IF(SUMIFS('Industrial Summary'!$G:$G,'Industrial Summary'!$F:$F,M$17,'Industrial Summary'!$D:$D,$E60)>0,(-SUMIFS('Industrial Summary'!$G:$G,'Industrial Summary'!$F:$F,M$17,'Industrial Summary'!$D:$D,$E60,'Industrial Summary'!$A:$A,"NGA")/SUMIFS('Industrial Summary'!$G:$G,'Industrial Summary'!$F:$F,M$17,'Industrial Summary'!$D:$D,$E60)),0)*0.98 -> -0.64551666 | N60: =IF(SUMIFS('Industrial Summary'!$G:$G,'Industrial Summary'!$F:$F,N$17,'Industrial Summary'!$D:$D,$E60)>0,(-SUMIFS('Industrial Summary'!$G:$G,'Industrial Summary'!$F:$F,N$17,'Industrial Summary'!$D:$D,$E60,'Industrial Summary'!$A:$A,"NGA")/SUMIFS('Industrial Summary'!$G:$G,'Industrial Summary'!$F:$F,N$17,'Industrial Summary'!$D:$D,$E60)),0)*0.98 -> -0.64551666 | O60: =IF(SUMIFS('Industrial Summary'!$G:$G,'Industrial Summary'!$F:$F,O$17,'Industrial Summary'!$D:$D,$E60)>0,(-SUMIFS('Industrial Summary'!$G:$G,'Industrial Summary'!$F:$F,O$17,'Industrial Summary'!$D:$D,$E60,'Industrial Summary'!$A:$A,"NGA")/SUMIFS('Industrial Summary'!$G:$G,'Industrial Summary'!$F:$F,O$17,'Industrial Summary'!$D:$D,$E60)),0)*0.98 -> -0.68191687 | P60: =IF(SUMIFS('Industrial Summary'!$G:$G,'Industrial Summary'!$F:$F,P$17,'Industrial Summary'!$D:$D,$E60)>0,(-SUMIFS('Industrial Summary'!$G:$G,'Industrial Summary'!$F:$F,P$17,'Industrial Summary'!$D:$D,$E60,'Industrial Summary'!$A:$A,"NGA")/SUMIFS('Industrial Summary'!$G:$G,'Industrial Summary'!$F:$F,P$17,'Industrial Summary'!$D:$D,$E60)),0)*0.98 -> -0.68191687 | Q60: 0 | R60: 15 | S60: =_xlfn.CONCAT("UC_",D60) -> UC_IPAPH_NGA | V60: =C60 -> S_IPAPHNGA | W60: =D60 -> IPAPH_NGA | X60: =E60 -> IPAPRH | Y60: =F60 -> LO | Z60: 1 | AA60: =H60*$AM60 -> -0.52953097 | AB60: =I60*$AM60 -> -0.52953097 | AC60: =J60*$AM60 -> -0.45691741 | AD60: =K60*$AM60 -> -0.45691741 | AE60: =L60*$AM60 -> -0.44252161 | AF60: =M60*$AM60 -> -0.43895133 | AG60: =N60*$AM60 -> -0.43895133 | AH60: =O60*$AM60 -> -0.46370347 | AI60: =P60*$AM60 -> -0.46370347 | AL60: =RIGHT(W60,3) -> NGA | AM60: =Y6 -> 0.68
