Workbook

Sheet COM
B2: ~UC_Sets: R_E: R1,R2,R3,R4,R5,R6,R7,R8,R9
B3: ~UC_Sets: T_E:
F5: ~UC_T: UC_COMPRD~2011~LO | Y5: ~UC_T: UC_COMPRD~2055~LO
C6: UC_N | D6: PSET_SET | E6: CSET_CN | F6: CSET_SET | G6: UC_FLO | H6: R1 | I6: R2 | J6: R3 | K6: R4 | L6: R5 | M6: R6 | N6: R7 | O6: R8 | P6: R9 | Q6: UC_RHSRT | R6: UC_RHSRT~0 | S6: UC_Desc | V6: UC_N | W6: PSET_SET | X6: CSET_CN | Y6: CSET_SET | Z6: UC_FLO | AA6: R1 | AB6: R2 | AC6: R3 | AD6: R4 | AE6: R5 | AF6: R6 | AG6: R7 | AH6: R8 | AI6: R9 | AJ6: UC_Desc
C7: S_CSCELC | D7: CSC-ELC | E7: =LEFT(D7,3) -> CSC | F7: DEM | G7: 1 | H7: =-ComConstr!C3*0.99 -> -0.96226162 | I7: =-ComConstr!D3*0.99 -> -0.97057033 | J7: =-ComConstr!E3*0.99 -> -0.96498334 | K7: =-ComConstr!F3*0.99 -> -0.98893959 | L7: =-ComConstr!G3*0.99 -> -0.98610353 | M7: =-ComConstr!H3*0.99 -> -0.98194617 | N7: =-ComConstr!I3*0.99 -> -0.98875461 | O7: =-ComConstr!J3*0.99 -> -0.97452371 | P7: =-ComConstr!K3*0.99 -> -0.98568987 | Q7: 0 | R7: 15 | S7: Commercial Space Cooling - ELC | V7: S_CSCELC | W7: CSC-ELC | X7: =LEFT(W7,3) -> CSC | Y7: DEM | Z7: 1 | AA7: =H7*0.76 -> -0.73131883 | AB7: =I7*0.76 -> -0.73763345 | AC7: =J7*0.76 -> -0.73338734 | AD7: =K7*0.76 -> -0.75159409 | AE7: =L7*0.76 -> -0.74943869 | AF7: =M7*0.76 -> -0.74627909 | AG7: =N7*0.76 -> -0.7514535 | AH7: =O7*0.76 -> -0.74063802 | AI7: =P7*0.76 -> -0.7491243 | AJ7: Commercial Space Cooling - ELC
C8: S_CSCNG | D8: CSC-NG | E8: =LEFT(D8,3) -> CSC | F8: DEM | G8: 1 | H8: =-ComConstr!C4*0.99 -> -0.027738376 | I8: =-ComConstr!D4*0.99 -> -0.019429671 | J8: =-ComConstr!E4*0.99 -> -0.025016663 | K8: =-ComConstr!F4*0.99 -> -0.0010604062 | L8: =-ComConstr!G4*0.99 -> -0.0038964662 | M8: =-ComConstr!H4*0.99 -> -0.008053826 | N8: =-ComConstr!I4*0.99 -> -0.0012453904 | O8: =-ComConstr!J4*0.99 -> -0.015476287 | P8: =-ComConstr!K4*0.99 -> -0.0043101258 | Q8: 0 | R8: 15 | S8: Commercial Space Cooling - NG | V8: S_CSCNG | W8: CSC-NG | X8: =LEFT(W8,3) -> CSC | Y8: DEM | Z8: 1 | AA8: =H8*0.76 -> -0.021081166 | AB8: =I8*0.76 -> -0.01476655 | AC8: =J8*0.76 -> -0.019012664 | AD8: =K8*0.76 -> -0.00080590869 | AE8: =L8*0.76 -> -0.0029613143 | AF8: =M8*0.76 -> -0.0061209078 | AG8: =N8*0.76 -> -0.00094649674 | AH8: =O8*0.76 -> -0.011761978 | AI8: =P8*0.76 -> -0.0032756956 | AJ8: Commercial Space Cooling - NG
C9: S_CSCRF | D9: CSC-RF | E9: =LEFT(D9,3) -> CSC | F9: DEM | G9: 1 | H9: =-ComConstr!C5*0.99 -> -0.4495977 | I9: =-ComConstr!D5*0.99 -> -0.49222652 | J9: =-ComConstr!E5*0.99 -> -0.44647597 | K9: =-ComConstr!F5*0.99 -> -0.48911949 | L9: =-ComConstr!G5*0.99 -> -0.40085749 | M9: =-ComConstr!H5*0.99 -> -0.47483535 | N9: =-ComConstr!I5*0.99 -> -0.47050675 | O9: =-ComConstr!J5*0.99 -> -0.42627258 | P9: =-ComConstr!K5*0.99 -> -0.50953848 | Q9: 0 | R9: 15 | S9: Commercial Space Cooling - Rooftop | V9: S_CSCRF | W9: CSC-RF | X9: =LEFT(W9,3) -> CSC | Y9: DEM | Z9: 1 | AA9: =H9*0.85 -> -0.38215805 | AB9: =I9*0.85 -> -0.41839254 | AC9: =J9*0.85 -> -0.37950457 | AD9: =K9*0.85 -> -0.41575157 | AE9: =L9*0.85 -> -0.34072886 | AF9: =M9*0.85 -> -0.40361004 | AG9: =N9*0.85 -> -0.39993074 | AH9: =O9*0.85 -> -0.3623317 | AI9: =P9*0.85 -> -0.43310771 | AJ9: Commercial Space Cooling - Rooftop
C10: S_CSCCEN | D10: CSC-CEN | E10: =LEFT(D10,3) -> CSC | F10: DEM | G10: 1 | H10: =-ComConstr!C6*0.99 -> -0.090731993 | I10: =-ComConstr!D6*0.99 -> -0.081271617 | J10: =-ComConstr!E6*0.99 -> -0.17320523 | K10: =-ComConstr!F6*0.99 -> -0.21479186 | L10: =-ComConstr!G6*0.99 -> -0.10169059 | M10: =-ComConstr!H6*0.99 -> -0.1459498 | N10: =-ComConstr!I6*0.99 -> -0.19860544 | O10: =-ComConstr!J6*0.99 -> -0.12133101 | P10: =-ComConstr!K6*0.99 -> -0.12323201 | Q10: 0 | R10: 15 | S10: Commercial Space Cooling - Central | V10: S_CSCCEN | W10: CSC-CEN | X10: =LEFT(W10,3) -> CSC | Y10: DEM | Z10: 1 | AA10: =H10*0.85 -> -0.077122194 | AB10: =I10*0.85 -> -0.069080874 | AC10: =J10*0.85 -> -0.14722444 | AD10: =K10*0.85 -> -0.18257308 | AE10: =L10*0.85 -> -0.086437005 | AF10: =M10*0.85 -> -0.12405733 | AG10: =N10*0.85 -> -0.16881463 | AH10: =O10*0.85 -> -0.10313136 | AI10: =P10*0.85 -> -0.10474721 | AJ10: Commercial Space Cooling - Central
C11: S_CSCWWL | D11: CSC-WW | E11: =LEFT(D11,3) -> CSC | F11: DEM | G11: 1 | H11: =-ComConstr!C7*0.99 -> -0.12254018 | I11: =-ComConstr!D7*0.99 -> -0.10491886 | J11: =-ComConstr!E7*0.99 -> -0.043794447 | K11: =-ComConstr!F7*0.99 -> -0.042357563 | L11: =-ComConstr!G7*0.99 -> -0.058145827 | M11: =-ComConstr!H7*0.99 -> -0.076556215 | N11: =-ComConstr!I7*0.99 -> -0.051770986 | O11: =-ComConstr!J7*0.99 -> -0.12778806 | P11: =-ComConstr!K7*0.99 -> -0.073596795 | Q11: 0 | R11: 15 | S11: Commercial Space Cooling - Wall/Wiindow low | V11: S_CSCWWL | W11: CSC-WW | X11: =LEFT(W11,3) -> CSC | Y11: DEM | Z11: 1 | AA11: =H11*0.85 -> -0.10415915 | AB11: =I11*0.85 -> -0.089181027 | AC11: =J11*0.85 -> -0.03722528 | AD11: =K11*0.85 -> -0.036003928 | AE11: =L11*0.85 -> -0.049423953 | AF11: =M11*0.85 -> -0.065072783 | AG11: =N11*0.85 -> -0.044005338 | AH11: =O11*0.85 -> -0.10861985 | AI11: =P11*0.85 -> -0.062557276 | AJ11: Commercial Space Cooling - Wall/Wiindow low
C12: S_CSCGHP | D12: CSC-GHP | E12: =LEFT(D12,3) -> CSC | F12: DEM | G12: 1 | H12: =-ComConstr!C8*0.99 -> -0.018623292 | I12: =-ComConstr!D8*0.99 -> -0.016251135 | J12: =-ComConstr!E8*0.99 -> -0.0081882884 | K12: =-ComConstr!F8*0.99 -> -0.013802886 | L12: =-ComConstr!G8*0.99 -> -0.054111229 | M12: =-ComConstr!H8*0.99 -> -0.039295946 | N12: =-ComConstr!I8*0.99 -> -0.021935054 | O12: =-ComConstr!J8*0.99 -> -0.026153462 | P12: =-ComConstr!K8*0.99 -> -0.036361696 | Q12: 0 | R12: 15 | S12: Commercial Space Cooling - GHP | V12: S_CSCGHP | W12: CSC-GHP | X12: =LEFT(W12,3) -> CSC | Y12: DEM | Z12: 1 | AA12: =H12*0.85 -> -0.015829798 | AB12: =I12*0.85 -> -0.013813465 | AC12: =J12*0.85 -> -0.0069600451 | AD12: =K12*0.85 -> -0.011732453 | AE12: =L12*0.85 -> -0.045994544 | AF12: =M12*0.85 -> -0.033401554 | AG12: =N12*0.85 -> -0.018644796 | AH12: =O12*0.85 -> -0.022230443 | AI12: =P12*0.85 -> -0.030907441 | AJ12: Commercial Space Cooling - GHP
C13: S_CSCAHP | D13: CSC-AHP | E13: =LEFT(D13,3) -> CSC | F13: DEM | G13: 1 | H13: =-ComConstr!C9*0.99 -> -0.047888464 | I13: =-ComConstr!D9*0.99 -> -0.041788633 | J13: =-ComConstr!E9*0.99 -> -0.021055599 | K13: =-ComConstr!F9*0.99 -> -0.035493136 | L13: =-ComConstr!G9*0.99 -> -0.13914316 | M13: =-ComConstr!H9*0.99 -> -0.10104672 | N13: =-ComConstr!I9*0.99 -> -0.056404423 | O13: =-ComConstr!J9*0.99 -> -0.06725176 | P13: =-ComConstr!K9*0.99 -> -0.093501503 | Q13: 0 | R13: 15 | S13: Commercial Space Cooling - AHP | V13: S_CSCAHP | W13: CSC-AHP | X13: =LEFT(W13,3) -> CSC | Y13: DEM | Z13: 1 | AA13: =H13*0.85 -> -0.040705194 | AB13: =I13*0.85 -> -0.035520338 | AC13: =J13*0.85 -> -0.017897259 | AD13: =K13*0.85 -> -0.030169166 | AE13: =L13*0.85 -> -0.11827169 | AF13: =M13*0.85 -> -0.08588971 | AG13: =N13*0.85 -> -0.04794376 | AH13: =O13*0.85 -> -0.057163996 | AI13: =P13*0.85 -> -0.079476278 | AJ13: Commercial Space Cooling - AHP
C14: S_CSCCC | D14: CSC-CC | E14: =LEFT(D14,3) -> CSC | F14: DEM | G14: 1 | H14: =-ComConstr!C10*0.99 -> -0.052920915 | I14: =-ComConstr!D10*0.99 -> -0.052736318 | J14: =-ComConstr!E10*0.99 -> -0.06172195 | K14: =-ComConstr!F10*0.99 -> -0.042542424 | L14: =-ComConstr!G10*0.99 -> -0.051162028 | M14: =-ComConstr!H10*0.99 -> -0.031737672 | N14: =-ComConstr!I10*0.99 -> -0.041710076 | O14: =-ComConstr!J10*0.99 -> -0.046094935 | P14: =-ComConstr!K10*0.99 -> -0.033338307 | Q14: 0 | R14: 15 | S14: Commercial Space Cooling - Centr. Chiller | V14: S_CSCCC | W14: CSC-CC | X14: =LEFT(W14,3) -> CSC | Y14: DEM | Z14: 1 | AA14: =H14*0.76 -> -0.040219896 | AB14: =I14*0.76 -> -0.040079602 | AC14: =J14*0.76 -> -0.046908682 | AD14: =K14*0.76 -> -0.032332243 | AE14: =L14*0.76 -> -0.038883141 | AF14: =M14*0.76 -> -0.024120631 | AG14: =N14*0.76 -> -0.031699658 | AH14: =O14*0.76 -> -0.03503215 | AI14: =P14*0.76 -> -0.025337114 | AJ14: Commercial Space Cooling - Centr. Chiller
C15: S_CSCRC | D15: CSC-RC | E15: =LEFT(D15,3) -> CSC | F15: DEM | G15: 1 | H15: =-ComConstr!C11*0.99 -> -0.1876287 | I15: =-ComConstr!D11*0.99 -> -0.18697422 | J15: =-ComConstr!E11*0.99 -> -0.21883237 | K15: =-ComConstr!F11*0.99 -> -0.15083223 | L15: =-ComConstr!G11*0.99 -> -0.18139264 | M15: =-ComConstr!H11*0.99 -> -0.11252448 | N15: =-ComConstr!I11*0.99 -> -0.14788118 | O15: =-ComConstr!J11*0.99 -> -0.1634275 | P15: =-ComConstr!K11*0.99 -> -0.11819945 | Q15: 0 | R15: 15 | S15: Commercial Space Cooling - Reciprocating Chiller | V15: S_CSCRC | W15: CSC-RC | X15: =LEFT(W15,3) -> CSC | Y15: DEM | Z15: 1 | AA15: =H15*0.76 -> -0.14259781 | AB15: =I15*0.76 -> -0.14210041 | AC15: =J15*0.76 -> -0.1663126 | AD15: =K15*0.76 -> -0.1146325 | AE15: =L15*0.76 -> -0.13785841 | AF15: =M15*0.76 -> -0.085518601 | AG15: =N15*0.76 -> -0.1123897 | AH15: =O15*0.76 -> -0.1242049 | AI15: =P15*0.76 -> -0.089831585 | AJ15: Commercial Space Cooling - Reciprocating Chiller
C16: S_CCKELC | D16: CCK-ELC | E16: =LEFT(D16,3) -> CCK | F16: DEM | G16: 1 | H16: =-ComConstr!C12*0.99 -> -0.36079473 | I16: =-ComConstr!D12*0.99 -> -0.33189077 | J16: =-ComConstr!E12*0.99 -> -0.36787955 | K16: =-ComConstr!F12*0.99 -> -0.44002557 | L16: =-ComConstr!G12*0.99 -> -0.41043373 | M16: =-ComConstr!H12*0.99 -> -0.37812763 | N16: =-ComConstr!I12*0.99 -> -0.38144646 | O16: =-ComConstr!J12*0.99 -> -0.35888943 | P16: =-ComConstr!K12*0.99 -> -0.26752941 | Q16: 0 | R16: 15 | S16: Commercial Cooking - ELC | V16: S_CCKELC | W16: CCK-ELC | X16: =LEFT(W16,3) -> CCK | Y16: DEM | Z16: 1 | AA16: =H16*0.76 -> -0.274204 | AB16: =I16*0.76 -> -0.25223699 | AC16: =J16*0.76 -> -0.27958846 | AD16: =K16*0.76 -> -0.33441943 | AE16: =L16*0.76 -> -0.31192964 | AF16: =M16*0.76 -> -0.287377 | AG16: =N16*0.76 -> -0.28989931 | AH16: =O16*0.76 -> -0.27275597 | AI16: =P16*0.76 -> -0.20332236 | AJ16: Commercial Cooking - ELC
C17: S_CCKNG | D17: CCK-NG | E17: =LEFT(D17,3) -> CCK | F17: DEM | G17: 1 | H17: =-ComConstr!C13*0.99 -> -0.62920527 | I17: =-ComConstr!D13*0.99 -> -0.65810923 | J17: =-ComConstr!E13*0.99 -> -0.62212045 | K17: =-ComConstr!F13*0.99 -> -0.54997443 | L17: =-ComConstr!G13*0.99 -> -0.57956627 | M17: =-ComConstr!H13*0.99 -> -0.61187237 | N17: =-ComConstr!I13*0.99 -> -0.60855354 | O17: =-ComConstr!J13*0.99 -> -0.63111057 | P17: =-ComConstr!K13*0.99 -> -0.72247059 | Q17: 0 | R17: 15 | S17: Commercial Cooking - NG | V17: S_CCKNG | W17: CCK-NG | X17: =LEFT(W17,3) -> CCK | Y17: DEM | Z17: 1 | AA17: =H17*0.76 -> -0.478196 | AB17: =I17*0.76 -> -0.50016301 | AC17: =J17*0.76 -> -0.47281154 | AD17: =K17*0.76 -> -0.41798057 | AE17: =L17*0.76 -> -0.44047036 | AF17: =M17*0.76 -> -0.465023 | AG17: =N17*0.76 -> -0.46250069 | AH17: =O17*0.76 -> -0.47964403 | AI17: =P17*0.76 -> -0.54907764 | AJ17: Commercial Cooking - NG
C18: S_CSHELC | D18: CSH-ELC | E18: =LEFT(D18,3) -> CSH | F18: DEM | G18: 1 | H18: =-ComConstr!C14*0.99 -> -0.1118828 | I18: =-ComConstr!D14*0.99 -> -0.096993398 | J18: =-ComConstr!E14*0.99 -> -0.069090817 | K18: =-ComConstr!F14*0.99 -> -0.10128474 | L18: =-ComConstr!G14*0.99 -> -0.27727514 | M18: =-ComConstr!H14*0.99 -> -0.21229547 | N18: =-ComConstr!I14*0.99 -> -0.16121274 | O18: =-ComConstr!J14*0.99 -> -0.097071128 | P18: =-ComConstr!K14*0.99 -> -0.16379207 | Q18: 0 | R18: 15 | S18: Commercial Space Heatng - ELC | V18: S_CSHELC | W18: CSH-ELC | X18: =LEFT(W18,3) -> CSH | Y18: DEM | Z18: 1 | AA18: =H18*0.76 -> -0.085030928 | AB18: =I18*0.76 -> -0.073714983 | AC18: =J18*0.76 -> -0.052509021 | AD18: =K18*0.76 -> -0.076976399 | AE18: =L18*0.76 -> -0.2107291 | AF18: =M18*0.76 -> -0.16134456 | AG18: =N18*0.76 -> -0.12252168 | AH18: =O18*0.76 -> -0.073774057 | AI18: =P18*0.76 -> -0.12448197 | AJ18: Commercial Space Heatng - ELC
C19: S_CSHNG | D19: CSH-NG | E19: =LEFT(D19,3) -> CSH | F19: DEM | G19: 1 | H19: =-ComConstr!C15*0.99 -> -0.49777188 | I19: =-ComConstr!D15*0.99 -> -0.66624125 | J19: =-ComConstr!E15*0.99 -> -0.90989786 | K19: =-ComConstr!F15*0.99 -> -0.88871526 | L19: =-ComConstr!G15*0.99 -> -0.65422887 | M19: =-ComConstr!H15*0.99 -> -0.775911 | N19: =-ComConstr!I15*0.99 -> -0.8269493 | O19: =-ComConstr!J15*0.99 -> -0.88907193 | P19: =-ComConstr!K15*0.99 -> -0.82565288 | Q19: 0 | R19: 15 | S19: Commercial Space Heatng - NG | V19: S_CSHNG | W19: CSH-NG | X19: =LEFT(W19,3) -> CSH | Y19: DEM | Z19: 1 | AA19: =H19*0.76 -> -0.37830663 | AB19: =I19*0.76 -> -0.50634335 | AC19: =J19*0.76 -> -0.69152238 | AD19: =K19*0.76 -> -0.6754236 | AE19: =L19*0.76 -> -0.49721394 | AF19: =M19*0.76 -> -0.58969236 | AG19: =N19*0.76 -> -0.62848146 | AH19: =O19*0.76 -> -0.67569467 | AI19: =P19*0.76 -> -0.62749619 | AJ19: Commercial Space Heatng - NG
C20: S_CSHDSL | D20: CSH-DSL | E20: =LEFT(D20,3) -> CSH | F20: DEM | G20: 1 | H20: =-ComConstr!C16*0.99 -> -0.38034532 | I20: =-ComConstr!D16*0.99 -> -0.22676535 | J20: =-ComConstr!E16*0.99 -> -0.011011319 | K20: =-ComConstr!F16*0.99 -> 0 | L20: =-ComConstr!G16*0.99 -> -0.05849599 | M20: =-ComConstr!H16*0.99 -> -0.0017935331 | N20: =-ComConstr!I16*0.99 -> -0.0018379683 | O20: =-ComConstr!J16*0.99 -> -0.0038569445 | P20: =-ComConstr!K16*0.99 -> -0.00055505522 | Q20: 0 | R20: 15 | S20: Commercial Space Heating - DSL | V20: S_CSHDSL | W20: CSH-DSL | X20: =LEFT(W20,3) -> CSH | Y20: DEM | Z20: 1 | AA20: =H20*0.76 -> -0.28906244 | AB20: =I20*0.76 -> -0.17234166 | AC20: =J20*0.76 -> -0.0083686022 | AD20: =K20*0.76 -> 0 | AE20: =L20*0.76 -> -0.044456952 | AF20: =M20*0.76 -> -0.0013630852 | AG20: =N20*0.76 -> -0.0013968559 | AH20: =O20*0.76 -> -0.0029312778 | AI20: =P20*0.76 -> -0.00042184197 | AJ20: Commercial Space Heating - DSL
C21: S_CSHBLR | D21: CSH-BLR | E21: =LEFT(D21,3) -> CSH | F21: DEM | G21: 1 | H21: =-ComConstr!C17*0.98 -> -0.57372387 | I21: =-ComConstr!D17*0.98 -> -0.56173358 | J21: =-ComConstr!E17*0.98 -> -0.40277857 | K21: =-ComConstr!F17*0.98 -> -0.31760496 | L21: =-ComConstr!G17*0.98 -> -0.30882116 | M21: =-ComConstr!H17*0.98 -> -0.26888846 | N21: =-ComConstr!I17*0.98 -> -0.23028039 | O21: =-ComConstr!J17*0.98 -> -0.28598435 | P21: =-ComConstr!K17*0.98 -> -0.23888647 | Q21: 0 | R21: 15 | S21: Commercial Space Heating - Boilers | V21: S_CSHBLR | W21: CSH-BLR | X21: =LEFT(W21,3) -> CSH | Y21: DEM | Z21: 1 | AA21: =H21*0.85 -> -0.48766529 | AB21: =I21*0.85 -> -0.47747354 | AC21: =J21*0.85 -> -0.34236179 | AD21: =K21*0.85 -> -0.26996422 | AE21: =L21*0.85 -> -0.26249799 | AF21: =M21*0.85 -> -0.22855519 | AG21: =N21*0.85 -> -0.19573833 | AH21: =O21*0.85 -> -0.2430867 | AI21: =P21*0.85 -> -0.2030535 | AJ21: Commercial Space Heating - Boilers
C22: S_CSHFUR | D22: CSH-FUR | E22: =LEFT(D22,3) -> CSH | F22: DEM | G22: 1 | H22: =-ComConstr!C18*0.98 -> -0.29755482 | I22: =-ComConstr!D18*0.98 -> -0.32281547 | J22: =-ComConstr!E18*0.98 -> -0.53029777 | K22: =-ComConstr!F18*0.98 -> -0.56710788 | L22: =-ComConstr!G18*0.98 -> -0.399304 | M22: =-ComConstr!H18*0.98 -> -0.5338998 | N22: =-ComConstr!I18*0.98 -> -0.59490186 | O22: =-ComConstr!J18*0.98 -> -0.59897592 | P22: =-ComConstr!K18*0.98 -> -0.5884606 | Q22: 0 | R22: 15 | S22: Commercial Space Heating - Furnace | V22: S_CSHFUR | W22: CSH-FUR | X22: =LEFT(W22,3) -> CSH | Y22: DEM | Z22: 1 | AA22: =H22*0.85 -> -0.2529216 | AB22: =I22*0.85 -> -0.27439315 | AC22: =J22*0.85 -> -0.45075311 | AD22: =K22*0.85 -> -0.4820417 | AE22: =L22*0.85 -> -0.3394084 | AF22: =M22*0.85 -> -0.45381483 | AG22: =N22*0.85 -> -0.50566658 | AH22: =O22*0.85 -> -0.50912953 | AI22: =P22*0.85 -> -0.50019151 | AJ22: Commercial Space Heating - Furnace
C23: S_CSHELO | D23: CSH-ELO | E23: =LEFT(D23,3) -> CSH | F23: DEM | G23: 1 | H23: =-ComConstr!C19*0.99 -> -0.062523329 | I23: =-ComConstr!D19*0.99 -> -0.051795281 | J23: =-ComConstr!E19*0.99 -> -0.028660312 | K23: =-ComConstr!F19*0.99 -> -0.058534323 | L23: =-ComConstr!G19*0.99 -> -0.048439141 | M23: =-ComConstr!H19*0.99 -> -0.048105183 | N23: =-ComConstr!I19*0.99 -> -0.061154843 | O23: =-ComConstr!J19*0.99 -> -0.045959399 | P23: =-ComConstr!K19*0.99 -> -0.044348828 | Q23: 0 | R23: 15 | S23: Commercial Space Heating - ELO | V23: S_CSHELO | W23: CSH-ELO | X23: =LEFT(W23,3) -> CSH | Y23: DEM | Z23: 1 | AA23: =H23*0.76 -> -0.04751773 | AB23: =I23*0.76 -> -0.039364413 | AC23: =J23*0.76 -> -0.021781837 | AD23: =K23*0.76 -> -0.044486085 | AE23: =L23*0.76 -> -0.036813747 | AF23: =M23*0.76 -> -0.036559939 | AG23: =N23*0.76 -> -0.04647768 | AH23: =O23*0.76 -> -0.034929143 | AI23: =P23*0.76 -> -0.033705109 | AJ23: Commercial Space Heating - ELO
C24: S_CWHELC | D24: CWH-ELC | E24: =LEFT(D24,3) -> CWH | F24: DEM | G24: 1 | H24: =-ComConstr!C20*0.99 -> -0.041902452 | I24: =-ComConstr!D20*0.99 -> -0.044528537 | J24: =-ComConstr!E20*0.99 -> -0.056927999 | K24: =-ComConstr!F20*0.99 -> -0.081365565 | L24: =-ComConstr!G20*0.99 -> -0.23085428 | M24: =-ComConstr!H20*0.99 -> -0.17309898 | N24: =-ComConstr!I20*0.99 -> -0.11039193 | O24: =-ComConstr!J20*0.99 -> -0.082003411 | P24: =-ComConstr!K20*0.99 -> -0.025377386 | Q24: 0 | R24: 15 | S24: Commercial Water Heating - ELC | V24: S_CWHELC | W24: CWH-ELC | X24: =LEFT(W24,3) -> CWH | Y24: DEM | Z24: 1 | AA24: =H24*0.76 -> -0.031845863 | AB24: =I24*0.76 -> -0.033841688 | AC24: =J24*0.76 -> -0.043265279 | AD24: =K24*0.76 -> -0.06183783 | AE24: =L24*0.76 -> -0.17544925 | AF24: =M24*0.76 -> -0.13155522 | AG24: =N24*0.76 -> -0.08389787 | AH24: =O24*0.76 -> -0.062322593 | AI24: =P24*0.76 -> -0.019286813 | AJ24: Commercial Water Heating - ELC
C25: S_CWHNG | D25: CWH-NG | E25: =LEFT(D25,3) -> CWH | F25: DEM | G25: 1 | H25: =-ComConstr!C21*0.99 -> -0.78576552 | I25: =-ComConstr!D21*0.99 -> -0.94547146 | J25: =-ComConstr!E21*0.99 -> -0.933072 | K25: =-ComConstr!F21*0.99 -> -0.90863443 | L25: =-ComConstr!G21*0.99 -> -0.75151294 | M25: =-ComConstr!H21*0.99 -> -0.81690102 | N25: =-ComConstr!I21*0.99 -> -0.87960807 | O25: =-ComConstr!J21*0.99 -> -0.90799659 | P25: =-ComConstr!K21*0.99 -> -0.96462261 | Q25: 0 | R25: 15 | S25: Commercial Water Heating - NG | V25: S_CWHNG | W25: CWH-NG | X25: =LEFT(W25,3) -> CWH | Y25: DEM | Z25: 1 | AA25: =H25*0.76 -> -0.5971818 | AB25: =I25*0.76 -> -0.71855831 | AC25: =J25*0.76 -> -0.70913472 | AD25: =K25*0.76 -> -0.69056217 | AE25: =L25*0.76 -> -0.57114984 | AF25: =M25*0.76 -> -0.62084478 | AG25: =N25*0.76 -> -0.66850213 | AH25: =O25*0.76 -> -0.69007741 | AI25: =P25*0.76 -> -0.73311319 | AJ25: Commercial Water Heating - NG
C26: S_CWHDSL | D26: CWH-DSL | E26: =LEFT(D26,3) -> CWH | F26: DEM | G26: 1 | H26: =-ComConstr!C22*0.99 -> -0.16233203 | I26: =-ComConstr!D22*0.99 -> 0 | J26: =-ComConstr!E22*0.99 -> 0 | K26: =-ComConstr!F22*0.99 -> 0 | L26: =-ComConstr!G22*0.99 -> -0.0076327725 | M26: =-ComConstr!H22*0.99 -> 0 | N26: =-ComConstr!I22*0.99 -> 0 | O26: =-ComConstr!J22*0.99 -> 0 | P26: =-ComConstr!K22*0.99 -> 0 | Q26: 0 | R26: 15 | S26: Commercial Water Heating - DSL | V26: S_CWHDSL | W26: CWH-DSL | X26: =LEFT(W26,3) -> CWH | Y26: DEM | Z26: 1 | AA26: =H26*0.76 -> -0.12337234 | AB26: =I26*0.76 -> 0 | AC26: =J26*0.76 -> 0 | AD26: =K26*0.76 -> 0 | AE26: =L26*0.76 -> -0.0058009071 | AF26: =M26*0.76 -> 0 | AG26: =N26*0.76 -> 0 | AH26: =O26*0.76 -> 0 | AI26: =P26*0.76 -> 0 | AJ26: Commercial Water Heating - DSL
G33: ~UC_T: UC_COMPRD~2011~LO
C34: UC_N | D34: PSET_SET | E34: CSET_CN | F34: CSET_SET | G34: LimType | H34: UC_FLO | I34: 2011 | J34: 2020 | K34: 2025 | L34: 2055 | M34: UC_RHSRT | N34: UC_RHSRT~0 | O34: UC_DESC
C35: S_CVTCAV | D35: CVT-CAV | E35: =LEFT(D35,3) -> CVT | F35: DEM | H35: 1 | I35: =-ComConstr!C28*0.99 -> -0.64027788 | L35: =I35 -> -0.64027788 | M35: 0 | N35: 15 | O35: Commercial Ventilation - CAV
C36: S_CVTVAV | D36: CVT-VAV | E36: =LEFT(D36,3) -> CVT | F36: DEM | H36: 1 | I36: =-ComConstr!C29*0.99 -> -0.34972212 | L36: =I36 -> -0.34972212 | M36: 0 | N36: 15 | O36: Commercial Ventilation - VAV
C37: S_CRFCR | D37: CRF-CEN | E37: =LEFT(D37,3) -> CRF | F37: DEM | H37: 1 | I37: =-ComConstr!C30*0.99 -> -0.070373033 | L37: =I37 -> -0.070373033 | M37: 0 | N37: 15 | O37: Commercial Refrigeration - Central
C38: S_CRFWIC | D38: CRF-WIC | E38: =LEFT(D38,3) -> CRF | F38: DEM | H38: 1 | I38: =-ComConstr!C31*0.99 -> -0.22415106 | L38: =I38 -> -0.22415106 | M38: 0 | N38: 15 | O38: Commercial Refrigeration - Walk-In Cooler
C39: S_CRFWIF | D39: CRF-WIF | E39: =LEFT(D39,3) -> CRF | F39: DEM | H39: 1 | I39: =-ComConstr!C32*0.99 -> -0.083490712 | L39: =I39 -> -0.083490712 | M39: 0 | N39: 15 | O39: Commercial Refrigeration - Walk-In Freezer
C40: S_CRFRIR | D40: CRF-RIR | E40: =LEFT(D40,3) -> CRF | F40: DEM | H40: 1 | I40: =-ComConstr!C33*0.99 -> -0.091479588 | L40: =I40 -> -0.091479588 | M40: 0 | N40: 15 | O40: Commercial Refrigeration - Reach-In Cooler
C41: S_CRFRIF | D41: CRF-RIF | E41: =LEFT(D41,3) -> CRF | F41: DEM | H41: 1 | I41: =-ComConstr!C34*0.99 -> -0.31576145 | L41: =I41 -> -0.31576145 | M41: 0 | N41: 15 | O41: Commercial Refrigeration - Reach-In Freezer
C42: S_CRFICE | D42: CRF-ICM | E42: =LEFT(D42,3) -> CRF | F42: DEM | H42: 1 | I42: =-ComConstr!C35*0.99 -> -0.036769783 | L42: =I42 -> -0.036769783 | M42: 0 | N42: 15 | O42: Commercial Refrigeration - Ice Machine
C43: S_CRFBEV | D43: CRF-BEV | E43: =LEFT(D43,3) -> CRF | F43: DEM | H43: 1 | I43: =-ComConstr!C36*0.99 -> -0.12095141 | L43: =I43 -> -0.12095141 | M43: 0 | N43: 15 | O43: Commercial Refrigeration - Beverage Machine
C44: S_CRFRVM | D44: CRF-RVM | E44: =LEFT(D44,3) -> CRF | F44: DEM | H44: 1 | I44: =-ComConstr!C37*0.99 -> -0.047022969 | L44: =I44 -> -0.047022969 | M44: 0 | N44: 15 | O44: Commercial Refrigeration - Vending Machine
C45: S_CLTINC | D45: CLT-INC | E45: =LEFT(D45,3) -> CLT | F45: DEM | H45: 1 | I45: =-ComConstr!C38*0.99 -> -0.032377893 | L45: =I45*0.5 -> -0.016188946 | M45: 0 | N45: 15 | O45: Commercial Lighting - Incandescent
C46: S_CLTCFL | D46: CLT-CFL | E46: =LEFT(D46,3) -> CLT | F46: DEM | H46: 1 | I46: =-ComConstr!C39*0.99 -> -0.12728811 | L46: =I46*0.5 -> -0.063644053 | M46: 0 | N46: 15 | O46: Commercial Lighting - Compact Fluorescent
C47: S_CLTT8 | D47: CLT-T8 | E47: =LEFT(D47,3) -> CLT | F47: DEM | H47: 1 | I47: =-ComConstr!C40*0.99 -> -0.67439955 | L47: =I47*0.5 -> -0.33719977 | M47: 0 | N47: 15 | O47: Commercial Lighting - T8
C48: S_CLTHID | D48: CLT-HID | E48: =LEFT(D48,3) -> CLT | F48: DEM | H48: 1 | I48: =-ComConstr!C41*0.99 -> -0.069602558 | L48: =I48 -> -0.069602558 | M48: 0 | N48: 15 | O48: Commercial Lighting - HID
C49: S_CLTT5 | D49: CLT-T5 | E49: =LEFT(D49,3) -> CLT | F49: DEM | H49: 1 | I49: =-ComConstr!C42*0.99 -> -0.048206391 | L49: 0 | M49: 0 | N49: 15 | O49: Commercial Lighting - T5
C50: S_CLTHAL | D50: CLT-HAL | E50: =LEFT(D50,3) -> CLT | F50: DEM | H50: 1 | I50: =-ComConstr!C43*0.99 -> -0.033761799 | L50: =I50 -> -0.033761799 | M50: 0 | N50: 15 | O50: Commercial Lighting - HAL
C51: S_CLTLED | D51: CLT-LED | E51: =LEFT(D51,3) -> CLT | F51: DEM | H51: 1 | I51: =-ComConstr!C44*0.99 -> -0.0043637076 | L51: =I51 -> -0.0043637076 | M51: 0 | N51: 15 | O51: Commercial Lighting - LED

Sheet RES
B2: ~UC_Sets: R_E: R1,R2,R3,R4,R5,R6,R7,R8,R9
B3: ~UC_Sets: T_E:
F5: ~UC_T: UC_COMPRD~2020~LO
C6: UC_N | D6: PSET_SET | E6: CSET_CN | F6: CSET_SET | G6: UC_FLO | H6: R1 | I6: R2 | J6: R3 | K6: R4 | L6: R5 | M6: R6 | N6: R7 | O6: R8 | P6: R9 | Q6: UC_RHSRT | R6: UC_RHSRT~0 | S6: UC_Desc
C7: S_RLTINC | D7: RLT-INC | E7: RLT | F7: DEM | G7: 1 | H7: -0.25 | I7: -0.25 | J7: -0.25 | K7: -0.25 | L7: -0.25 | M7: -0.25 | N7: -0.25 | O7: -0.25 | P7: -0.25 | Q7: 0 | R7: 15
G10: ~UC_T: UC_COMPRD~2011~LO | AC10: ~UC_T: UC_COMPRD~2055~LO
C11: UC_N | D11: PSET_SET | E11: CSET_CN | F11: CSET_SET | G11: LimType | H11: UC_FLO | I11: R1 | J11: R2 | K11: R3 | L11: R4 | M11: R5 | N11: R6 | O11: R7 | P11: R8 | Q11: R9 | R11: UC_RHSRT | S11: UC_RHSRT~0 | T11: UC_Desc | Y11: UC_N | Z11: PSET_SET | AA11: CSET_CN | AB11: CSET_SET | AC11: LimType | AD11: UC_FLO | AE11: R1 | AF11: R2 | AG11: R3 | AH11: R4 | AI11: R5 | AJ11: R6 | AK11: R7 | AL11: R8 | AM11: R9 | AN11: UC_Desc
C12: S_RSHDSL | D12: RSH-DSL | E12: RSH | F12: DEM | H12: 1 | I12: -0.48 | J12: -0.26 | K12: -0.02 | L12: -0.02 | M12: -0.06 | Q12: -0.02 | R12: 0 | S12: 15 | T12: Residential Space Heating - DSL | Y12: S_RSHDSL | Z12: RSH-DSL | AA12: RSH | AB12: DEM | AD12: 1 | AE12: -0.24 | AF12: -0.13 | AG12: -0.01 | AH12: -0.01 | AI12: -0.03 | AM12: -0.01
C13: S_RSHELC | D13: RSH-ELC | E13: RSH | F13: DEM | H13: 1 | I13: -0.02 | J13: -0.04 | K13: -0.05 | L13: -0.08 | M13: -0.342 | N13: -0.2805 | O13: -0.18 | P13: -0.1 | Q13: -0.15 | R13: 0 | S13: 15 | T13: Residential Space Heating - ELC | Y13: S_RSHELC | Z13: RSH-ELC | AA13: RSH | AB13: DEM | AD13: 1 | AE13: -0.01 | AF13: -0.03 | AG13: -0.04 | AH13: -0.06 | AI13: -0.247 | AJ13: -0.204 | AK13: -0.135 | AL13: -0.07 | AM13: -0.11
C14: S_RSHLPG | D14: RSH-LPG | E14: RSH | F14: DEM | H14: 1 | I14: -0.02 | J14: -0.03 | K14: -0.06 | L14: -0.15 | M14: -0.04 | N14: -0.11 | O14: -0.06 | P14: -0.09 | Q14: -0.03 | R14: 0 | S14: 15 | T14: Residential Space Heating - LPG | Y14: S_RSHLPG | Z14: RSH-LPG | AA14: RSH | AB14: DEM | AD14: 1 | AE14: -0.01 | AF14: -0.02 | AG14: -0.03 | AH14: -0.08 | AI14: -0.02 | AJ14: -0.06 | AK14: -0.03 | AL14: -0.05 | AM14: -0.02
C15: S_RSHNG | D15: RSH-NG | E15: RSH | F15: DEM | H15: 1 | I15: -0.38 | J15: -0.6 | K15: -0.81 | L15: -0.65 | M15: -0.42 | N15: -0.43 | O15: -0.62 | P15: -0.73 | Q15: -0.66 | R15: 0 | S15: 15 | T15: Residential Space Heating - NG | Y15: S_RSHNG | Z15: RSH-NG | AA15: RSH | AB15: DEM | AD15: 1 | AE15: -0.28 | AF15: -0.44 | AG15: -0.59 | AH15: -0.47 | AI15: -0.31 | AJ15: -0.31 | AK15: -0.45 | AL15: -0.53 | AM15: -0.48
C16: S_RSHBIO | D16: RSH-BIO | E16: RSH | F16: DEM | G16: FX | H16: 1 | I16: -0.08 | J16: -0.04 | K16: -0.05 | L16: -0.08 | M16: -0.09 | N16: -0.12 | O16: -0.06 | P16: -0.06 | Q16: -0.13 | R16: 0 | S16: 15 | T16: Residential Space Heating - BIO | Y16: S_RSHBIO | Z16: RSH-BIO | AA16: RSH | AB16: DEM | AC16: FX | AD16: 1 | AE16: -0.06 | AF16: -0.03 | AG16: -0.04 | AH16: -0.06 | AI16: -0.07 | AJ16: -0.09 | AK16: -0.04 | AL16: -0.04 | AM16: -0.09
C17: S_RSHKER | D17: RSH-KER | E17: RSH | F17: DEM | H17: 1 | I17: -0.009 | J17: -0.011 | R17: 0 | S17: 15 | T17: Residential Space Heating - KER | Y17: S_RSHKER | Z17: RSH-KER | AA17: RSH | AB17: DEM | AD17: 1 | AE17: -0.005 | AF17: -0.006
C18: S_RSHFUR | D18: RSH-FUR | E18: RSH | F18: DEM | H18: 1 | I18: -0.37 | J18: -0.5 | K18: -0.8 | L18: -0.74 | M18: -0.45 | N18: -0.5 | O18: -0.57 | P18: -0.75 | Q18: -0.55 | R18: 0 | S18: 15 | T18: Residential Space Heating - Furnaces | Y18: S_RSHFUR | Z18: RSH-FUR | AA18: RSH | AB18: DEM | AD18: 1 | AE18: -0.27 | AF18: -0.37 | AG18: -0.58 | AH18: -0.54 | AI18: -0.33 | AJ18: -0.37 | AK18: -0.42 | AL18: -0.55 | AM18: -0.4
C19: S_RSHRD | D19: RSH-RD | E19: RSH | F19: DEM | H19: 1 | I19: -0.53 | J19: -0.42 | K19: -0.12 | L19: -0.14 | M19: -0.24 | N19: -0.21 | O19: -0.31 | P19: -0.12 | Q19: -0.28 | R19: 0 | S19: 15 | T19: Residential Space Heating - Radiant | Y19: S_RSHRD | Z19: RSH-RD | AA19: RSH | AB19: DEM | AD19: 1 | AE19: -0.39 | AF19: -0.31 | AG19: -0.09 | AH19: -0.1 | AI19: -0.18 | AJ19: -0.15 | AK19: -0.23 | AL19: -0.09 | AM19: -0.2
C20: S_RWHDSL | D20: RWH-DSL | E20: RWH | F20: DEM | H20: 1 | I20: -0.3 | J20: -0.11 | R20: 0 | S20: 15 | T20: Residential Water Heating - DSL | Y20: S_RWHDSL | Z20: RWH-DSL | AA20: RWH | AB20: DEM | AD20: 1 | AE20: -0.08 | AF20: -0.03
C21: S_RWHELC | D21: RWH-ELC | E21: RWH | F21: DEM | H21: 1 | I21: -0.16 | J21: -0.16 | K21: -0.19 | L21: -0.25 | M21: -0.59 | N21: -0.56 | O21: -0.38 | P21: -0.23 | Q21: -0.22 | R21: 0 | S21: 15 | T21: Residential Water Heating - ELC | Y21: S_RWHELC | Z21: RWH-ELC | AA21: RWH | AB21: DEM | AD21: 1 | AE21: -0.12 | AF21: -0.12 | AG21: -0.14 | AH21: -0.18 | AI21: -0.43 | AJ21: -0.41 | AK21: -0.28 | AL21: -0.17 | AM21: -0.16
C22: S_RWHLPG | D22: RWH-LPG | E22: RWH | F22: DEM | H22: 1 | I22: -0.03 | J22: -0.03 | K22: -0.05 | L22: -0.07 | M22: -0.03 | N22: -0.04 | O22: -0.05 | P22: -0.07 | Q22: -0.04 | R22: 0 | S22: 15 | T22: Residential Water Heating - LPG | Y22: S_RWHLPG | Z22: RWH-LPG | AA22: RWH | AB22: DEM | AD22: 1 | AE22: -0.02 | AF22: -0.02 | AG22: -0.03 | AH22: -0.04 | AI22: -0.02 | AJ22: -0.02 | AK22: -0.03 | AL22: -0.04 | AM22: -0.02
C23: S_RWHNG | D23: RWH-NG | E23: RWH | F23: DEM | H23: 1 | I23: -0.49 | J23: -0.67 | K23: -0.75 | L23: -0.66 | M23: -0.36 | N23: -0.38 | O23: -0.55 | P23: -0.68 | Q23: -0.72 | R23: 0 | S23: 15 | T23: Residential Water Heating - NG | Y23: S_RWHNG | Z23: RWH-NG | AA23: RWH | AB23: DEM | AD23: 1 | AE23: -0.36 | AF23: -0.49 | AG23: -0.55 | AH23: -0.48 | AI23: -0.26 | AJ23: -0.28 | AK23: -0.4 | AL23: -0.5 | AM23: -0.53
C24: S_RSCNG | D24: RSC-NG | E24: RSC | F24: DEM | H24: 1 | I24: 0 | J24: 0 | K24: 0 | L24: -0.01 | M24: -0.01 | N24: -0.01 | O24: 0 | P24: -0.01 | Q24: 0 | R24: 0 | S24: 15 | T24: Residential Space Cooling - Natural Gas | Y24: S_RSCNG | Z24: RSC-NG | AA24: RSC | AB24: DEM | AD24: 1 | AE24: 0 | AF24: 0 | AG24: 0 | AH24: -0.01 | AI24: -0.01 | AJ24: -0.01 | AK24: 0 | AL24: -0.01 | AM24: 0
C25: S_RSCHP | D25: RSC-HP | E25: RSC | F25: DEM | H25: 1 | I25: -0.01 | J25: -0.04 | K25: -0.03 | L25: -0.05 | M25: -0.29 | N25: -0.22 | O25: -0.05 | P25: -0.16 | Q25: -0.07 | R25: 0 | S25: 15 | T25: Residential Space Cooling - Central Heat Pump | Y25: S_RSCHP | Z25: RSC-HP | AA25: RSC | AB25: DEM | AD25: 1 | AE25: -0.01 | AF25: -0.03 | AG25: -0.02 | AH25: -0.04 | AI25: -0.21 | AJ25: -0.16 | AK25: -0.04 | AL25: -0.12 | AM25: -0.05
C26: S_RSCCAC | D26: RSC-CEN | E26: RSC | F26: DEM | H26: 1 | I26: -0.48 | J26: -0.63 | K26: -0.81 | L26: -0.87 | M26: -0.63 | N26: -0.7 | O26: -0.83 | P26: -0.79 | Q26: -0.78 | R26: 0 | S26: 15 | T26: Residential Space Cooling - Central AC | Y26: S_RSCCAC | Z26: RSC-CEN | AA26: RSC | AB26: DEM | AD26: 1 | AE26: -0.35 | AF26: -0.46 | AG26: -0.59 | AH26: -0.64 | AI26: -0.46 | AJ26: -0.51 | AK26: -0.61 | AL26: -0.58 | AM26: -0.57
C27: S_RSCRAC | D27: RSC-RAC | E27: RSC | F27: DEM | H27: 1 | I27: -0.5 | J27: -0.31 | K27: -0.14 | L27: -0.06 | M27: -0.06 | N27: -0.06 | O27: -0.1 | P27: -0.03 | Q27: -0.13 | R27: 0 | S27: 15 | T27: Residential Space Cooling - Room AC | Y27: S_RSCRAC | Z27: RSC-RAC | AA27: RSC | AB27: DEM | AD27: 1 | AE27: -0.37 | AF27: -0.23 | AG27: -0.1 | AH27: -0.04 | AI27: -0.04 | AJ27: -0.04 | AK27: -0.07 | AL27: -0.02 | AM27: -0.09
C28: S_RLTINC | D28: RLT-INC | E28: RLT | F28: DEM | H28: 1 | I28: -0.49 | J28: -0.49 | K28: -0.49 | L28: -0.49 | M28: -0.49 | N28: -0.49 | O28: -0.49 | P28: -0.49 | Q28: -0.49 | R28: 0 | S28: 15 | T28: Residential Lighting - Incandescent | Y28: S_RLTINC | Z28: RLT-INC | AA28: RLT | AB28: DEM | AD28: 1 | AE28: -0.05 | AF28: -0.05 | AG28: -0.05 | AH28: -0.05 | AI28: -0.05 | AJ28: -0.05 | AK28: -0.05 | AL28: -0.05 | AM28: -0.05
C29: S_RLTCFL | D29: RLT-CFL | E29: RLT | F29: DEM | H29: 1 | I29: -0.26 | J29: -0.26 | K29: -0.26 | L29: -0.26 | M29: -0.26 | N29: -0.26 | O29: -0.26 | P29: -0.26 | Q29: -0.26 | R29: 0 | S29: 15 | T29: Residential Lighting - Compact Fluorescent | Y29: S_RLTCFL | Z29: RLT-CFL | AA29: RLT | AB29: DEM | AD29: 1 | AE29: -0.19 | AF29: -0.19 | AG29: -0.19 | AH29: -0.19 | AI29: -0.19 | AJ29: -0.19 | AK29: -0.19 | AL29: -0.19 | AM29: -0.19
C30: S_RLTLFL | D30: RLT-LFL | E30: RLT | F30: DEM | H30: 1 | I30: -0.18 | J30: -0.18 | K30: -0.18 | L30: -0.18 | M30: -0.18 | N30: -0.18 | O30: -0.18 | P30: -0.18 | Q30: -0.18 | R30: 0 | S30: 15 | T30: Residential Lighting - Linear Fluorescent | Y30: S_RLTLFL | Z30: RLT-LFL | AA30: RLT | AB30: DEM | AD30: 1 | AE30: -0.13 | AF30: -0.13 | AG30: -0.13 | AH30: -0.13 | AI30: -0.13 | AJ30: -0.13 | AK30: -0.13 | AL30: -0.13 | AM30: -0.13
C31: S_RLTREF | D31: RLT-REF | E31: RLT | F31: DEM | H31: 1 | I31: -0.08 | J31: -0.08 | K31: -0.08 | L31: -0.08 | M31: -0.08 | N31: -0.08 | O31: -0.08 | P31: -0.08 | Q31: -0.08 | R31: 0 | S31: 15 | T31: Residential Lighting - Reflector | Y31: S_RLTREF | Z31: RLT-REF | AA31: RLT | AB31: DEM | AD31: 1 | AE31: -0.08 | AF31: -0.08 | AG31: -0.08 | AH31: -0.08 | AI31: -0.08 | AJ31: -0.08 | AK31: -0.08 | AL31: -0.08 | AM31: -0.08
C32: S_RLTEXT | D32: RLT-EXT | E32: RLT | F32: DEM | H32: 1 | I32: -0.04 | J32: -0.04 | K32: -0.04 | L32: -0.04 | M32: -0.04 | N32: -0.04 | O32: -0.04 | P32: -0.04 | Q32: -0.04 | R32: 0 | S32: 15 | T32: Residential Lighting - Exterior | Y32: S_RLTEXT | Z32: RLT-EXT | AA32: RLT | AB32: DEM | AD32: 1 | AE32: -0.04 | AF32: -0.04 | AG32: -0.04 | AH32: -0.04 | AI32: -0.04 | AJ32: -0.04 | AK32: -0.04 | AL32: -0.04 | AM32: -0.04
C33: S_RLTGSL | D33: RLT-GSL | E33: RLT | F33: DEM | H33: 1 | I33: -0.68 | J33: -0.68 | K33: -0.68 | L33: -0.68 | M33: -0.68 | N33: -0.68 | O33: -0.68 | P33: -0.68 | Q33: -0.68 | R33: 0 | S33: 15 | T33: Residential Lighting - General Services | Y33: S_RLTGSL | Z33: RLT-GSL | AA33: RLT | AB33: DEM | AD33: 1 | AE33: -0.68 | AF33: -0.68 | AG33: -0.68 | AH33: -0.68 | AI33: -0.68 | AJ33: -0.68 | AK33: -0.68 | AL33: -0.68 | AM33: -0.68

Sheet ComConstr
C1: =C16+C17+C18+C19 -> 1.336402 | D1: =D16+D17+D18+D19 -> 1.1839754 | E1: =E16+E17+E18+E19 -> 0.99219108 | F1: =F16+F17+F18+F19 -> 0.96189379 | G1: =G16+G17+G18+G19 -> 0.83059198 | H1: =H16+H17+H18+H19 -> 0.86957444 | I1: =I16+I17+I18+I19 -> 0.9056518 | J1: =J16+J17+J18+J19 -> 0.95334022 | K1: =K16+K17+K18+K19 -> 0.88958916
A2: UC_N | B2: PSET_SET | C2: R1 | D2: R2 | E2: R3 | F2: R4 | G2: R5 | H2: R6 | I2: R7 | J2: R8 | K2: R9 | N2: R1 | O2: R2 | P2: R3 | Q2: R4 | R2: R5 | S2: R6 | T2: R7 | U2: R8 | V2: R9
A3: S_CSCELC | B3: CSC-ELC | C3: =(SUMIFS('COM results'!$G:$G,'COM results'!$D:$D,"CSC",'COM results'!$F:$F,C$2,'COM results'!$A:$A,"AHP",'COM results'!$B:$B,"VAR_Fout")+SUMIFS('COM results'!$G:$G,'COM results'!$D:$D,"CSC",'COM results'!$F:$F,C$2,'COM results'!$A:$A,"GHP",'COM results'!$B:$B,"VAR_Fout")+SUMIFS('COM results'!$G:$G,'COM results'!$D:$D,"CSC",'COM results'!$F:$F,C$2,'COM results'!$A:$A,"CSC",'COM results'!$B:$B,"VAR_Fout")+SUMIFS('COM results'!$G:$G,'COM results'!$D:$D,"CSC",'COM results'!$F:$F,C$2,'COM results'!$A:$A,"CSW",'COM results'!$B:$B,"VAR_Fout")+SUMIFS('COM results'!$G:$G,'COM results'!$D:$D,"CSC",'COM results'!$F:$F,C$2,'COM results'!$A:$A,"CRC",'COM results'!$B:$B,"VAR_Fout")+SUMIFS('COM results'!$G:$G,'COM results'!$D:$D,"CSC",'COM results'!$F:$F,C$2,'COM results'!$A:$A,"CCC",'COM results'!$B:$B,"VAR_Fout")+SUMIFS('COM results'!$G:$G,'COM results'!$D:$D,"CSC",'COM results'!$F:$F,C$2,'COM results'!$A:$A,"RAC",'COM results'!$B:$B,"VAR_Fout")+SUMIFS('COM results'!$G:$G,'COM results'!$D:$D,"CSC",'COM results'!$F:$F,C$2,'COM results'!$A:$A,"WAC",'COM results'!$B:$B,"VAR_Fout")+SUMIFS('COM results'!$G:$G,'COM results'!$D:$D,"CSC",'COM results'!$F:$F,C$2,'COM results'!$A:$A,"CAC",'COM results'!$B:$B,"VAR_Fout"))/N3 -> 0.97198144 | D3: =(SUMIFS('COM results'!$G:$G,'COM results'!$D:$D,"CSC",'COM results'!$F:$F,D$2,'COM results'!$A:$A,"AHP",'COM results'!$B:$B,"VAR_Fout")+SUMIFS('COM results'!$G:$G,'COM results'!$D:$D,"CSC",'COM results'!$F:$F,D$2,'COM results'!$A:$A,"GHP",'COM results'!$B:$B,"VAR_Fout")+SUMIFS('COM results'!$G:$G,'COM results'!$D:$D,"CSC",'COM results'!$F:$F,D$2,'COM results'!$A:$A,"CSC",'COM results'!$B:$B,"VAR_Fout")+SUMIFS('COM results'!$G:$G,'COM results'!$D:$D,"CSC",'COM results'!$F:$F,D$2,'COM results'!$A:$A,"CSW",'COM results'!$B:$B,"VAR_Fout")+SUMIFS('COM results'!$G:$G,'COM results'!$D:$D,"CSC",'COM results'!$F:$F,D$2,'COM results'!$A:$A,"CRC",'COM results'!$B:$B,"VAR_Fout")+SUMIFS('COM results'!$G:$G,'COM results'!$D:$D,"CSC",'COM results'!$F:$F,D$2,'COM results'!$A:$A,"CCC",'COM results'!$B:$B,"VAR_Fout")+SUMIFS('COM results'!$G:$G,'COM results'!$D:$D,"CSC",'COM results'!$F:$F,D$2,'COM results'!$A:$A,"RAC",'COM results'!$B:$B,"VAR_Fout")+SUMIFS('COM results'!$G:$G,'COM results'!$D:$D,"CSC",'COM results'!$F:$F,D$2,'COM results'!$A:$A,"WAC",'COM results'!$B:$B,"VAR_Fout")+SUMIFS('COM results'!$G:$G,'COM results'!$D:$D,"CSC",'COM results'!$F:$F,D$2,'COM results'!$A:$A,"CAC",'COM results'!$B:$B,"VAR_Fout"))/O3 -> 0.98037407 | E3: =(SUMIFS('COM results'!$G:$G,'COM results'!$D:$D,"CSC",'COM results'!$F:$F,E$2,'COM results'!$A:$A,"AHP",'COM results'!$B:$B,"VAR_Fout")+SUMIFS('COM results'!$G:$G,'COM results'!$D:$D,"CSC",'COM results'!$F:$F,E$2,'COM results'!$A:$A,"GHP",'COM results'!$B:$B,"VAR_Fout")+SUMIFS('COM results'!$G:$G,'COM results'!$D:$D,"CSC",'COM results'!$F:$F,E$2,'COM results'!$A:$A,"CSC",'COM results'!$B:$B,"VAR_Fout")+SUMIFS('COM results'!$G:$G,'COM results'!$D:$D,"CSC",'COM results'!$F:$F,E$2,'COM results'!$A:$A,"CSW",'COM results'!$B:$B,"VAR_Fout")+SUMIFS('COM results'!$G:$G,'COM results'!$D:$D,"CSC",'COM results'!$F:$F,E$2,'COM results'!$A:$A,"CRC",'COM results'!$B:$B,"VAR_Fout")+SUMIFS('COM results'!$G:$G,'COM results'!$D:$D,"CSC",'COM results'!$F:$F,E$2,'COM results'!$A:$A,"CCC",'COM results'!$B:$B,"VAR_Fout")+SUMIFS('COM results'!$G:$G,'COM results'!$D:$D,"CSC",'COM results'!$F:$F,E$2,'COM results'!$A:$A,"RAC",'COM results'!$B:$B,"VAR_Fout")+SUMIFS('COM results'!$G:$G,'COM results'!$D:$D,"CSC",'COM results'!$F:$F,E$2,'COM results'!$A:$A,"WAC",'COM results'!$B:$B,"VAR_Fout")+SUMIFS('COM results'!$G:$G,'COM results'!$D:$D,"CSC",'COM results'!$F:$F,E$2,'COM results'!$A:$A,"CAC",'COM results'!$B:$B,"VAR_Fout"))/P3 -> 0.97473064 | F3: =(SUMIFS('COM results'!$G:$G,'COM results'!$D:$D,"CSC",'COM results'!$F:$F,F$2,'COM results'!$A:$A,"AHP",'COM results'!$B:$B,"VAR_Fout")+SUMIFS('COM results'!$G:$G,'COM results'!$D:$D,"CSC",'COM results'!$F:$F,F$2,'COM results'!$A:$A,"GHP",'COM results'!$B:$B,"VAR_Fout")+SUMIFS('COM results'!$G:$G,'COM results'!$D:$D,"CSC",'COM results'!$F:$F,F$2,'COM results'!$A:$A,"CSC",'COM results'!$B:$B,"VAR_Fout")+SUMIFS('COM results'!$G:$G,'COM results'!$D:$D,"CSC",'COM results'!$F:$F,F$2,'COM results'!$A:$A,"CSW",'COM results'!$B:$B,"VAR_Fout")+SUMIFS('COM results'!$G:$G,'COM results'!$D:$D,"CSC",'COM results'!$F:$F,F$2,'COM results'!$A:$A,"CRC",'COM results'!$B:$B,"VAR_Fout")+SUMIFS('COM results'!$G:$G,'COM results'!$D:$D,"CSC",'COM results'!$F:$F,F$2,'COM results'!$A:$A,"CCC",'COM results'!$B:$B,"VAR_Fout")+SUMIFS('COM results'!$G:$G,'COM results'!$D:$D,"CSC",'COM results'!$F:$F,F$2,'COM results'!$A:$A,"RAC",'COM results'!$B:$B,"VAR_Fout")+SUMIFS('COM results'!$G:$G,'COM results'!$D:$D,"CSC",'COM results'!$F:$F,F$2,'COM results'!$A:$A,"WAC",'COM results'!$B:$B,"VAR_Fout")+SUMIFS('COM results'!$G:$G,'COM results'!$D:$D,"CSC",'COM results'!$F:$F,F$2,'COM results'!$A:$A,"CAC",'COM results'!$B:$B,"VAR_Fout"))/Q3 -> 0.99892888 | G3: =(SUMIFS('COM results'!$G:$G,'COM results'!$D:$D,"CSC",'COM results'!$F:$F,G$2,'COM results'!$A:$A,"AHP",'COM results'!$B:$B,"VAR_Fout")+SUMIFS('COM results'!$G:$G,'COM results'!$D:$D,"CSC",'COM results'!$F:$F,G$2,'COM results'!$A:$A,"GHP",'COM results'!$B:$B,"VAR_Fout")+SUMIFS('COM results'!$G:$G,'COM results'!$D:$D,"CSC",'COM results'!$F:$F,G$2,'COM results'!$A:$A,"CSC",'COM results'!$B:$B,"VAR_Fout")+SUMIFS('COM results'!$G:$G,'COM results'!$D:$D,"CSC",'COM results'!$F:$F,G$2,'COM results'!$A:$A,"CSW",'COM results'!$B:$B,"VAR_Fout")+SUMIFS('COM results'!$G:$G,'COM results'!$D:$D,"CSC",'COM results'!$F:$F,G$2,'COM results'!$A:$A,"CRC",'COM results'!$B:$B,"VAR_Fout")+SUMIFS('COM results'!$G:$G,'COM results'!$D:$D,"CSC",'COM results'!$F:$F,G$2,'COM results'!$A:$A,"CCC",'COM results'!$B:$B,"VAR_Fout")+SUMIFS('COM results'!$G:$G,'COM results'!$D:$D,"CSC",'COM results'!$F:$F,G$2,'COM results'!$A:$A,"RAC",'COM results'!$B:$B,"VAR_Fout")+SUMIFS('COM results'!$G:$G,'COM results'!$D:$D,"CSC",'COM results'!$F:$F,G$2,'COM results'!$A:$A,"WAC",'COM results'!$B:$B,"VAR_Fout")+SUMIFS('COM results'!$G:$G,'COM results'!$D:$D,"CSC",'COM results'!$F:$F,G$2,'COM results'!$A:$A,"CAC",'COM results'!$B:$B,"VAR_Fout"))/R3 -> 0.99606418 | H3: =(SUMIFS('COM results'!$G:$G,'COM results'!$D:$D,"CSC",'COM results'!$F:$F,H$2,'COM results'!$A:$A,"AHP",'COM results'!$B:$B,"VAR_Fout")+SUMIFS('COM results'!$G:$G,'COM results'!$D:$D,"CSC",'COM results'!$F:$F,H$2,'COM results'!$A:$A,"GHP",'COM results'!$B:$B,"VAR_Fout")+SUMIFS('COM results'!$G:$G,'COM results'!$D:$D,"CSC",'COM results'!$F:$F,H$2,'COM results'!$A:$A,"CSC",'COM results'!$B:$B,"VAR_Fout")+SUMIFS('COM results'!$G:$G,'COM results'!$D:$D,"CSC",'COM results'!$F:$F,H$2,'COM results'!$A:$A,"CSW",'COM results'!$B:$B,"VAR_Fout")+SUMIFS('COM results'!$G:$G,'COM results'!$D:$D,"CSC",'COM results'!$F:$F,H$2,'COM results'!$A:$A,"CRC",'COM results'!$B:$B,"VAR_Fout")+SUMIFS('COM results'!$G:$G,'COM results'!$D:$D,"CSC",'COM results'!$F:$F,H$2,'COM results'!$A:$A,"CCC",'COM results'!$B:$B,"VAR_Fout")+SUMIFS('COM results'!$G:$G,'COM results'!$D:$D,"CSC",'COM results'!$F:$F,H$2,'COM results'!$A:$A,"RAC",'COM results'!$B:$B,"VAR_Fout")+SUMIFS('COM results'!$G:$G,'COM results'!$D:$D,"CSC",'COM results'!$F:$F,H$2,'COM results'!$A:$A,"WAC",'COM results'!$B:$B,"VAR_Fout")+SUMIFS('COM results'!$G:$G,'COM results'!$D:$D,"CSC",'COM results'!$F:$F,H$2,'COM results'!$A:$A,"CAC",'COM results'!$B:$B,"VAR_Fout"))/S3 -> 0.99186482 | I3: =(SUMIFS('COM results'!$G:$G,'COM results'!$D:$D,"CSC",'COM results'!$F:$F,I$2,'COM results'!$A:$A,"AHP",'COM results'!$B:$B,"VAR_Fout")+SUMIFS('COM results'!$G:$G,'COM results'!$D:$D,"CSC",'COM results'!$F:$F,I$2,'COM results'!$A:$A,"GHP",'COM results'!$B:$B,"VAR_Fout")+SUMIFS('COM results'!$G:$G,'COM results'!$D:$D,"CSC",'COM results'!$F:$F,I$2,'COM results'!$A:$A,"CSC",'COM results'!$B:$B,"VAR_Fout")+SUMIFS('COM results'!$G:$G,'COM results'!$D:$D,"CSC",'COM results'!$F:$F,I$2,'COM results'!$A:$A,"CSW",'COM results'!$B:$B,"VAR_Fout")+SUMIFS('COM results'!$G:$G,'COM results'!$D:$D,"CSC",'COM results'!$F:$F,I$2,'COM results'!$A:$A,"CRC",'COM results'!$B:$B,"VAR_Fout")+SUMIFS('COM results'!$G:$G,'COM results'!$D:$D,"CSC",'COM results'!$F:$F,I$2,'COM results'!$A:$A,"CCC",'COM results'!$B:$B,"VAR_Fout")+SUMIFS('COM results'!$G:$G,'COM results'!$D:$D,"CSC",'COM results'!$F:$F,I$2,'COM results'!$A:$A,"RAC",'COM results'!$B:$B,"VAR_Fout")+SUMIFS('COM results'!$G:$G,'COM results'!$D:$D,"CSC",'COM results'!$F:$F,I$2,'COM results'!$A:$A,"WAC",'COM results'!$B:$B,"VAR_Fout")+SUMIFS('COM results'!$G:$G,'COM results'!$D:$D,"CSC",'COM results'!$F:$F,I$2,'COM results'!$A:$A,"CAC",'COM results'!$B:$B,"VAR_Fout"))/T3 -> 0.99874203 | J3: =(SUMIFS('COM results'!$G:$G,'COM results'!$D:$D,"CSC",'COM results'!$F:$F,J$2,'COM results'!$A:$A,"AHP",'COM results'!$B:$B,"VAR_Fout")+SUMIFS('COM results'!$G:$G,'COM results'!$D:$D,"CSC",'COM results'!$F:$F,J$2,'COM results'!$A:$A,"GHP",'COM results'!$B:$B,"VAR_Fout")+SUMIFS('COM results'!$G:$G,'COM results'!$D:$D,"CSC",'COM results'!$F:$F,J$2,'COM results'!$A:$A,"CSC",'COM results'!$B:$B,"VAR_Fout")+SUMIFS('COM results'!$G:$G,'COM results'!$D:$D,"CSC",'COM results'!$F:$F,J$2,'COM results'!$A:$A,"CSW",'COM results'!$B:$B,"VAR_Fout")+SUMIFS('COM results'!$G:$G,'COM results'!$D:$D,"CSC",'COM results'!$F:$F,J$2,'COM results'!$A:$A,"CRC",'COM results'!$B:$B,"VAR_Fout")+SUMIFS('COM results'!$G:$G,'COM results'!$D:$D,"CSC",'COM results'!$F:$F,J$2,'COM results'!$A:$A,"CCC",'COM results'!$B:$B,"VAR_Fout")+SUMIFS('COM results'!$G:$G,'COM results'!$D:$D,"CSC",'COM results'!$F:$F,J$2,'COM results'!$A:$A,"RAC",'COM results'!$B:$B,"VAR_Fout")+SUMIFS('COM results'!$G:$G,'COM results'!$D:$D,"CSC",'COM results'!$F:$F,J$2,'COM results'!$A:$A,"WAC",'COM results'!$B:$B,"VAR_Fout")+SUMIFS('COM results'!$G:$G,'COM results'!$D:$D,"CSC",'COM results'!$F:$F,J$2,'COM results'!$A:$A,"CAC",'COM results'!$B:$B,"VAR_Fout"))/U3 -> 0.98436739 | K3: =(SUMIFS('COM results'!$G:$G,'COM results'!$D:$D,"CSC",'COM results'!$F:$F,K$2,'COM results'!$A:$A,"AHP",'COM results'!$B:$B,"VAR_Fout")+SUMIFS('COM results'!$G:$G,'COM results'!$D:$D,"CSC",'COM results'!$F:$F,K$2,'COM results'!$A:$A,"GHP",'COM results'!$B:$B,"VAR_Fout")+SUMIFS('COM results'!$G:$G,'COM results'!$D:$D,"CSC",'COM results'!$F:$F,K$2,'COM results'!$A:$A,"CSC",'COM results'!$B:$B,"VAR_Fout")+SUMIFS('COM results'!$G:$G,'COM results'!$D:$D,"CSC",'COM results'!$F:$F,K$2,'COM results'!$A:$A,"CSW",'COM results'!$B:$B,"VAR_Fout")+SUMIFS('COM results'!$G:$G,'COM results'!$D:$D,"CSC",'COM results'!$F:$F,K$2,'COM results'!$A:$A,"CRC",'COM results'!$B:$B,"VAR_Fout")+SUMIFS('COM results'!$G:$G,'COM results'!$D:$D,"CSC",'COM results'!$F:$F,K$2,'COM results'!$A:$A,"CCC",'COM results'!$B:$B,"VAR_Fout")+SUMIFS('COM results'!$G:$G,'COM results'!$D:$D,"CSC",'COM results'!$F:$F,K$2,'COM results'!$A:$A,"RAC",'COM results'!$B:$B,"VAR_Fout")+SUMIFS('COM results'!$G:$G,'COM results'!$D:$D,"CSC",'COM results'!$F:$F,K$2,'COM results'!$A:$A,"WAC",'COM results'!$B:$B,"VAR_Fout")+SUMIFS('COM results'!$G:$G,'COM results'!$D:$D,"CSC",'COM results'!$F:$F,K$2,'COM results'!$A:$A,"CAC",'COM results'!$B:$B,"VAR_Fout"))/V3 -> 0.99564634 | M3: CSC | N3: =SUMIFS('COM results'!$G:$G,'COM results'!$D:$D,$M3,'COM results'!$F:$F,N$2,'COM results'!$B:$B,"VAR_Fout") -> 34.718519 | O3: =SUMIFS('COM results'!$G:$G,'COM results'!$D:$D,$M3,'COM results'!$F:$F,O$2,'COM results'!$B:$B,"VAR_Fout") -> 164.33822 | P3: =SUMIFS('COM results'!$G:$G,'COM results'!$D:$D,$M3,'COM results'!$F:$F,P$2,'COM results'!$B:$B,"VAR_Fout") -> 175.94294 | Q3: =SUMIFS('COM results'!$G:$G,'COM results'!$D:$D,$M3,'COM results'!$F:$F,Q$2,'COM results'!$B:$B,"VAR_Fout") -> 95.974842 | R3: =SUMIFS('COM results'!$G:$G,'COM results'!$D:$D,$M3,'COM results'!$F:$F,R$2,'COM results'!$B:$B,"VAR_Fout") -> 640.49585 | S3: =SUMIFS('COM results'!$G:$G,'COM results'!$D:$D,$M3,'COM results'!$F:$F,S$2,'COM results'!$B:$B,"VAR_Fout") -> 151.86447 | T3: =SUMIFS('COM results'!$G:$G,'COM results'!$D:$D,$M3,'COM results'!$F:$F,T$2,'COM results'!$B:$B,"VAR_Fout") -> 446.54527 | U3: =SUMIFS('COM results'!$G:$G,'COM results'!$D:$D,$M3,'COM results'!$F:$F,U$2,'COM results'!$B:$B,"VAR_Fout") -> 110.09751 | V3: =SUMIFS('COM results'!$G:$G,'COM results'!$D:$D,$M3,'COM results'!$F:$F,V$2,'COM results'!$B:$B,"VAR_Fout") -> 136.21117
A4: S_CSCNG | B4: CSC-NG | C4: =(SUMIFS('COM results'!$G:$G,'COM results'!$D:$D,"CSC",'COM results'!$F:$F,C$2,'COM results'!$A:$A,"NHP",'COM results'!$B:$B,"VAR_Fout")+SUMIFS('COM results'!$G:$G,'COM results'!$D:$D,"CSC",'COM results'!$F:$F,C$2,'COM results'!$A:$A,"NRC",'COM results'!$B:$B,"VAR_Fout")+SUMIFS('COM results'!$G:$G,'COM results'!$D:$D,"CSC",'COM results'!$F:$F,C$2,'COM results'!$A:$A,"CHA",'COM results'!$B:$B,"VAR_Fout")+SUMIFS('COM results'!$G:$G,'COM results'!$D:$D,"CSC",'COM results'!$F:$F,C$2,'COM results'!$A:$A,"CHE",'COM results'!$B:$B,"VAR_Fout"))/N3 -> 0.028018562 | D4: =(SUMIFS('COM results'!$G:$G,'COM results'!$D:$D,"CSC",'COM results'!$F:$F,D$2,'COM results'!$A:$A,"NHP",'COM results'!$B:$B,"VAR_Fout")+SUMIFS('COM results'!$G:$G,'COM results'!$D:$D,"CSC",'COM results'!$F:$F,D$2,'COM results'!$A:$A,"NRC",'COM results'!$B:$B,"VAR_Fout")+SUMIFS('COM results'!$G:$G,'COM results'!$D:$D,"CSC",'COM results'!$F:$F,D$2,'COM results'!$A:$A,"CHA",'COM results'!$B:$B,"VAR_Fout")+SUMIFS('COM results'!$G:$G,'COM results'!$D:$D,"CSC",'COM results'!$F:$F,D$2,'COM results'!$A:$A,"CHE",'COM results'!$B:$B,"VAR_Fout"))/O3 -> 0.01962593 | E4: =(SUMIFS('COM results'!$G:$G,'COM results'!$D:$D,"CSC",'COM results'!$F:$F,E$2,'COM results'!$A:$A,"NHP",'COM results'!$B:$B,"VAR_Fout")+SUMIFS('COM results'!$G:$G,'COM results'!$D:$D,"CSC",'COM results'!$F:$F,E$2,'COM results'!$A:$A,"NRC",'COM results'!$B:$B,"VAR_Fout")+SUMIFS('COM results'!$G:$G,'COM results'!$D:$D,"CSC",'COM results'!$F:$F,E$2,'COM results'!$A:$A,"CHA",'COM results'!$B:$B,"VAR_Fout")+SUMIFS('COM results'!$G:$G,'COM results'!$D:$D,"CSC",'COM results'!$F:$F,E$2,'COM results'!$A:$A,"CHE",'COM results'!$B:$B,"VAR_Fout"))/P3 -> 0.025269357 | F4: =(SUMIFS('COM results'!$G:$G,'COM results'!$D:$D,"CSC",'COM results'!$F:$F,F$2,'COM results'!$A:$A,"NHP",'COM results'!$B:$B,"VAR_Fout")+SUMIFS('COM results'!$G:$G,'COM results'!$D:$D,"CSC",'COM results'!$F:$F,F$2,'COM results'!$A:$A,"NRC",'COM results'!$B:$B,"VAR_Fout")+SUMIFS('COM results'!$G:$G,'COM results'!$D:$D,"CSC",'COM results'!$F:$F,F$2,'COM results'!$A:$A,"CHA",'COM results'!$B:$B,"VAR_Fout")+SUMIFS('COM results'!$G:$G,'COM results'!$D:$D,"CSC",'COM results'!$F:$F,F$2,'COM results'!$A:$A,"CHE",'COM results'!$B:$B,"VAR_Fout"))/Q3 -> 0.0010711173 | G4: =(SUMIFS('COM results'!$G:$G,'COM results'!$D:$D,"CSC",'COM results'!$F:$F,G$2,'COM results'!$A:$A,"NHP",'COM results'!$B:$B,"VAR_Fout")+SUMIFS('COM results'!$G:$G,'COM results'!$D:$D,"CSC",'COM results'!$F:$F,G$2,'COM results'!$A:$A,"NRC",'COM results'!$B:$B,"VAR_Fout")+SUMIFS('COM results'!$G:$G,'COM results'!$D:$D,"CSC",'COM results'!$F:$F,G$2,'COM results'!$A:$A,"CHA",'COM results'!$B:$B,"VAR_Fout")+SUMIFS('COM results'!$G:$G,'COM results'!$D:$D,"CSC",'COM results'!$F:$F,G$2,'COM results'!$A:$A,"CHE",'COM results'!$B:$B,"VAR_Fout"))/R3 -> 0.0039358244 | H4: =(SUMIFS('COM results'!$G:$G,'COM results'!$D:$D,"CSC",'COM results'!$F:$F,H$2,'COM results'!$A:$A,"NHP",'COM results'!$B:$B,"VAR_Fout")+SUMIFS('COM results'!$G:$G,'COM results'!$D:$D,"CSC",'COM results'!$F:$F,H$2,'COM results'!$A:$A,"NRC",'COM results'!$B:$B,"VAR_Fout")+SUMIFS('COM results'!$G:$G,'COM results'!$D:$D,"CSC",'COM results'!$F:$F,H$2,'COM results'!$A:$A,"CHA",'COM results'!$B:$B,"VAR_Fout")+SUMIFS('COM results'!$G:$G,'COM results'!$D:$D,"CSC",'COM results'!$F:$F,H$2,'COM results'!$A:$A,"CHE",'COM results'!$B:$B,"VAR_Fout"))/S3 -> 0.0081351778 | I4: =(SUMIFS('COM results'!$G:$G,'COM results'!$D:$D,"CSC",'COM results'!$F:$F,I$2,'COM results'!$A:$A,"NHP",'COM results'!$B:$B,"VAR_Fout")+SUMIFS('COM results'!$G:$G,'COM results'!$D:$D,"CSC",'COM results'!$F:$F,I$2,'COM results'!$A:$A,"NRC",'COM results'!$B:$B,"VAR_Fout")+SUMIFS('COM results'!$G:$G,'COM results'!$D:$D,"CSC",'COM results'!$F:$F,I$2,'COM results'!$A:$A,"CHA",'COM results'!$B:$B,"VAR_Fout")+SUMIFS('COM results'!$G:$G,'COM results'!$D:$D,"CSC",'COM results'!$F:$F,I$2,'COM results'!$A:$A,"CHE",'COM results'!$B:$B,"VAR_Fout"))/T3 -> 0.0012579701 | J4: =(SUMIFS('COM results'!$G:$G,'COM results'!$D:$D,"CSC",'COM results'!$F:$F,J$2,'COM results'!$A:$A,"NHP",'COM results'!$B:$B,"VAR_Fout")+SUMIFS('COM results'!$G:$G,'COM results'!$D:$D,"CSC",'COM results'!$F:$F,J$2,'COM results'!$A:$A,"NRC",'COM results'!$B:$B,"VAR_Fout")+SUMIFS('COM results'!$G:$G,'COM results'!$D:$D,"CSC",'COM results'!$F:$F,J$2,'COM results'!$A:$A,"CHA",'COM results'!$B:$B,"VAR_Fout")+SUMIFS('COM results'!$G:$G,'COM results'!$D:$D,"CSC",'COM results'!$F:$F,J$2,'COM results'!$A:$A,"CHE",'COM results'!$B:$B,"VAR_Fout"))/U3 -> 0.015632613 | K4: =(SUMIFS('COM results'!$G:$G,'COM results'!$D:$D,"CSC",'COM results'!$F:$F,K$2,'COM results'!$A:$A,"NHP",'COM results'!$B:$B,"VAR_Fout")+SUMIFS('COM results'!$G:$G,'COM results'!$D:$D,"CSC",'COM results'!$F:$F,K$2,'COM results'!$A:$A,"NRC",'COM results'!$B:$B,"VAR_Fout")+SUMIFS('COM results'!$G:$G,'COM results'!$D:$D,"CSC",'COM results'!$F:$F,K$2,'COM results'!$A:$A,"CHA",'COM results'!$B:$B,"VAR_Fout")+SUMIFS('COM results'!$G:$G,'COM results'!$D:$D,"CSC",'COM results'!$F:$F,K$2,'COM results'!$A:$A,"CHE",'COM results'!$B:$B,"VAR_Fout"))/V3 -> 0.0043536624 | M4: CCK | N4: =SUMIFS('COM results'!$G:$G,'COM results'!$D:$D,$M4,'COM results'!$F:$F,N$2,'COM results'!$B:$B,"VAR_Fout") -> 10.5835 | O4: =SUMIFS('COM results'!$G:$G,'COM results'!$D:$D,$M4,'COM results'!$F:$F,O$2,'COM results'!$B:$B,"VAR_Fout") -> 27.632233 | P4: =SUMIFS('COM results'!$G:$G,'COM results'!$D:$D,$M4,'COM results'!$F:$F,P$2,'COM results'!$B:$B,"VAR_Fout") -> 31.347037 | Q4: =SUMIFS('COM results'!$G:$G,'COM results'!$D:$D,$M4,'COM results'!$F:$F,Q$2,'COM results'!$B:$B,"VAR_Fout") -> 15.198712 | R4: =SUMIFS('COM results'!$G:$G,'COM results'!$D:$D,$M4,'COM results'!$F:$F,R$2,'COM results'!$B:$B,"VAR_Fout") -> 44.235683 | S4: =SUMIFS('COM results'!$G:$G,'COM results'!$D:$D,$M4,'COM results'!$F:$F,S$2,'COM results'!$B:$B,"VAR_Fout") -> 12.064501 | T4: =SUMIFS('COM results'!$G:$G,'COM results'!$D:$D,$M4,'COM results'!$F:$F,T$2,'COM results'!$B:$B,"VAR_Fout") -> 28.030775 | U4: =SUMIFS('COM results'!$G:$G,'COM results'!$D:$D,$M4,'COM results'!$F:$F,U$2,'COM results'!$B:$B,"VAR_Fout") -> 12.253931 | V4: =SUMIFS('COM results'!$G:$G,'COM results'!$D:$D,$M4,'COM results'!$F:$F,V$2,'COM results'!$B:$B,"VAR_Fout") -> 32.914143
A5: S_CSCRF | B5: CSC-RF | C5: =(SUMIFS('COM results'!$G:$G,'COM results'!$D:$D,"CSC",'COM results'!$F:$F,C$2,'COM results'!$A:$A,"RAC",'COM results'!$B:$B,"VAR_Fout")+SUMIFS('COM results'!$G:$G,'COM results'!$D:$D,"CSC",'COM results'!$F:$F,C$2,'COM results'!$A:$A,"NRC",'COM results'!$B:$B,"VAR_Fout"))/N3 -> 0.4541391 | D5: =(SUMIFS('COM results'!$G:$G,'COM results'!$D:$D,"CSC",'COM results'!$F:$F,D$2,'COM results'!$A:$A,"RAC",'COM results'!$B:$B,"VAR_Fout")+SUMIFS('COM results'!$G:$G,'COM results'!$D:$D,"CSC",'COM results'!$F:$F,D$2,'COM results'!$A:$A,"NRC",'COM results'!$B:$B,"VAR_Fout"))/O3 -> 0.49719851 | E5: =(SUMIFS('COM results'!$G:$G,'COM results'!$D:$D,"CSC",'COM results'!$F:$F,E$2,'COM results'!$A:$A,"RAC",'COM results'!$B:$B,"VAR_Fout")+SUMIFS('COM results'!$G:$G,'COM results'!$D:$D,"CSC",'COM results'!$F:$F,E$2,'COM results'!$A:$A,"NRC",'COM results'!$B:$B,"VAR_Fout"))/P3 -> 0.45098583 | F5: =(SUMIFS('COM results'!$G:$G,'COM results'!$D:$D,"CSC",'COM results'!$F:$F,F$2,'COM results'!$A:$A,"RAC",'COM results'!$B:$B,"VAR_Fout")+SUMIFS('COM results'!$G:$G,'COM results'!$D:$D,"CSC",'COM results'!$F:$F,F$2,'COM results'!$A:$A,"NRC",'COM results'!$B:$B,"VAR_Fout"))/Q3 -> 0.49406009 | G5: =(SUMIFS('COM results'!$G:$G,'COM results'!$D:$D,"CSC",'COM results'!$F:$F,G$2,'COM results'!$A:$A,"RAC",'COM results'!$B:$B,"VAR_Fout")+SUMIFS('COM results'!$G:$G,'COM results'!$D:$D,"CSC",'COM results'!$F:$F,G$2,'COM results'!$A:$A,"NRC",'COM results'!$B:$B,"VAR_Fout"))/R3 -> 0.40490655 | H5: =(SUMIFS('COM results'!$G:$G,'COM results'!$D:$D,"CSC",'COM results'!$F:$F,H$2,'COM results'!$A:$A,"RAC",'COM results'!$B:$B,"VAR_Fout")+SUMIFS('COM results'!$G:$G,'COM results'!$D:$D,"CSC",'COM results'!$F:$F,H$2,'COM results'!$A:$A,"NRC",'COM results'!$B:$B,"VAR_Fout"))/S3 -> 0.47963166 | I5: =(SUMIFS('COM results'!$G:$G,'COM results'!$D:$D,"CSC",'COM results'!$F:$F,I$2,'COM results'!$A:$A,"RAC",'COM results'!$B:$B,"VAR_Fout")+SUMIFS('COM results'!$G:$G,'COM results'!$D:$D,"CSC",'COM results'!$F:$F,I$2,'COM results'!$A:$A,"NRC",'COM results'!$B:$B,"VAR_Fout"))/T3 -> 0.47525935 | J5: =(SUMIFS('COM results'!$G:$G,'COM results'!$D:$D,"CSC",'COM results'!$F:$F,J$2,'COM results'!$A:$A,"RAC",'COM results'!$B:$B,"VAR_Fout")+SUMIFS('COM results'!$G:$G,'COM results'!$D:$D,"CSC",'COM results'!$F:$F,J$2,'COM results'!$A:$A,"NRC",'COM results'!$B:$B,"VAR_Fout"))/U3 -> 0.43057837 | K5: =(SUMIFS('COM results'!$G:$G,'COM results'!$D:$D,"CSC",'COM results'!$F:$F,K$2,'COM results'!$A:$A,"RAC",'COM results'!$B:$B,"VAR_Fout")+SUMIFS('COM results'!$G:$G,'COM results'!$D:$D,"CSC",'COM results'!$F:$F,K$2,'COM results'!$A:$A,"NRC",'COM results'!$B:$B,"VAR_Fout"))/V3 -> 0.51468534 | M5: CSH | N5: =SUMIFS('COM results'!$G:$G,'COM results'!$D:$D,$M5,'COM results'!$F:$F,N$2,'COM results'!$B:$B,"VAR_Fout") -> 119.89631 | O5: =SUMIFS('COM results'!$G:$G,'COM results'!$D:$D,$M5,'COM results'!$F:$F,O$2,'COM results'!$B:$B,"VAR_Fout") -> 330.03368 | P5: =SUMIFS('COM results'!$G:$G,'COM results'!$D:$D,$M5,'COM results'!$F:$F,P$2,'COM results'!$B:$B,"VAR_Fout") -> 370.95042 | Q5: =SUMIFS('COM results'!$G:$G,'COM results'!$D:$D,$M5,'COM results'!$F:$F,Q$2,'COM results'!$B:$B,"VAR_Fout") -> 190.74813 | R5: =SUMIFS('COM results'!$G:$G,'COM results'!$D:$D,$M5,'COM results'!$F:$F,R$2,'COM results'!$B:$B,"VAR_Fout") -> 268.35339 | S5: =SUMIFS('COM results'!$G:$G,'COM results'!$D:$D,$M5,'COM results'!$F:$F,S$2,'COM results'!$B:$B,"VAR_Fout") -> 92.043402 | T5: =SUMIFS('COM results'!$G:$G,'COM results'!$D:$D,$M5,'COM results'!$F:$F,T$2,'COM results'!$B:$B,"VAR_Fout") -> 132.72046 | U5: =SUMIFS('COM results'!$G:$G,'COM results'!$D:$D,$M5,'COM results'!$F:$F,U$2,'COM results'!$B:$B,"VAR_Fout") -> 114.01735 | V5: =SUMIFS('COM results'!$G:$G,'COM results'!$D:$D,$M5,'COM results'!$F:$F,V$2,'COM results'!$B:$B,"VAR_Fout") -> 180.77738
A6: S_CSCCEN | B6: CSC-CEN | C6: =(SUMIFS('COM results'!$G:$G,'COM results'!$D:$D,"CSC",'COM results'!$F:$F,C$2,'COM results'!$A:$A,"CAC",'COM results'!$B:$B,"VAR_Fout")/N3) -> 0.091648478 | D6: =(SUMIFS('COM results'!$G:$G,'COM results'!$D:$D,"CSC",'COM results'!$F:$F,D$2,'COM results'!$A:$A,"CAC",'COM results'!$B:$B,"VAR_Fout")/O3) -> 0.082092542 | E6: =(SUMIFS('COM results'!$G:$G,'COM results'!$D:$D,"CSC",'COM results'!$F:$F,E$2,'COM results'!$A:$A,"CAC",'COM results'!$B:$B,"VAR_Fout")/P3) -> 0.17495477 | F6: =(SUMIFS('COM results'!$G:$G,'COM results'!$D:$D,"CSC",'COM results'!$F:$F,F$2,'COM results'!$A:$A,"CAC",'COM results'!$B:$B,"VAR_Fout")/Q3) -> 0.21696148 | G6: =(SUMIFS('COM results'!$G:$G,'COM results'!$D:$D,"CSC",'COM results'!$F:$F,G$2,'COM results'!$A:$A,"CAC",'COM results'!$B:$B,"VAR_Fout")/R3) -> 0.10271777 | H6: =(SUMIFS('COM results'!$G:$G,'COM results'!$D:$D,"CSC",'COM results'!$F:$F,H$2,'COM results'!$A:$A,"CAC",'COM results'!$B:$B,"VAR_Fout")/S3) -> 0.14742404 | I6: =(SUMIFS('COM results'!$G:$G,'COM results'!$D:$D,"CSC",'COM results'!$F:$F,I$2,'COM results'!$A:$A,"CAC",'COM results'!$B:$B,"VAR_Fout")/T3) -> 0.20061156 | J6: =(SUMIFS('COM results'!$G:$G,'COM results'!$D:$D,"CSC",'COM results'!$F:$F,J$2,'COM results'!$A:$A,"CAC",'COM results'!$B:$B,"VAR_Fout")/U3) -> 0.12255658 | K6: =(SUMIFS('COM results'!$G:$G,'COM results'!$D:$D,"CSC",'COM results'!$F:$F,K$2,'COM results'!$A:$A,"CAC",'COM results'!$B:$B,"VAR_Fout")/V3) -> 0.12447678 | M6: CWH | N6: =SUMIFS('COM results'!$G:$G,'COM results'!$D:$D,$M6,'COM results'!$F:$F,N$2,'COM results'!$B:$B,"VAR_Fout") -> 24.099554 | O6: =SUMIFS('COM results'!$G:$G,'COM results'!$D:$D,$M6,'COM results'!$F:$F,O$2,'COM results'!$B:$B,"VAR_Fout") -> 62.921012 | P6: =SUMIFS('COM results'!$G:$G,'COM results'!$D:$D,$M6,'COM results'!$F:$F,P$2,'COM results'!$B:$B,"VAR_Fout") -> 71.379944 | Q6: =SUMIFS('COM results'!$G:$G,'COM results'!$D:$D,$M6,'COM results'!$F:$F,Q$2,'COM results'!$B:$B,"VAR_Fout") -> 34.608797 | R6: =SUMIFS('COM results'!$G:$G,'COM results'!$D:$D,$M6,'COM results'!$F:$F,R$2,'COM results'!$B:$B,"VAR_Fout") -> 100.36265 | S6: =SUMIFS('COM results'!$G:$G,'COM results'!$D:$D,$M6,'COM results'!$F:$F,S$2,'COM results'!$B:$B,"VAR_Fout") -> 27.471923 | T6: =SUMIFS('COM results'!$G:$G,'COM results'!$D:$D,$M6,'COM results'!$F:$F,T$2,'COM results'!$B:$B,"VAR_Fout") -> 63.828526 | U6: =SUMIFS('COM results'!$G:$G,'COM results'!$D:$D,$M6,'COM results'!$F:$F,U$2,'COM results'!$B:$B,"VAR_Fout") -> 27.903273 | V6: =SUMIFS('COM results'!$G:$G,'COM results'!$D:$D,$M6,'COM results'!$F:$F,V$2,'COM results'!$B:$B,"VAR_Fout") -> 74.948381
A7: S_CSCWWL | B7: CSC-WW | C7: =(SUMIFS('COM results'!$G:$G,'COM results'!$D:$D,"CSC",'COM results'!$F:$F,C$2,'COM results'!$A:$A,"WAC",'COM results'!$B:$B,"VAR_Fout")/N3) -> 0.12377796 | D7: =(SUMIFS('COM results'!$G:$G,'COM results'!$D:$D,"CSC",'COM results'!$F:$F,D$2,'COM results'!$A:$A,"WAC",'COM results'!$B:$B,"VAR_Fout")/O3) -> 0.10597864 | E7: =(SUMIFS('COM results'!$G:$G,'COM results'!$D:$D,"CSC",'COM results'!$F:$F,E$2,'COM results'!$A:$A,"WAC",'COM results'!$B:$B,"VAR_Fout")/P3) -> 0.044236815 | F7: =(SUMIFS('COM results'!$G:$G,'COM results'!$D:$D,"CSC",'COM results'!$F:$F,F$2,'COM results'!$A:$A,"WAC",'COM results'!$B:$B,"VAR_Fout")/Q3) -> 0.042785417 | G7: =(SUMIFS('COM results'!$G:$G,'COM results'!$D:$D,"CSC",'COM results'!$F:$F,G$2,'COM results'!$A:$A,"WAC",'COM results'!$B:$B,"VAR_Fout")/R3) -> 0.058733158 | H7: =(SUMIFS('COM results'!$G:$G,'COM results'!$D:$D,"CSC",'COM results'!$F:$F,H$2,'COM results'!$A:$A,"WAC",'COM results'!$B:$B,"VAR_Fout")/S3) -> 0.07732951 | I7: =(SUMIFS('COM results'!$G:$G,'COM results'!$D:$D,"CSC",'COM results'!$F:$F,I$2,'COM results'!$A:$A,"WAC",'COM results'!$B:$B,"VAR_Fout")/T3) -> 0.052293925 | J7: =(SUMIFS('COM results'!$G:$G,'COM results'!$D:$D,"CSC",'COM results'!$F:$F,J$2,'COM results'!$A:$A,"WAC",'COM results'!$B:$B,"VAR_Fout")/U3) -> 0.12907885 | K7: =(SUMIFS('COM results'!$G:$G,'COM results'!$D:$D,"CSC",'COM results'!$F:$F,K$2,'COM results'!$A:$A,"WAC",'COM results'!$B:$B,"VAR_Fout")/V3) -> 0.074340197 | M7: CVT | N7: =SUMIFS('COM results'!$G:$G,'COM results'!$D:$D,$M7,'COM results'!$F:$F,N$2,'COM results'!$B:$B,"VAR_Fout") -> 14.217512 | O7: =SUMIFS('COM results'!$G:$G,'COM results'!$D:$D,$M7,'COM results'!$F:$F,O$2,'COM results'!$B:$B,"VAR_Fout") -> 37.120199 | P7: =SUMIFS('COM results'!$G:$G,'COM results'!$D:$D,$M7,'COM results'!$F:$F,P$2,'COM results'!$B:$B,"VAR_Fout") -> 42.11054 | Q7: =SUMIFS('COM results'!$G:$G,'COM results'!$D:$D,$M7,'COM results'!$F:$F,Q$2,'COM results'!$B:$B,"VAR_Fout") -> 20.417432 | R7: =SUMIFS('COM results'!$G:$G,'COM results'!$D:$D,$M7,'COM results'!$F:$F,R$2,'COM results'!$B:$B,"VAR_Fout") -> 59.424707 | S7: =SUMIFS('COM results'!$G:$G,'COM results'!$D:$D,$M7,'COM results'!$F:$F,S$2,'COM results'!$B:$B,"VAR_Fout") -> 16.207039 | T7: =SUMIFS('COM results'!$G:$G,'COM results'!$D:$D,$M7,'COM results'!$F:$F,T$2,'COM results'!$B:$B,"VAR_Fout") -> 37.655587 | U7: =SUMIFS('COM results'!$G:$G,'COM results'!$D:$D,$M7,'COM results'!$F:$F,U$2,'COM results'!$B:$B,"VAR_Fout") -> 16.790743 | V7: =SUMIFS('COM results'!$G:$G,'COM results'!$D:$D,$M7,'COM results'!$F:$F,V$2,'COM results'!$B:$B,"VAR_Fout") -> 44.215736 | W7: =SUM(N7:V7) -> 288.15949
A8: S_CSCGHP | B8: CSC-GHP | C8: =(SUMIFS('COM results'!$G:$G,'COM results'!$D:$D,"CSC",'COM results'!$F:$F,C$2,'COM results'!$A:$A,"GHP",'COM results'!$B:$B,"VAR_Fout")/N3) -> 0.018811406 | D8: =(SUMIFS('COM results'!$G:$G,'COM results'!$D:$D,"CSC",'COM results'!$F:$F,D$2,'COM results'!$A:$A,"GHP",'COM results'!$B:$B,"VAR_Fout")/O3) -> 0.016415288 | E8: =(SUMIFS('COM results'!$G:$G,'COM results'!$D:$D,"CSC",'COM results'!$F:$F,E$2,'COM results'!$A:$A,"GHP",'COM results'!$B:$B,"VAR_Fout")/P3) -> 0.0082709984 | F8: =(SUMIFS('COM results'!$G:$G,'COM results'!$D:$D,"CSC",'COM results'!$F:$F,F$2,'COM results'!$A:$A,"GHP",'COM results'!$B:$B,"VAR_Fout")/Q3) -> 0.013942309 | G8: =(SUMIFS('COM results'!$G:$G,'COM results'!$D:$D,"CSC",'COM results'!$F:$F,G$2,'COM results'!$A:$A,"GHP",'COM results'!$B:$B,"VAR_Fout")/R3) -> 0.054657807 | H8: =(SUMIFS('COM results'!$G:$G,'COM results'!$D:$D,"CSC",'COM results'!$F:$F,H$2,'COM results'!$A:$A,"GHP",'COM results'!$B:$B,"VAR_Fout")/S3) -> 0.039692875 | I8: =(SUMIFS('COM results'!$G:$G,'COM results'!$D:$D,"CSC",'COM results'!$F:$F,I$2,'COM results'!$A:$A,"GHP",'COM results'!$B:$B,"VAR_Fout")/T3) -> 0.02215662 | J8: =(SUMIFS('COM results'!$G:$G,'COM results'!$D:$D,"CSC",'COM results'!$F:$F,J$2,'COM results'!$A:$A,"GHP",'COM results'!$B:$B,"VAR_Fout")/U3) -> 0.026417638 | K8: =(SUMIFS('COM results'!$G:$G,'COM results'!$D:$D,"CSC",'COM results'!$F:$F,K$2,'COM results'!$A:$A,"GHP",'COM results'!$B:$B,"VAR_Fout")/V3) -> 0.036728985 | M8: CRF | N8: =SUMIFS('COM results'!$G:$G,'COM results'!$D:$D,$M8,'COM results'!$F:$F,N$2,'COM results'!$B:$B,"VAR_Fout") -> 83.458781 | O8: =SUMIFS('COM results'!$G:$G,'COM results'!$D:$D,$M8,'COM results'!$F:$F,O$2,'COM results'!$B:$B,"VAR_Fout") -> 217.90075 | P8: =SUMIFS('COM results'!$G:$G,'COM results'!$D:$D,$M8,'COM results'!$F:$F,P$2,'COM results'!$B:$B,"VAR_Fout") -> 247.19474 | Q8: =SUMIFS('COM results'!$G:$G,'COM results'!$D:$D,$M8,'COM results'!$F:$F,Q$2,'COM results'!$B:$B,"VAR_Fout") -> 119.85317 | R8: =SUMIFS('COM results'!$G:$G,'COM results'!$D:$D,$M8,'COM results'!$F:$F,R$2,'COM results'!$B:$B,"VAR_Fout") -> 348.83132 | S8: =SUMIFS('COM results'!$G:$G,'COM results'!$D:$D,$M8,'COM results'!$F:$F,S$2,'COM results'!$B:$B,"VAR_Fout") -> 95.137579 | T8: =SUMIFS('COM results'!$G:$G,'COM results'!$D:$D,$M8,'COM results'!$F:$F,T$2,'COM results'!$B:$B,"VAR_Fout") -> 221.04355 | U8: =SUMIFS('COM results'!$G:$G,'COM results'!$D:$D,$M8,'COM results'!$F:$F,U$2,'COM results'!$B:$B,"VAR_Fout") -> 96.631378 | V8: =SUMIFS('COM results'!$G:$G,'COM results'!$D:$D,$M8,'COM results'!$F:$F,V$2,'COM results'!$B:$B,"VAR_Fout") -> 259.55254 | W8: =SUM(N8:V8) -> 1689.6038
A9: S_CSCAHP | B9: CSC-AHP | C9: =(SUMIFS('COM results'!$G:$G,'COM results'!$D:$D,"CSC",'COM results'!$F:$F,C$2,'COM results'!$A:$A,"AHP",'COM results'!$B:$B,"VAR_Fout")/N3) -> 0.048372186 | D9: =(SUMIFS('COM results'!$G:$G,'COM results'!$D:$D,"CSC",'COM results'!$F:$F,D$2,'COM results'!$A:$A,"AHP",'COM results'!$B:$B,"VAR_Fout")/O3) -> 0.04221074 | E9: =(SUMIFS('COM results'!$G:$G,'COM results'!$D:$D,"CSC",'COM results'!$F:$F,E$2,'COM results'!$A:$A,"AHP",'COM results'!$B:$B,"VAR_Fout")/P3) -> 0.021268282 | F9: =(SUMIFS('COM results'!$G:$G,'COM results'!$D:$D,"CSC",'COM results'!$F:$F,F$2,'COM results'!$A:$A,"AHP",'COM results'!$B:$B,"VAR_Fout")/Q3) -> 0.035851653 | G9: =(SUMIFS('COM results'!$G:$G,'COM results'!$D:$D,"CSC",'COM results'!$F:$F,G$2,'COM results'!$A:$A,"AHP",'COM results'!$B:$B,"VAR_Fout")/R3) -> 0.14054865 | H9: =(SUMIFS('COM results'!$G:$G,'COM results'!$D:$D,"CSC",'COM results'!$F:$F,H$2,'COM results'!$A:$A,"AHP",'COM results'!$B:$B,"VAR_Fout")/S3) -> 0.10206739 | I9: =(SUMIFS('COM results'!$G:$G,'COM results'!$D:$D,"CSC",'COM results'!$F:$F,I$2,'COM results'!$A:$A,"AHP",'COM results'!$B:$B,"VAR_Fout")/T3) -> 0.056974165 | J9: =(SUMIFS('COM results'!$G:$G,'COM results'!$D:$D,"CSC",'COM results'!$F:$F,J$2,'COM results'!$A:$A,"AHP",'COM results'!$B:$B,"VAR_Fout")/U3) -> 0.06793107 | K9: =(SUMIFS('COM results'!$G:$G,'COM results'!$D:$D,"CSC",'COM results'!$F:$F,K$2,'COM results'!$A:$A,"AHP",'COM results'!$B:$B,"VAR_Fout")/V3) -> 0.094445963 | M9: CLT | N9: =SUMIFS('COM results'!$G:$G,'COM results'!$D:$D,$M9,'COM results'!$F:$F,N$2,'COM results'!$B:$B,"VAR_Fout") -> 47.451241 | O9: =SUMIFS('COM results'!$G:$G,'COM results'!$D:$D,$M9,'COM results'!$F:$F,O$2,'COM results'!$B:$B,"VAR_Fout") -> 123.88943 | P9: =SUMIFS('COM results'!$G:$G,'COM results'!$D:$D,$M9,'COM results'!$F:$F,P$2,'COM results'!$B:$B,"VAR_Fout") -> 140.5448 | Q9: =SUMIFS('COM results'!$G:$G,'COM results'!$D:$D,$M9,'COM results'!$F:$F,Q$2,'COM results'!$B:$B,"VAR_Fout") -> 68.143599 | R9: =SUMIFS('COM results'!$G:$G,'COM results'!$D:$D,$M9,'COM results'!$F:$F,R$2,'COM results'!$B:$B,"VAR_Fout") -> 198.33119 | S9: =SUMIFS('COM results'!$G:$G,'COM results'!$D:$D,$M9,'COM results'!$F:$F,S$2,'COM results'!$B:$B,"VAR_Fout") -> 54.091326 | T9: =SUMIFS('COM results'!$G:$G,'COM results'!$D:$D,$M9,'COM results'!$F:$F,T$2,'COM results'!$B:$B,"VAR_Fout") -> 125.6763 | U9: =SUMIFS('COM results'!$G:$G,'COM results'!$D:$D,$M9,'COM results'!$F:$F,U$2,'COM results'!$B:$B,"VAR_Fout") -> 56.546625 | V9: =SUMIFS('COM results'!$G:$G,'COM results'!$D:$D,$M9,'COM results'!$F:$F,V$2,'COM results'!$B:$B,"VAR_Fout") -> 147.57093 | W9: =SUM(N9:V9) -> 962.24543
A10: S_CSCCC | B10: CSC-CC | C10: =(SUMIFS('COM results'!$G:$G,'COM results'!$D:$D,"CSC",'COM results'!$F:$F,C$2,'COM results'!$A:$A,"CCC",'COM results'!$B:$B,"VAR_Fout")/N3) -> 0.05345547 | D10: =(SUMIFS('COM results'!$G:$G,'COM results'!$D:$D,"CSC",'COM results'!$F:$F,D$2,'COM results'!$A:$A,"CCC",'COM results'!$B:$B,"VAR_Fout")/O3) -> 0.053269008 | E10: =(SUMIFS('COM results'!$G:$G,'COM results'!$D:$D,"CSC",'COM results'!$F:$F,E$2,'COM results'!$A:$A,"CCC",'COM results'!$B:$B,"VAR_Fout")/P3) -> 0.062345404 | F10: =(SUMIFS('COM results'!$G:$G,'COM results'!$D:$D,"CSC",'COM results'!$F:$F,F$2,'COM results'!$A:$A,"CCC",'COM results'!$B:$B,"VAR_Fout")/Q3) -> 0.042972146 | G10: =(SUMIFS('COM results'!$G:$G,'COM results'!$D:$D,"CSC",'COM results'!$F:$F,G$2,'COM results'!$A:$A,"CCC",'COM results'!$B:$B,"VAR_Fout")/R3) -> 0.051678816 | H10: =(SUMIFS('COM results'!$G:$G,'COM results'!$D:$D,"CSC",'COM results'!$F:$F,H$2,'COM results'!$A:$A,"CCC",'COM results'!$B:$B,"VAR_Fout")/S3) -> 0.032058255 | I10: =(SUMIFS('COM results'!$G:$G,'COM results'!$D:$D,"CSC",'COM results'!$F:$F,I$2,'COM results'!$A:$A,"CCC",'COM results'!$B:$B,"VAR_Fout")/T3) -> 0.04213139 | J10: =(SUMIFS('COM results'!$G:$G,'COM results'!$D:$D,"CSC",'COM results'!$F:$F,J$2,'COM results'!$A:$A,"CCC",'COM results'!$B:$B,"VAR_Fout")/U3) -> 0.04656054 | K10: =(SUMIFS('COM results'!$G:$G,'COM results'!$D:$D,"CSC",'COM results'!$F:$F,K$2,'COM results'!$A:$A,"CCC",'COM results'!$B:$B,"VAR_Fout")/V3) -> 0.033675058
A11: S_CSCRC | B11: CSC-RC | C11: =(SUMIFS('COM results'!$G:$G,'COM results'!$D:$D,"CSC",'COM results'!$F:$F,C$2,'COM results'!$A:$A,"CRC",'COM results'!$B:$B,"VAR_Fout")/N3) -> 0.18952394 | D11: =(SUMIFS('COM results'!$G:$G,'COM results'!$D:$D,"CSC",'COM results'!$F:$F,D$2,'COM results'!$A:$A,"CRC",'COM results'!$B:$B,"VAR_Fout")/O3) -> 0.18886285 | E11: =(SUMIFS('COM results'!$G:$G,'COM results'!$D:$D,"CSC",'COM results'!$F:$F,E$2,'COM results'!$A:$A,"CRC",'COM results'!$B:$B,"VAR_Fout")/P3) -> 0.2210428 | F11: =(SUMIFS('COM results'!$G:$G,'COM results'!$D:$D,"CSC",'COM results'!$F:$F,F$2,'COM results'!$A:$A,"CRC",'COM results'!$B:$B,"VAR_Fout")/Q3) -> 0.15235579 | G11: =(SUMIFS('COM results'!$G:$G,'COM results'!$D:$D,"CSC",'COM results'!$F:$F,G$2,'COM results'!$A:$A,"CRC",'COM results'!$B:$B,"VAR_Fout")/R3) -> 0.18322489 | H11: =(SUMIFS('COM results'!$G:$G,'COM results'!$D:$D,"CSC",'COM results'!$F:$F,H$2,'COM results'!$A:$A,"CRC",'COM results'!$B:$B,"VAR_Fout")/S3) -> 0.11366109 | I11: =(SUMIFS('COM results'!$G:$G,'COM results'!$D:$D,"CSC",'COM results'!$F:$F,I$2,'COM results'!$A:$A,"CRC",'COM results'!$B:$B,"VAR_Fout")/T3) -> 0.14937493 | J11: =(SUMIFS('COM results'!$G:$G,'COM results'!$D:$D,"CSC",'COM results'!$F:$F,J$2,'COM results'!$A:$A,"CRC",'COM results'!$B:$B,"VAR_Fout")/U3) -> 0.16507828 | K11: =(SUMIFS('COM results'!$G:$G,'COM results'!$D:$D,"CSC",'COM results'!$F:$F,K$2,'COM results'!$A:$A,"CRC",'COM results'!$B:$B,"VAR_Fout")/V3) -> 0.11939339
A12: S_CCKELC | B12: CCK-ELC | C12: =SUMIFS('COM results'!$G:$G,'COM results'!$D:$D,"CCK",'COM results'!$F:$F,C$2,'COM results'!$A:$A,"elc",'COM results'!$B:$B,"VAR_Fout")/N4 -> 0.36443912 | D12: =SUMIFS('COM results'!$G:$G,'COM results'!$D:$D,"CCK",'COM results'!$F:$F,D$2,'COM results'!$A:$A,"elc",'COM results'!$B:$B,"VAR_Fout")/O4 -> 0.33524321 | E12: =SUMIFS('COM results'!$G:$G,'COM results'!$D:$D,"CCK",'COM results'!$F:$F,E$2,'COM results'!$A:$A,"elc",'COM results'!$B:$B,"VAR_Fout")/P4 -> 0.37159551 | F12: =SUMIFS('COM results'!$G:$G,'COM results'!$D:$D,"CCK",'COM results'!$F:$F,F$2,'COM results'!$A:$A,"elc",'COM results'!$B:$B,"VAR_Fout")/Q4 -> 0.44447027 | G12: =SUMIFS('COM results'!$G:$G,'COM results'!$D:$D,"CCK",'COM results'!$F:$F,G$2,'COM results'!$A:$A,"elc",'COM results'!$B:$B,"VAR_Fout")/R4 -> 0.41457953 | H12: =SUMIFS('COM results'!$G:$G,'COM results'!$D:$D,"CCK",'COM results'!$F:$F,H$2,'COM results'!$A:$A,"elc",'COM results'!$B:$B,"VAR_Fout")/S4 -> 0.3819471 | I12: =SUMIFS('COM results'!$G:$G,'COM results'!$D:$D,"CCK",'COM results'!$F:$F,I$2,'COM results'!$A:$A,"elc",'COM results'!$B:$B,"VAR_Fout")/T4 -> 0.38529946 | J12: =SUMIFS('COM results'!$G:$G,'COM results'!$D:$D,"CCK",'COM results'!$F:$F,J$2,'COM results'!$A:$A,"elc",'COM results'!$B:$B,"VAR_Fout")/U4 -> 0.36251458 | K12: =SUMIFS('COM results'!$G:$G,'COM results'!$D:$D,"CCK",'COM results'!$F:$F,K$2,'COM results'!$A:$A,"elc",'COM results'!$B:$B,"VAR_Fout")/V4 -> 0.27023173
A13: S_CCKNG | B13: CCK-NG | C13: =SUMIFS('COM results'!$G:$G,'COM results'!$D:$D,"CCK",'COM results'!$F:$F,C$2,'COM results'!$A:$A,"ng",'COM results'!$B:$B,"VAR_Fout")/N4 -> 0.63556088 | D13: =SUMIFS('COM results'!$G:$G,'COM results'!$D:$D,"CCK",'COM results'!$F:$F,D$2,'COM results'!$A:$A,"ng",'COM results'!$B:$B,"VAR_Fout")/O4 -> 0.66475679 | E13: =SUMIFS('COM results'!$G:$G,'COM results'!$D:$D,"CCK",'COM results'!$F:$F,E$2,'COM results'!$A:$A,"ng",'COM results'!$B:$B,"VAR_Fout")/P4 -> 0.62840449 | F13: =SUMIFS('COM results'!$G:$G,'COM results'!$D:$D,"CCK",'COM results'!$F:$F,F$2,'COM results'!$A:$A,"ng",'COM results'!$B:$B,"VAR_Fout")/Q4 -> 0.55552973 | G13: =SUMIFS('COM results'!$G:$G,'COM results'!$D:$D,"CCK",'COM results'!$F:$F,G$2,'COM results'!$A:$A,"ng",'COM results'!$B:$B,"VAR_Fout")/R4 -> 0.58542047 | H13: =SUMIFS('COM results'!$G:$G,'COM results'!$D:$D,"CCK",'COM results'!$F:$F,H$2,'COM results'!$A:$A,"ng",'COM results'!$B:$B,"VAR_Fout")/S4 -> 0.6180529 | I13: =SUMIFS('COM results'!$G:$G,'COM results'!$D:$D,"CCK",'COM results'!$F:$F,I$2,'COM results'!$A:$A,"ng",'COM results'!$B:$B,"VAR_Fout")/T4 -> 0.61470054 | J13: =SUMIFS('COM results'!$G:$G,'COM results'!$D:$D,"CCK",'COM results'!$F:$F,J$2,'COM results'!$A:$A,"ng",'COM results'!$B:$B,"VAR_Fout")/U4 -> 0.63748542 | K13: =SUMIFS('COM results'!$G:$G,'COM results'!$D:$D,"CCK",'COM results'!$F:$F,K$2,'COM results'!$A:$A,"ng",'COM results'!$B:$B,"VAR_Fout")/V4 -> 0.72976827
A14: S_CSHELC | B14: CSH-ELC | C14: =(SUMIFS('COM results'!$G:$G,'COM results'!$D:$D,"CSH",'COM results'!$F:$F,C$2,'COM results'!$A:$A,"AHP",'COM results'!$B:$B,"VAR_Fout")+SUMIFS('COM results'!$G:$G,'COM results'!$D:$D,"CSH",'COM results'!$F:$F,C$2,'COM results'!$A:$A,"GHP",'COM results'!$B:$B,"VAR_Fout")+SUMIFS('COM results'!$G:$G,'COM results'!$D:$D,"CSH",'COM results'!$F:$F,C$2,'COM results'!$A:$A,"ELB",'COM results'!$B:$B,"VAR_Fout")+SUMIFS('COM results'!$G:$G,'COM results'!$D:$D,"CSH",'COM results'!$F:$F,C$2,'COM results'!$A:$A,"ELO",'COM results'!$B:$B,"VAR_Fout"))/N5 -> 0.11301293 | D14: =(SUMIFS('COM results'!$G:$G,'COM results'!$D:$D,"CSH",'COM results'!$F:$F,D$2,'COM results'!$A:$A,"AHP",'COM results'!$B:$B,"VAR_Fout")+SUMIFS('COM results'!$G:$G,'COM results'!$D:$D,"CSH",'COM results'!$F:$F,D$2,'COM results'!$A:$A,"GHP",'COM results'!$B:$B,"VAR_Fout")+SUMIFS('COM results'!$G:$G,'COM results'!$D:$D,"CSH",'COM results'!$F:$F,D$2,'COM results'!$A:$A,"ELB",'COM results'!$B:$B,"VAR_Fout")+SUMIFS('COM results'!$G:$G,'COM results'!$D:$D,"CSH",'COM results'!$F:$F,D$2,'COM results'!$A:$A,"ELO",'COM results'!$B:$B,"VAR_Fout"))/O5 -> 0.097973129 | E14: =(SUMIFS('COM results'!$G:$G,'COM results'!$D:$D,"CSH",'COM results'!$F:$F,E$2,'COM results'!$A:$A,"AHP",'COM results'!$B:$B,"VAR_Fout")+SUMIFS('COM results'!$G:$G,'COM results'!$D:$D,"CSH",'COM results'!$F:$F,E$2,'COM results'!$A:$A,"GHP",'COM results'!$B:$B,"VAR_Fout")+SUMIFS('COM results'!$G:$G,'COM results'!$D:$D,"CSH",'COM results'!$F:$F,E$2,'COM results'!$A:$A,"ELB",'COM results'!$B:$B,"VAR_Fout")+SUMIFS('COM results'!$G:$G,'COM results'!$D:$D,"CSH",'COM results'!$F:$F,E$2,'COM results'!$A:$A,"ELO",'COM results'!$B:$B,"VAR_Fout"))/P5 -> 0.069788704 | F14: =(SUMIFS('COM results'!$G:$G,'COM results'!$D:$D,"CSH",'COM results'!$F:$F,F$2,'COM results'!$A:$A,"AHP",'COM results'!$B:$B,"VAR_Fout")+SUMIFS('COM results'!$G:$G,'COM results'!$D:$D,"CSH",'COM results'!$F:$F,F$2,'COM results'!$A:$A,"GHP",'COM results'!$B:$B,"VAR_Fout")+SUMIFS('COM results'!$G:$G,'COM results'!$D:$D,"CSH",'COM results'!$F:$F,F$2,'COM results'!$A:$A,"ELB",'COM results'!$B:$B,"VAR_Fout")+SUMIFS('COM results'!$G:$G,'COM results'!$D:$D,"CSH",'COM results'!$F:$F,F$2,'COM results'!$A:$A,"ELO",'COM results'!$B:$B,"VAR_Fout"))/Q5 -> 0.10230781 | G14: =(SUMIFS('COM results'!$G:$G,'COM results'!$D:$D,"CSH",'COM results'!$F:$F,G$2,'COM results'!$A:$A,"AHP",'COM results'!$B:$B,"VAR_Fout")+SUMIFS('COM results'!$G:$G,'COM results'!$D:$D,"CSH",'COM results'!$F:$F,G$2,'COM results'!$A:$A,"GHP",'COM results'!$B:$B,"VAR_Fout")+SUMIFS('COM results'!$G:$G,'COM results'!$D:$D,"CSH",'COM results'!$F:$F,G$2,'COM results'!$A:$A,"ELB",'COM results'!$B:$B,"VAR_Fout")+SUMIFS('COM results'!$G:$G,'COM results'!$D:$D,"CSH",'COM results'!$F:$F,G$2,'COM results'!$A:$A,"ELO",'COM results'!$B:$B,"VAR_Fout"))/R5 -> 0.2800759 | H14: =(SUMIFS('COM results'!$G:$G,'COM results'!$D:$D,"CSH",'COM results'!$F:$F,H$2,'COM results'!$A:$A,"AHP",'COM results'!$B:$B,"VAR_Fout")+SUMIFS('COM results'!$G:$G,'COM results'!$D:$D,"CSH",'COM results'!$F:$F,H$2,'COM results'!$A:$A,"GHP",'COM results'!$B:$B,"VAR_Fout")+SUMIFS('COM results'!$G:$G,'COM results'!$D:$D,"CSH",'COM results'!$F:$F,H$2,'COM results'!$A:$A,"ELB",'COM results'!$B:$B,"VAR_Fout")+SUMIFS('COM results'!$G:$G,'COM results'!$D:$D,"CSH",'COM results'!$F:$F,H$2,'COM results'!$A:$A,"ELO",'COM results'!$B:$B,"VAR_Fout"))/S5 -> 0.21443987 | I14: =(SUMIFS('COM results'!$G:$G,'COM results'!$D:$D,"CSH",'COM results'!$F:$F,I$2,'COM results'!$A:$A,"AHP",'COM results'!$B:$B,"VAR_Fout")+SUMIFS('COM results'!$G:$G,'COM results'!$D:$D,"CSH",'COM results'!$F:$F,I$2,'COM results'!$A:$A,"GHP",'COM results'!$B:$B,"VAR_Fout")+SUMIFS('COM results'!$G:$G,'COM results'!$D:$D,"CSH",'COM results'!$F:$F,I$2,'COM results'!$A:$A,"ELB",'COM results'!$B:$B,"VAR_Fout")+SUMIFS('COM results'!$G:$G,'COM results'!$D:$D,"CSH",'COM results'!$F:$F,I$2,'COM results'!$A:$A,"ELO",'COM results'!$B:$B,"VAR_Fout"))/T5 -> 0.16284115 | J14: =(SUMIFS('COM results'!$G:$G,'COM results'!$D:$D,"CSH",'COM results'!$F:$F,J$2,'COM results'!$A:$A,"AHP",'COM results'!$B:$B,"VAR_Fout")+SUMIFS('COM results'!$G:$G,'COM results'!$D:$D,"CSH",'COM results'!$F:$F,J$2,'COM results'!$A:$A,"GHP",'COM results'!$B:$B,"VAR_Fout")+SUMIFS('COM results'!$G:$G,'COM results'!$D:$D,"CSH",'COM results'!$F:$F,J$2,'COM results'!$A:$A,"ELB",'COM results'!$B:$B,"VAR_Fout")+SUMIFS('COM results'!$G:$G,'COM results'!$D:$D,"CSH",'COM results'!$F:$F,J$2,'COM results'!$A:$A,"ELO",'COM results'!$B:$B,"VAR_Fout"))/U5 -> 0.098051644 | K14: =(SUMIFS('COM results'!$G:$G,'COM results'!$D:$D,"CSH",'COM results'!$F:$F,K$2,'COM results'!$A:$A,"AHP",'COM results'!$B:$B,"VAR_Fout")+SUMIFS('COM results'!$G:$G,'COM results'!$D:$D,"CSH",'COM results'!$F:$F,K$2,'COM results'!$A:$A,"GHP",'COM results'!$B:$B,"VAR_Fout")+SUMIFS('COM results'!$G:$G,'COM results'!$D:$D,"CSH",'COM results'!$F:$F,K$2,'COM results'!$A:$A,"ELB",'COM results'!$B:$B,"VAR_Fout")+SUMIFS('COM results'!$G:$G,'COM results'!$D:$D,"CSH",'COM results'!$F:$F,K$2,'COM results'!$A:$A,"ELO",'COM results'!$B:$B,"VAR_Fout"))/V5 -> 0.16544653
A15: S_CSHNG | B15: CSH-NG | C15: =(SUMIFS('COM results'!$G:$G,'COM results'!$D:$D,"CSH",'COM results'!$F:$F,C$2,'COM results'!$A:$A,"NGB",'COM results'!$B:$B,"VAR_Fout")+SUMIFS('COM results'!$G:$G,'COM results'!$D:$D,"CSH",'COM results'!$F:$F,C$2,'COM results'!$A:$A,"NGF",'COM results'!$B:$B,"VAR_Fout")+SUMIFS('COM results'!$G:$G,'COM results'!$D:$D,"CSH",'COM results'!$F:$F,C$2,'COM results'!$A:$A,"NHP",'COM results'!$B:$B,"VAR_Fout"))/N5 -> 0.50279988 | D15: =(SUMIFS('COM results'!$G:$G,'COM results'!$D:$D,"CSH",'COM results'!$F:$F,D$2,'COM results'!$A:$A,"NGB",'COM results'!$B:$B,"VAR_Fout")+SUMIFS('COM results'!$G:$G,'COM results'!$D:$D,"CSH",'COM results'!$F:$F,D$2,'COM results'!$A:$A,"NGF",'COM results'!$B:$B,"VAR_Fout")+SUMIFS('COM results'!$G:$G,'COM results'!$D:$D,"CSH",'COM results'!$F:$F,D$2,'COM results'!$A:$A,"NHP",'COM results'!$B:$B,"VAR_Fout"))/O5 -> 0.67297096 | E15: =(SUMIFS('COM results'!$G:$G,'COM results'!$D:$D,"CSH",'COM results'!$F:$F,E$2,'COM results'!$A:$A,"NGB",'COM results'!$B:$B,"VAR_Fout")+SUMIFS('COM results'!$G:$G,'COM results'!$D:$D,"CSH",'COM results'!$F:$F,E$2,'COM results'!$A:$A,"NGF",'COM results'!$B:$B,"VAR_Fout")+SUMIFS('COM results'!$G:$G,'COM results'!$D:$D,"CSH",'COM results'!$F:$F,E$2,'COM results'!$A:$A,"NHP",'COM results'!$B:$B,"VAR_Fout"))/P5 -> 0.91908875 | F15: =(SUMIFS('COM results'!$G:$G,'COM results'!$D:$D,"CSH",'COM results'!$F:$F,F$2,'COM results'!$A:$A,"NGB",'COM results'!$B:$B,"VAR_Fout")+SUMIFS('COM results'!$G:$G,'COM results'!$D:$D,"CSH",'COM results'!$F:$F,F$2,'COM results'!$A:$A,"NGF",'COM results'!$B:$B,"VAR_Fout")+SUMIFS('COM results'!$G:$G,'COM results'!$D:$D,"CSH",'COM results'!$F:$F,F$2,'COM results'!$A:$A,"NHP",'COM results'!$B:$B,"VAR_Fout"))/Q5 -> 0.89769219 | G15: =(SUMIFS('COM results'!$G:$G,'COM results'!$D:$D,"CSH",'COM results'!$F:$F,G$2,'COM results'!$A:$A,"NGB",'COM results'!$B:$B,"VAR_Fout")+SUMIFS('COM results'!$G:$G,'COM results'!$D:$D,"CSH",'COM results'!$F:$F,G$2,'COM results'!$A:$A,"NGF",'COM results'!$B:$B,"VAR_Fout")+SUMIFS('COM results'!$G:$G,'COM results'!$D:$D,"CSH",'COM results'!$F:$F,G$2,'COM results'!$A:$A,"NHP",'COM results'!$B:$B,"VAR_Fout"))/R5 -> 0.66083725 | H15: =(SUMIFS('COM results'!$G:$G,'COM results'!$D:$D,"CSH",'COM results'!$F:$F,H$2,'COM results'!$A:$A,"NGB",'COM results'!$B:$B,"VAR_Fout")+SUMIFS('COM results'!$G:$G,'COM results'!$D:$D,"CSH",'COM results'!$F:$F,H$2,'COM results'!$A:$A,"NGF",'COM results'!$B:$B,"VAR_Fout")+SUMIFS('COM results'!$G:$G,'COM results'!$D:$D,"CSH",'COM results'!$F:$F,H$2,'COM results'!$A:$A,"NHP",'COM results'!$B:$B,"VAR_Fout"))/S5 -> 0.78374848 | I15: =(SUMIFS('COM results'!$G:$G,'COM results'!$D:$D,"CSH",'COM results'!$F:$F,I$2,'COM results'!$A:$A,"NGB",'COM results'!$B:$B,"VAR_Fout")+SUMIFS('COM results'!$G:$G,'COM results'!$D:$D,"CSH",'COM results'!$F:$F,I$2,'COM results'!$A:$A,"NGF",'COM results'!$B:$B,"VAR_Fout")+SUMIFS('COM results'!$G:$G,'COM results'!$D:$D,"CSH",'COM results'!$F:$F,I$2,'COM results'!$A:$A,"NHP",'COM results'!$B:$B,"VAR_Fout"))/T5 -> 0.83530232 | J15: =(SUMIFS('COM results'!$G:$G,'COM results'!$D:$D,"CSH",'COM results'!$F:$F,J$2,'COM results'!$A:$A,"NGB",'COM results'!$B:$B,"VAR_Fout")+SUMIFS('COM results'!$G:$G,'COM results'!$D:$D,"CSH",'COM results'!$F:$F,J$2,'COM results'!$A:$A,"NGF",'COM results'!$B:$B,"VAR_Fout")+SUMIFS('COM results'!$G:$G,'COM results'!$D:$D,"CSH",'COM results'!$F:$F,J$2,'COM results'!$A:$A,"NHP",'COM results'!$B:$B,"VAR_Fout"))/U5 -> 0.89805245 | K15: =(SUMIFS('COM results'!$G:$G,'COM results'!$D:$D,"CSH",'COM results'!$F:$F,K$2,'COM results'!$A:$A,"NGB",'COM results'!$B:$B,"VAR_Fout")+SUMIFS('COM results'!$G:$G,'COM results'!$D:$D,"CSH",'COM results'!$F:$F,K$2,'COM results'!$A:$A,"NGF",'COM results'!$B:$B,"VAR_Fout")+SUMIFS('COM results'!$G:$G,'COM results'!$D:$D,"CSH",'COM results'!$F:$F,K$2,'COM results'!$A:$A,"NHP",'COM results'!$B:$B,"VAR_Fout"))/V5 -> 0.83399281
A16: S_CSHDSL | B16: CSH-DSL | C16: =(SUMIFS('COM results'!$G:$G,'COM results'!$D:$D,"CSH",'COM results'!$F:$F,C$2,'COM results'!$A:$A,"DSB",'COM results'!$B:$B,"VAR_Fout")+SUMIFS('COM results'!$G:$G,'COM results'!$D:$D,"CSH",'COM results'!$F:$F,C$2,'COM results'!$A:$A,"DSF",'COM results'!$B:$B,"VAR_Fout"))/N5 -> 0.38418719 | D16: =(SUMIFS('COM results'!$G:$G,'COM results'!$D:$D,"CSH",'COM results'!$F:$F,D$2,'COM results'!$A:$A,"DSB",'COM results'!$B:$B,"VAR_Fout")+SUMIFS('COM results'!$G:$G,'COM results'!$D:$D,"CSH",'COM results'!$F:$F,D$2,'COM results'!$A:$A,"DSF",'COM results'!$B:$B,"VAR_Fout"))/O5 -> 0.22905591 | E16: =(SUMIFS('COM results'!$G:$G,'COM results'!$D:$D,"CSH",'COM results'!$F:$F,E$2,'COM results'!$A:$A,"DSB",'COM results'!$B:$B,"VAR_Fout")+SUMIFS('COM results'!$G:$G,'COM results'!$D:$D,"CSH",'COM results'!$F:$F,E$2,'COM results'!$A:$A,"DSF",'COM results'!$B:$B,"VAR_Fout"))/P5 -> 0.011122544 | F16: =(SUMIFS('COM results'!$G:$G,'COM results'!$D:$D,"CSH",'COM results'!$F:$F,F$2,'COM results'!$A:$A,"DSB",'COM results'!$B:$B,"VAR_Fout")+SUMIFS('COM results'!$G:$G,'COM results'!$D:$D,"CSH",'COM results'!$F:$F,F$2,'COM results'!$A:$A,"DSF",'COM results'!$B:$B,"VAR_Fout"))/Q5 -> 0 | G16: =(SUMIFS('COM results'!$G:$G,'COM results'!$D:$D,"CSH",'COM results'!$F:$F,G$2,'COM results'!$A:$A,"DSB",'COM results'!$B:$B,"VAR_Fout")+SUMIFS('COM results'!$G:$G,'COM results'!$D:$D,"CSH",'COM results'!$F:$F,G$2,'COM results'!$A:$A,"DSF",'COM results'!$B:$B,"VAR_Fout"))/R5 -> 0.059086858 | H16: =(SUMIFS('COM results'!$G:$G,'COM results'!$D:$D,"CSH",'COM results'!$F:$F,H$2,'COM results'!$A:$A,"DSB",'COM results'!$B:$B,"VAR_Fout")+SUMIFS('COM results'!$G:$G,'COM results'!$D:$D,"CSH",'COM results'!$F:$F,H$2,'COM results'!$A:$A,"DSF",'COM results'!$B:$B,"VAR_Fout"))/S5 -> 0.0018116496 | I16: =(SUMIFS('COM results'!$G:$G,'COM results'!$D:$D,"CSH",'COM results'!$F:$F,I$2,'COM results'!$A:$A,"DSB",'COM results'!$B:$B,"VAR_Fout")+SUMIFS('COM results'!$G:$G,'COM results'!$D:$D,"CSH",'COM results'!$F:$F,I$2,'COM results'!$A:$A,"DSF",'COM results'!$B:$B,"VAR_Fout"))/T5 -> 0.0018565337 | J16: =(SUMIFS('COM results'!$G:$G,'COM results'!$D:$D,"CSH",'COM results'!$F:$F,J$2,'COM results'!$A:$A,"DSB",'COM results'!$B:$B,"VAR_Fout")+SUMIFS('COM results'!$G:$G,'COM results'!$D:$D,"CSH",'COM results'!$F:$F,J$2,'COM results'!$A:$A,"DSF",'COM results'!$B:$B,"VAR_Fout"))/U5 -> 0.0038959035 | K16: =(SUMIFS('COM results'!$G:$G,'COM results'!$D:$D,"CSH",'COM results'!$F:$F,K$2,'COM results'!$A:$A,"DSB",'COM results'!$B:$B,"VAR_Fout")+SUMIFS('COM results'!$G:$G,'COM results'!$D:$D,"CSH",'COM results'!$F:$F,K$2,'COM results'!$A:$A,"DSF",'COM results'!$B:$B,"VAR_Fout"))/V5 -> 0.00056066184
A17: S_CSHBLR | B17: CSH-BLR | C17: =(SUMIFS('COM results'!$G:$G,'COM results'!$D:$D,"CSH",'COM results'!$F:$F,C$2,'COM results'!$A:$A,"NGB",'COM results'!$B:$B,"VAR_Fout")+SUMIFS('COM results'!$G:$G,'COM results'!$D:$D,"CSH",'COM results'!$F:$F,C$2,'COM results'!$A:$A,"ELB",'COM results'!$B:$B,"VAR_Fout")+SUMIFS('COM results'!$G:$G,'COM results'!$D:$D,"CSH",'COM results'!$F:$F,C$2,'COM results'!$A:$A,"DSB",'COM results'!$B:$B,"VAR_Fout"))/N5 -> 0.58543252 | D17: =(SUMIFS('COM results'!$G:$G,'COM results'!$D:$D,"CSH",'COM results'!$F:$F,D$2,'COM results'!$A:$A,"NGB",'COM results'!$B:$B,"VAR_Fout")+SUMIFS('COM results'!$G:$G,'COM results'!$D:$D,"CSH",'COM results'!$F:$F,D$2,'COM results'!$A:$A,"ELB",'COM results'!$B:$B,"VAR_Fout")+SUMIFS('COM results'!$G:$G,'COM results'!$D:$D,"CSH",'COM results'!$F:$F,D$2,'COM results'!$A:$A,"DSB",'COM results'!$B:$B,"VAR_Fout"))/O5 -> 0.57319753 | E17: =(SUMIFS('COM results'!$G:$G,'COM results'!$D:$D,"CSH",'COM results'!$F:$F,E$2,'COM results'!$A:$A,"NGB",'COM results'!$B:$B,"VAR_Fout")+SUMIFS('COM results'!$G:$G,'COM results'!$D:$D,"CSH",'COM results'!$F:$F,E$2,'COM results'!$A:$A,"ELB",'COM results'!$B:$B,"VAR_Fout")+SUMIFS('COM results'!$G:$G,'COM results'!$D:$D,"CSH",'COM results'!$F:$F,E$2,'COM results'!$A:$A,"DSB",'COM results'!$B:$B,"VAR_Fout"))/P5 -> 0.41099855 | F17: =(SUMIFS('COM results'!$G:$G,'COM results'!$D:$D,"CSH",'COM results'!$F:$F,F$2,'COM results'!$A:$A,"NGB",'COM results'!$B:$B,"VAR_Fout")+SUMIFS('COM results'!$G:$G,'COM results'!$D:$D,"CSH",'COM results'!$F:$F,F$2,'COM results'!$A:$A,"ELB",'COM results'!$B:$B,"VAR_Fout")+SUMIFS('COM results'!$G:$G,'COM results'!$D:$D,"CSH",'COM results'!$F:$F,F$2,'COM results'!$A:$A,"DSB",'COM results'!$B:$B,"VAR_Fout"))/Q5 -> 0.3240867 | G17: =(SUMIFS('COM results'!$G:$G,'COM results'!$D:$D,"CSH",'COM results'!$F:$F,G$2,'COM results'!$A:$A,"NGB",'COM results'!$B:$B,"VAR_Fout")+SUMIFS('COM results'!$G:$G,'COM results'!$D:$D,"CSH",'COM results'!$F:$F,G$2,'COM results'!$A:$A,"ELB",'COM results'!$B:$B,"VAR_Fout")+SUMIFS('COM results'!$G:$G,'COM results'!$D:$D,"CSH",'COM results'!$F:$F,G$2,'COM results'!$A:$A,"DSB",'COM results'!$B:$B,"VAR_Fout"))/R5 -> 0.31512364 | H17: =(SUMIFS('COM results'!$G:$G,'COM results'!$D:$D,"CSH",'COM results'!$F:$F,H$2,'COM results'!$A:$A,"NGB",'COM results'!$B:$B,"VAR_Fout")+SUMIFS('COM results'!$G:$G,'COM results'!$D:$D,"CSH",'COM results'!$F:$F,H$2,'COM results'!$A:$A,"ELB",'COM results'!$B:$B,"VAR_Fout")+SUMIFS('COM results'!$G:$G,'COM results'!$D:$D,"CSH",'COM results'!$F:$F,H$2,'COM results'!$A:$A,"DSB",'COM results'!$B:$B,"VAR_Fout"))/S5 -> 0.27437598 | I17: =(SUMIFS('COM results'!$G:$G,'COM results'!$D:$D,"CSH",'COM results'!$F:$F,I$2,'COM results'!$A:$A,"NGB",'COM results'!$B:$B,"VAR_Fout")+SUMIFS('COM results'!$G:$G,'COM results'!$D:$D,"CSH",'COM results'!$F:$F,I$2,'COM results'!$A:$A,"ELB",'COM results'!$B:$B,"VAR_Fout")+SUMIFS('COM results'!$G:$G,'COM results'!$D:$D,"CSH",'COM results'!$F:$F,I$2,'COM results'!$A:$A,"DSB",'COM results'!$B:$B,"VAR_Fout"))/T5 -> 0.23497999 | J17: =(SUMIFS('COM results'!$G:$G,'COM results'!$D:$D,"CSH",'COM results'!$F:$F,J$2,'COM results'!$A:$A,"NGB",'COM results'!$B:$B,"VAR_Fout")+SUMIFS('COM results'!$G:$G,'COM results'!$D:$D,"CSH",'COM results'!$F:$F,J$2,'COM results'!$A:$A,"ELB",'COM results'!$B:$B,"VAR_Fout")+SUMIFS('COM results'!$G:$G,'COM results'!$D:$D,"CSH",'COM results'!$F:$F,J$2,'COM results'!$A:$A,"DSB",'COM results'!$B:$B,"VAR_Fout"))/U5 -> 0.29182077 | K17: =(SUMIFS('COM results'!$G:$G,'COM results'!$D:$D,"CSH",'COM results'!$F:$F,K$2,'COM results'!$A:$A,"NGB",'COM results'!$B:$B,"VAR_Fout")+SUMIFS('COM results'!$G:$G,'COM results'!$D:$D,"CSH",'COM results'!$F:$F,K$2,'COM results'!$A:$A,"ELB",'COM results'!$B:$B,"VAR_Fout")+SUMIFS('COM results'!$G:$G,'COM results'!$D:$D,"CSH",'COM results'!$F:$F,K$2,'COM results'!$A:$A,"DSB",'COM results'!$B:$B,"VAR_Fout"))/V5 -> 0.2437617
A18: S_CSHFUR | B18: CSH-FUR | C18: =(SUMIFS('COM results'!$G:$G,'COM results'!$D:$D,"CSH",'COM results'!$F:$F,C$2,'COM results'!$A:$A,"DSF",'COM results'!$B:$B,"VAR_Fout")+SUMIFS('COM results'!$G:$G,'COM results'!$D:$D,"CSH",'COM results'!$F:$F,C$2,'COM results'!$A:$A,"NGF",'COM results'!$B:$B,"VAR_Fout"))/N5 -> 0.30362737 | D18: =(SUMIFS('COM results'!$G:$G,'COM results'!$D:$D,"CSH",'COM results'!$F:$F,D$2,'COM results'!$A:$A,"DSF",'COM results'!$B:$B,"VAR_Fout")+SUMIFS('COM results'!$G:$G,'COM results'!$D:$D,"CSH",'COM results'!$F:$F,D$2,'COM results'!$A:$A,"NGF",'COM results'!$B:$B,"VAR_Fout"))/O5 -> 0.32940354 | E18: =(SUMIFS('COM results'!$G:$G,'COM results'!$D:$D,"CSH",'COM results'!$F:$F,E$2,'COM results'!$A:$A,"DSF",'COM results'!$B:$B,"VAR_Fout")+SUMIFS('COM results'!$G:$G,'COM results'!$D:$D,"CSH",'COM results'!$F:$F,E$2,'COM results'!$A:$A,"NGF",'COM results'!$B:$B,"VAR_Fout"))/P5 -> 0.54112018 | F18: =(SUMIFS('COM results'!$G:$G,'COM results'!$D:$D,"CSH",'COM results'!$F:$F,F$2,'COM results'!$A:$A,"DSF",'COM results'!$B:$B,"VAR_Fout")+SUMIFS('COM results'!$G:$G,'COM results'!$D:$D,"CSH",'COM results'!$F:$F,F$2,'COM results'!$A:$A,"NGF",'COM results'!$B:$B,"VAR_Fout"))/Q5 -> 0.57868151 | G18: =(SUMIFS('COM results'!$G:$G,'COM results'!$D:$D,"CSH",'COM results'!$F:$F,G$2,'COM results'!$A:$A,"DSF",'COM results'!$B:$B,"VAR_Fout")+SUMIFS('COM results'!$G:$G,'COM results'!$D:$D,"CSH",'COM results'!$F:$F,G$2,'COM results'!$A:$A,"NGF",'COM results'!$B:$B,"VAR_Fout"))/R5 -> 0.40745307 | H18: =(SUMIFS('COM results'!$G:$G,'COM results'!$D:$D,"CSH",'COM results'!$F:$F,H$2,'COM results'!$A:$A,"DSF",'COM results'!$B:$B,"VAR_Fout")+SUMIFS('COM results'!$G:$G,'COM results'!$D:$D,"CSH",'COM results'!$F:$F,H$2,'COM results'!$A:$A,"NGF",'COM results'!$B:$B,"VAR_Fout"))/S5 -> 0.54479572 | I18: =(SUMIFS('COM results'!$G:$G,'COM results'!$D:$D,"CSH",'COM results'!$F:$F,I$2,'COM results'!$A:$A,"DSF",'COM results'!$B:$B,"VAR_Fout")+SUMIFS('COM results'!$G:$G,'COM results'!$D:$D,"CSH",'COM results'!$F:$F,I$2,'COM results'!$A:$A,"NGF",'COM results'!$B:$B,"VAR_Fout"))/T5 -> 0.60704271 | J18: =(SUMIFS('COM results'!$G:$G,'COM results'!$D:$D,"CSH",'COM results'!$F:$F,J$2,'COM results'!$A:$A,"DSF",'COM results'!$B:$B,"VAR_Fout")+SUMIFS('COM results'!$G:$G,'COM results'!$D:$D,"CSH",'COM results'!$F:$F,J$2,'COM results'!$A:$A,"NGF",'COM results'!$B:$B,"VAR_Fout"))/U5 -> 0.61119992 | K18: =(SUMIFS('COM results'!$G:$G,'COM results'!$D:$D,"CSH",'COM results'!$F:$F,K$2,'COM results'!$A:$A,"DSF",'COM results'!$B:$B,"VAR_Fout")+SUMIFS('COM results'!$G:$G,'COM results'!$D:$D,"CSH",'COM results'!$F:$F,K$2,'COM results'!$A:$A,"NGF",'COM results'!$B:$B,"VAR_Fout"))/V5 -> 0.60047
A19: S_CSHELO | B19: CSH-ELO | C19: =(SUMIFS('COM results'!$G:$G,'COM results'!$D:$D,"CSH",'COM results'!$F:$F,C$2,'COM results'!$A:$A,"ELO",'COM results'!$B:$B,"VAR_Fout"))/N5 -> 0.063154878 | D19: =(SUMIFS('COM results'!$G:$G,'COM results'!$D:$D,"CSH",'COM results'!$F:$F,D$2,'COM results'!$A:$A,"ELO",'COM results'!$B:$B,"VAR_Fout"))/O5 -> 0.052318465 | E19: =(SUMIFS('COM results'!$G:$G,'COM results'!$D:$D,"CSH",'COM results'!$F:$F,E$2,'COM results'!$A:$A,"ELO",'COM results'!$B:$B,"VAR_Fout"))/P5 -> 0.02894981 | F19: =(SUMIFS('COM results'!$G:$G,'COM results'!$D:$D,"CSH",'COM results'!$F:$F,F$2,'COM results'!$A:$A,"ELO",'COM results'!$B:$B,"VAR_Fout"))/Q5 -> 0.059125579 | G19: =(SUMIFS('COM results'!$G:$G,'COM results'!$D:$D,"CSH",'COM results'!$F:$F,G$2,'COM results'!$A:$A,"ELO",'COM results'!$B:$B,"VAR_Fout"))/R5 -> 0.048928425 | H19: =(SUMIFS('COM results'!$G:$G,'COM results'!$D:$D,"CSH",'COM results'!$F:$F,H$2,'COM results'!$A:$A,"ELO",'COM results'!$B:$B,"VAR_Fout"))/S5 -> 0.048591094 | I19: =(SUMIFS('COM results'!$G:$G,'COM results'!$D:$D,"CSH",'COM results'!$F:$F,I$2,'COM results'!$A:$A,"ELO",'COM results'!$B:$B,"VAR_Fout"))/T5 -> 0.061772568 | J19: =(SUMIFS('COM results'!$G:$G,'COM results'!$D:$D,"CSH",'COM results'!$F:$F,J$2,'COM results'!$A:$A,"ELO",'COM results'!$B:$B,"VAR_Fout"))/U5 -> 0.046423635 | K19: =(SUMIFS('COM results'!$G:$G,'COM results'!$D:$D,"CSH",'COM results'!$F:$F,K$2,'COM results'!$A:$A,"ELO",'COM results'!$B:$B,"VAR_Fout"))/V5 -> 0.044796796
A20: S_CWHELC | B20: CWH-ELC | C20: =(SUMIFS('COM results'!$G:$G,'COM results'!$D:$D,"CWH",'COM results'!$F:$F,C$2,'COM results'!$A:$A,"EHP",'COM results'!$B:$B,"VAR_Fout")+SUMIFS('COM results'!$G:$G,'COM results'!$D:$D,"CWH",'COM results'!$F:$F,C$2,'COM results'!$A:$A,"EWH",'COM results'!$B:$B,"VAR_Fout")+SUMIFS('COM results'!$G:$G,'COM results'!$D:$D,"CWH",'COM results'!$F:$F,C$2,'COM results'!$A:$A,"SLN",'COM results'!$B:$B,"VAR_Fout"))/N6 -> 0.042325709 | D20: =(SUMIFS('COM results'!$G:$G,'COM results'!$D:$D,"CWH",'COM results'!$F:$F,D$2,'COM results'!$A:$A,"EHP",'COM results'!$B:$B,"VAR_Fout")+SUMIFS('COM results'!$G:$G,'COM results'!$D:$D,"CWH",'COM results'!$F:$F,D$2,'COM results'!$A:$A,"EWH",'COM results'!$B:$B,"VAR_Fout")+SUMIFS('COM results'!$G:$G,'COM results'!$D:$D,"CWH",'COM results'!$F:$F,D$2,'COM results'!$A:$A,"SLN",'COM results'!$B:$B,"VAR_Fout"))/O6 -> 0.04497832 | E20: =(SUMIFS('COM results'!$G:$G,'COM results'!$D:$D,"CWH",'COM results'!$F:$F,E$2,'COM results'!$A:$A,"EHP",'COM results'!$B:$B,"VAR_Fout")+SUMIFS('COM results'!$G:$G,'COM results'!$D:$D,"CWH",'COM results'!$F:$F,E$2,'COM results'!$A:$A,"EWH",'COM results'!$B:$B,"VAR_Fout")+SUMIFS('COM results'!$G:$G,'COM results'!$D:$D,"CWH",'COM results'!$F:$F,E$2,'COM results'!$A:$A,"SLN",'COM results'!$B:$B,"VAR_Fout"))/P6 -> 0.057503029 | F20: =(SUMIFS('COM results'!$G:$G,'COM results'!$D:$D,"CWH",'COM results'!$F:$F,F$2,'COM results'!$A:$A,"EHP",'COM results'!$B:$B,"VAR_Fout")+SUMIFS('COM results'!$G:$G,'COM results'!$D:$D,"CWH",'COM results'!$F:$F,F$2,'COM results'!$A:$A,"EWH",'COM results'!$B:$B,"VAR_Fout")+SUMIFS('COM results'!$G:$G,'COM results'!$D:$D,"CWH",'COM results'!$F:$F,F$2,'COM results'!$A:$A,"SLN",'COM results'!$B:$B,"VAR_Fout"))/Q6 -> 0.08218744 | G20: =(SUMIFS('COM results'!$G:$G,'COM results'!$D:$D,"CWH",'COM results'!$F:$F,G$2,'COM results'!$A:$A,"EHP",'COM results'!$B:$B,"VAR_Fout")+SUMIFS('COM results'!$G:$G,'COM results'!$D:$D,"CWH",'COM results'!$F:$F,G$2,'COM results'!$A:$A,"EWH",'COM results'!$B:$B,"VAR_Fout")+SUMIFS('COM results'!$G:$G,'COM results'!$D:$D,"CWH",'COM results'!$F:$F,G$2,'COM results'!$A:$A,"SLN",'COM results'!$B:$B,"VAR_Fout"))/R6 -> 0.23318614 | H20: =(SUMIFS('COM results'!$G:$G,'COM results'!$D:$D,"CWH",'COM results'!$F:$F,H$2,'COM results'!$A:$A,"EHP",'COM results'!$B:$B,"VAR_Fout")+SUMIFS('COM results'!$G:$G,'COM results'!$D:$D,"CWH",'COM results'!$F:$F,H$2,'COM results'!$A:$A,"EWH",'COM results'!$B:$B,"VAR_Fout")+SUMIFS('COM results'!$G:$G,'COM results'!$D:$D,"CWH",'COM results'!$F:$F,H$2,'COM results'!$A:$A,"SLN",'COM results'!$B:$B,"VAR_Fout"))/S6 -> 0.17484745 | I20: =(SUMIFS('COM results'!$G:$G,'COM results'!$D:$D,"CWH",'COM results'!$F:$F,I$2,'COM results'!$A:$A,"EHP",'COM results'!$B:$B,"VAR_Fout")+SUMIFS('COM results'!$G:$G,'COM results'!$D:$D,"CWH",'COM results'!$F:$F,I$2,'COM results'!$A:$A,"EWH",'COM results'!$B:$B,"VAR_Fout")+SUMIFS('COM results'!$G:$G,'COM results'!$D:$D,"CWH",'COM results'!$F:$F,I$2,'COM results'!$A:$A,"SLN",'COM results'!$B:$B,"VAR_Fout"))/T6 -> 0.111507 | J20: =(SUMIFS('COM results'!$G:$G,'COM results'!$D:$D,"CWH",'COM results'!$F:$F,J$2,'COM results'!$A:$A,"EHP",'COM results'!$B:$B,"VAR_Fout")+SUMIFS('COM results'!$G:$G,'COM results'!$D:$D,"CWH",'COM results'!$F:$F,J$2,'COM results'!$A:$A,"EWH",'COM results'!$B:$B,"VAR_Fout")+SUMIFS('COM results'!$G:$G,'COM results'!$D:$D,"CWH",'COM results'!$F:$F,J$2,'COM results'!$A:$A,"SLN",'COM results'!$B:$B,"VAR_Fout"))/U6 -> 0.082831729 | K20: =(SUMIFS('COM results'!$G:$G,'COM results'!$D:$D,"CWH",'COM results'!$F:$F,K$2,'COM results'!$A:$A,"EHP",'COM results'!$B:$B,"VAR_Fout")+SUMIFS('COM results'!$G:$G,'COM results'!$D:$D,"CWH",'COM results'!$F:$F,K$2,'COM results'!$A:$A,"EWH",'COM results'!$B:$B,"VAR_Fout")+SUMIFS('COM results'!$G:$G,'COM results'!$D:$D,"CWH",'COM results'!$F:$F,K$2,'COM results'!$A:$A,"SLN",'COM results'!$B:$B,"VAR_Fout"))/V6 -> 0.025633723
A21: S_CWHNG | B21: CWH-NG | C21: =(SUMIFS('COM results'!$G:$G,'COM results'!$D:$D,"CWH",'COM results'!$F:$F,C$2,'COM results'!$A:$A,"NWH",'COM results'!$B:$B,"VAR_Fout"))/N6 -> 0.79370255 | D21: =(SUMIFS('COM results'!$G:$G,'COM results'!$D:$D,"CWH",'COM results'!$F:$F,D$2,'COM results'!$A:$A,"NWH",'COM results'!$B:$B,"VAR_Fout"))/O6 -> 0.95502168 | E21: =(SUMIFS('COM results'!$G:$G,'COM results'!$D:$D,"CWH",'COM results'!$F:$F,E$2,'COM results'!$A:$A,"NWH",'COM results'!$B:$B,"VAR_Fout"))/P6 -> 0.94249697 | F21: =(SUMIFS('COM results'!$G:$G,'COM results'!$D:$D,"CWH",'COM results'!$F:$F,F$2,'COM results'!$A:$A,"NWH",'COM results'!$B:$B,"VAR_Fout"))/Q6 -> 0.91781256 | G21: =(SUMIFS('COM results'!$G:$G,'COM results'!$D:$D,"CWH",'COM results'!$F:$F,G$2,'COM results'!$A:$A,"NWH",'COM results'!$B:$B,"VAR_Fout"))/R6 -> 0.75910398 | H21: =(SUMIFS('COM results'!$G:$G,'COM results'!$D:$D,"CWH",'COM results'!$F:$F,H$2,'COM results'!$A:$A,"NWH",'COM results'!$B:$B,"VAR_Fout"))/S6 -> 0.82515255 | I21: =(SUMIFS('COM results'!$G:$G,'COM results'!$D:$D,"CWH",'COM results'!$F:$F,I$2,'COM results'!$A:$A,"NWH",'COM results'!$B:$B,"VAR_Fout"))/T6 -> 0.888493 | J21: =(SUMIFS('COM results'!$G:$G,'COM results'!$D:$D,"CWH",'COM results'!$F:$F,J$2,'COM results'!$A:$A,"NWH",'COM results'!$B:$B,"VAR_Fout"))/U6 -> 0.91716827 | K21: =(SUMIFS('COM results'!$G:$G,'COM results'!$D:$D,"CWH",'COM results'!$F:$F,K$2,'COM results'!$A:$A,"NWH",'COM results'!$B:$B,"VAR_Fout"))/V6 -> 0.97436628
A22: S_CWHDSL | B22: CWH-DSL | C22: =(SUMIFS('COM results'!$G:$G,'COM results'!$D:$D,"CWH",'COM results'!$F:$F,C$2,'COM results'!$A:$A,"DWH",'COM results'!$B:$B,"VAR_Fout"))/N6 -> 0.16397174 | D22: =(SUMIFS('COM results'!$G:$G,'COM results'!$D:$D,"CWH",'COM results'!$F:$F,D$2,'COM results'!$A:$A,"DWH",'COM results'!$B:$B,"VAR_Fout"))/O6 -> 0 | E22: =(SUMIFS('COM results'!$G:$G,'COM results'!$D:$D,"CWH",'COM results'!$F:$F,E$2,'COM results'!$A:$A,"DWH",'COM results'!$B:$B,"VAR_Fout"))/P6 -> 0 | F22: =(SUMIFS('COM results'!$G:$G,'COM results'!$D:$D,"CWH",'COM results'!$F:$F,F$2,'COM results'!$A:$A,"DWH",'COM results'!$B:$B,"VAR_Fout"))/Q6 -> 0 | G22: =(SUMIFS('COM results'!$G:$G,'COM results'!$D:$D,"CWH",'COM results'!$F:$F,G$2,'COM results'!$A:$A,"DWH",'COM results'!$B:$B,"VAR_Fout"))/R6 -> 0.0077098712 | H22: =(SUMIFS('COM results'!$G:$G,'COM results'!$D:$D,"CWH",'COM results'!$F:$F,H$2,'COM results'!$A:$A,"DWH",'COM results'!$B:$B,"VAR_Fout"))/S6 -> 0 | I22: =(SUMIFS('COM results'!$G:$G,'COM results'!$D:$D,"CWH",'COM results'!$F:$F,I$2,'COM results'!$A:$A,"DWH",'COM results'!$B:$B,"VAR_Fout"))/T6 -> 0 | J22: =(SUMIFS('COM results'!$G:$G,'COM results'!$D:$D,"CWH",'COM results'!$F:$F,J$2,'COM results'!$A:$A,"DWH",'COM results'!$B:$B,"VAR_Fout"))/U6 -> 0 | K22: =(SUMIFS('COM results'!$G:$G,'COM results'!$D:$D,"CWH",'COM results'!$F:$F,K$2,'COM results'!$A:$A,"DWH",'COM results'!$B:$B,"VAR_Fout"))/V6 -> 0
A23: S_CWHSOL | B23: CWH-SOL | C23: =(SUMIFS('COM results'!$G:$G,'COM results'!$D:$D,"CWH",'COM results'!$F:$F,C$2,'COM results'!$A:$A,"SLN",'COM results'!$B:$B,"VAR_Fout"))/N6 -> 0.0022566882 | D23: =(SUMIFS('COM results'!$G:$G,'COM results'!$D:$D,"CWH",'COM results'!$F:$F,D$2,'COM results'!$A:$A,"SLN",'COM results'!$B:$B,"VAR_Fout"))/O6 -> 0 | E23: =(SUMIFS('COM results'!$G:$G,'COM results'!$D:$D,"CWH",'COM results'!$F:$F,E$2,'COM results'!$A:$A,"SLN",'COM results'!$B:$B,"VAR_Fout"))/P6 -> 0.0016157217 | F23: =(SUMIFS('COM results'!$G:$G,'COM results'!$D:$D,"CWH",'COM results'!$F:$F,F$2,'COM results'!$A:$A,"SLN",'COM results'!$B:$B,"VAR_Fout"))/Q6 -> 0 | G23: =(SUMIFS('COM results'!$G:$G,'COM results'!$D:$D,"CWH",'COM results'!$F:$F,G$2,'COM results'!$A:$A,"SLN",'COM results'!$B:$B,"VAR_Fout"))/R6 -> 0 | H23: =(SUMIFS('COM results'!$G:$G,'COM results'!$D:$D,"CWH",'COM results'!$F:$F,H$2,'COM results'!$A:$A,"SLN",'COM results'!$B:$B,"VAR_Fout"))/S6 -> 0 | I23: =(SUMIFS('COM results'!$G:$G,'COM results'!$D:$D,"CWH",'COM results'!$F:$F,I$2,'COM results'!$A:$A,"SLN",'COM results'!$B:$B,"VAR_Fout"))/T6 -> 0 | J23: =(SUMIFS('COM results'!$G:$G,'COM results'!$D:$D,"CWH",'COM results'!$F:$F,J$2,'COM results'!$A:$A,"SLN",'COM results'!$B:$B,"VAR_Fout"))/U6 -> 0 | K23: =(SUMIFS('COM results'!$G:$G,'COM results'!$D:$D,"CWH",'COM results'!$F:$F,K$2,'COM results'!$A:$A,"SLN",'COM results'!$B:$B,"VAR_Fout"))/V6 -> 0
A27: UC_N | B27: PSET_SET | C27: 2012
A28: S_CVTCAV | B28: CVT-CAV | C28: =(SUMIFS('COM results'!$G:$G,'COM results'!$D:$D,"CVT",'COM results'!$A:$A,"CAV",'COM results'!$B:$B,"VAR_Fout"))/$W$7 -> 0.64674533
A29: S_CVTVAV | B29: CVT-VAV | C29: =(SUMIFS('COM results'!$G:$G,'COM results'!$D:$D,"CVT",'COM results'!$A:$A,"VAV",'COM results'!$B:$B,"VAR_Fout"))/$W$7 -> 0.35325467
A30: S_CRFCR | B30: CRF-CEN | C30: =(SUMIFS('COM results'!$G:$G,'COM results'!$D:$D,"CRF",'COM results'!$A:$A,"CEN",'COM results'!$B:$B,"VAR_Fout"))/$W$8 -> 0.071083871
A31: S_CRFWIC | B31: CRF-WIC | C31: =(SUMIFS('COM results'!$G:$G,'COM results'!$D:$D,"CRF",'COM results'!$A:$A,"WIR",'COM results'!$B:$B,"VAR_Fout"))/$W$8 -> 0.22641521
A32: S_CRFWIF | B32: CRF-WIF | C32: =(SUMIFS('COM results'!$G:$G,'COM results'!$D:$D,"CRF",'COM results'!$A:$A,"WIF",'COM results'!$B:$B,"VAR_Fout"))/$W$8 -> 0.084334053
A33: S_CRFRIR | B33: CRF-RIR | C33: =(SUMIFS('COM results'!$G:$G,'COM results'!$D:$D,"CRF",'COM results'!$A:$A,"RIR",'COM results'!$B:$B,"VAR_Fout"))/$W$8 -> 0.092403624
A34: S_CRFRIF | B34: CRF-RIF | C34: =(SUMIFS('COM results'!$G:$G,'COM results'!$D:$D,"CRF",'COM results'!$A:$A,"RIF",'COM results'!$B:$B,"VAR_Fout"))/$W$8 -> 0.31895096
A35: S_CRFICE | B35: CRF-ICM | C35: =(SUMIFS('COM results'!$G:$G,'COM results'!$D:$D,"CRF",'COM results'!$A:$A,"ICM",'COM results'!$B:$B,"VAR_Fout"))/$W$8 -> 0.037141195
A36: S_CRFBEV | B36: CRF-BEV | C36: =(SUMIFS('COM results'!$G:$G,'COM results'!$D:$D,"CRF",'COM results'!$A:$A,"BVM",'COM results'!$B:$B,"VAR_Fout"))/$W$8 -> 0.12217314
A37: S_CRFRVM | B37: CRF-RVM | C37: =(SUMIFS('COM results'!$G:$G,'COM results'!$D:$D,"CRF",'COM results'!$A:$A,"RVM",'COM results'!$B:$B,"VAR_Fout"))/$W$8 -> 0.047497949
A38: S_CLTINC | B38: CLT-INC | C38: =(SUMIFS('COM results'!$G:$G,'COM results'!$D:$D,"CLT",'COM results'!$A:$A,"INC",'COM results'!$B:$B,"VAR_Fout"))/$W$9 -> 0.032704942
A39: S_CLTCFL | B39: CLT-CFL | C39: =(SUMIFS('COM results'!$G:$G,'COM results'!$D:$D,"CLT",'COM results'!$A:$A,"CFL",'COM results'!$B:$B,"VAR_Fout"))/$W$9 -> 0.12857384
A40: S_CLTT8 | B40: CLT-T8 | C40: =(SUMIFS('COM results'!$G:$G,'COM results'!$D:$D,"CLT",'COM results'!$A:$A,"T8",'COM results'!$B:$B,"VAR_Fout"))/$W$9 -> 0.68121166
A41: S_CLTHID | B41: CLT-HID | C41: =(SUMIFS('COM results'!$G:$G,'COM results'!$D:$D,"CLT",'COM results'!$A:$A,"HID",'COM results'!$B:$B,"VAR_Fout"))/$W$9 -> 0.070305614
A42: S_CLTT5 | B42: CLT-T5 | C42: =(SUMIFS('COM results'!$G:$G,'COM results'!$D:$D,"CLT",'COM results'!$A:$A,"T5",'COM results'!$B:$B,"VAR_Fout"))/$W$9 -> 0.048693324
A43: S_CLTHAL | B43: CLT-HAL | C43: =(SUMIFS('COM results'!$G:$G,'COM results'!$D:$D,"CLT",'COM results'!$A:$A,"HAL",'COM results'!$B:$B,"VAR_Fout"))/$W$9 -> 0.034102827
A44: S_CLTLED | B44: CLT-LED | C44: =(SUMIFS('COM results'!$G:$G,'COM results'!$D:$D,"CLT",'COM results'!$A:$A,"LED",'COM results'!$B:$B,"VAR_Fout"))/$W$9 -> 0.0044077855

Sheet COM results
B4: Page Fields:
B5: Table Name: Commercial Summary
B6: Active Unit:
B7: Attribute | C7: ProcessSet | D7: Commodity | E7: Process | F7: Region\Period | G7: 2010 | H7: 2011 | I7: 2015 | J7: 2020 | K7: 2025 | L7: 2030 | M7: 2035 | N7: 2040 | O7: 2045 | P7: 2050
A8: elc | B8: VAR_FOut | C8: CCK-ALL | D8: CCK | E8: CCKELBR | F8: R1 | G8: 3.8570413
A9: elc | B9: VAR_FOut | C9: CCK-ALL | D9: CCK | E9: CCKELBR | F9: R2 | G9: 9.2635185 | H9: 4.8677005 | I9: 4.6317592
A10: elc | B10: VAR_FOut | C10: CCK-ALL | D10: CCK | E10: CCKELBR | F10: R3 | G10: 11.648418 | H10: 6.168265 | I10: 5.824209
A11: elc | B11: VAR_FOut | C11: CCK-ALL | D11: CCK | E11: CCKELBR | F11: R4 | G11: 6.7553758 | H11: 3.4073349 | I11: 3.3776879
A12: elc | B12: VAR_FOut | C12: CCK-ALL | D12: CCK | E12: CCKELBR | F12: R5 | G12: 18.339208 | H12: 8.926021 | I12: 9.1696042
A13: elc | B13: VAR_FOut | C13: CCK-ALL | D13: CCK | E13: CCKELBR | F13: R6 | G13: 4.6080011 | H13: 2.362576 | I13: 2.3040005
A14: elc | B14: VAR_FOut | C14: CCK-ALL | D14: CCK | E14: CCKELBR | F14: R7 | G14: 10.800242 | H14: 5.1744226 | I14: 5.4001212
A15: elc | B15: VAR_FOut | C15: CCK-ALL | D15: CCK | E15: CCKELBR | F15: R8 | G15: 4.4422287 | H15: 2.2135673 | I15: 2.2211143
A16: elc | B16: VAR_FOut | C16: CCK-ALL | D16: CCK | E16: CCKELBR | F16: R9 | G16: 8.8944458 | H16: 0.050186877
A17: elc | B17: VAR_FOut | C17: CCK-ALL | D17: CCK | E17: CCKELI | F17: R1 | H17: 3.8819225 | I17: 3.8819225 | J17: 3.8678497 | K17: 3.7703718 | L17: 3.7406301 | M17: 3.7213935 | N17: 3.6625172 | O17: 3.5934581 | P17: 3.5217866
A18: elc | B18: VAR_FOut | C18: CCK-ALL | D18: CCK | E18: CCKELI | F18: R2 | H18: 4.6654411 | I18: 4.6654411 | J18: 9.1964269 | K18: 8.8899598 | L18: 8.7507711 | M18: 8.6484651 | N18: 8.4666243 | O18: 8.2654255 | P18: 8.0620583
A19: elc | B19: VAR_FOut | C19: CCK-ALL | D19: CCK | E19: CCKELI | F19: R3 | H19: 5.755817 | I19: 5.755817 | J19: 11.463865 | K19: 11.139636 | L19: 11.03343 | M19: 10.97264 | N19: 10.806039 | O19: 10.613789 | P19: 10.377831
A20: elc | B20: VAR_FOut | C20: CCK-ALL | D20: CCK | E20: CCKELI | F20: R4 | H20: 3.527406 | I20: 3.527406 | J20: 6.9602318 | K20: 6.8578157 | L20: 6.8774364 | M20: 6.9310772 | N20: 6.9252922 | O20: 6.9050193 | P20: 6.8578717
A21: elc | B21: VAR_FOut | C21: CCK-ALL | D21: CCK | E21: CCKELI | F21: R5 | H21: 10.05591 | I21: 10.05591 | J21: 19.936805 | K21: 20.153579 | L21: 20.739964 | M21: 21.432077 | N21: 21.946294 | O21: 22.436387 | P21: 22.820464
A22: elc | B22: VAR_FOut | C22: CCK-ALL | D22: CCK | E22: CCKELI | F22: R6 | H22: 2.3774606 | I22: 2.3774606 | J22: 5.4759974 | K22: 5.7737095 | L22: 4.6489997 | M22: 4.6803843 | N22: 4.6706571 | O22: 4.6536674 | P22: 4.6326671
A23: elc | B23: VAR_FOut | C23: CCK-ALL | D23: CCK | E23: CCKELI | F23: R7 | H23: 6.060959 | I23: 6.060959 | J23: 11.998712 | K23: 12.22927 | L23: 12.672852 | M23: 13.17921 | N23: 13.578994 | O23: 13.962713 | P23: 14.306742
A24: elc | B24: VAR_FOut | C24: CCK-ALL | D24: CCK | E24: CCKELI | F24: R8 | H24: 2.3873149 | I24: 2.3873149 | J24: 4.8522829 | K24: 4.9864751 | L24: 5.2142739 | M24: 5.4763053 | N24: 5.6991891 | O24: 5.9209109 | P24: 6.1382787
A25: elc | B25: VAR_FOut | C25: CCK-ALL | D25: CCK | E25: CCKELI | F25: R9 | H25: 9.2544119 | I25: 9.2544119 | J25: 11.716549 | K25: 9.5443834 | L25: 9.7223981 | M25: 9.9401671 | N25: 10.072711 | O25: 10.203431 | P25: 10.304119
A26: ng | B26: VAR_FOut | C26: CCK-ALL | D26: CCK | E26: CCKNGC | F26: R1 | H26: 4.3840151 | I26: 5.7721376 | J26: 7.4059524 | K26: 7.5438053 | L26: 7.8258269 | M26: 8.1466792 | N26: 8.3962021 | O26: 8.6340251 | P26: 8.876956
A27: ng | B27: VAR_FOut | C27: CCK-ALL | D27: CCK | E27: CCKNGC | F27: R2 | H27: 10.923941 | I27: 10.923941 | J27: 19.943264 | K27: 20.110414 | L27: 20.664098 | M27: 21.334781 | N27: 21.837156 | O27: 22.308747 | P27: 22.792941
A28: ng | B28: VAR_FOut | C28: CCK-ALL | D28: CCK | E28: CCKNGC | F28: R3 | H28: 11.944678 | I28: 11.944678 | J28: 21.306888 | K28: 21.644543 | L28: 22.426163 | M28: 23.346806 | N28: 24.087305 | O28: 24.806285 | P28: 25.454555
... A34: ng | B34: VAR_FOut | C34: CCK-ALL | D34: CCK | E34: CCKNGC | F34: R9 | H34: 15.574842 | I34: 15.574842 | J34: 25.716975 | K34: 29.081223 | L34: 30.820765 | M34: 32.811882 | N34: 34.652926 | O34: 36.619582 | P34: 38.618997
A35: ng | B35: VAR_FOut | C35: CCK-ALL | D35: CCK | E35: CCKNGCR | F35: R1 | G35: 2.6905833 | H35: 2.421525 | I35: 1.3452917
A36: ng | B36: VAR_FOut | C36: CCK-ALL | D36: CCK | E36: CCKNGCR | F36: R2 | G36: 8.2516727 | H36: 7.4265054 | I36: 4.1258363
A37: ng | B37: VAR_FOut | C37: CCK-ALL | D37: CCK | E37: CCKNGCR | F37: R3 | G37: 8.5405388 | H37: 7.6864849 | I37: 4.2702694
A38: ng | B38: VAR_FOut | C38: CCK-ALL | D38: CCK | E38: CCKNGCR | F38: R4 | G38: 3.467265 | H38: 3.1205385 | I38: 1.7336325
A39: ng | B39: VAR_FOut | C39: CCK-ALL | D39: CCK | E39: CCKNGCR | F39: R5 | G39: 10.683039 | H39: 9.6147347 | I39: 5.3415193
A40: ng | B40: VAR_FOut | C40: CCK-ALL | D40: CCK | E40: CCKNGCR | F40: R6 | G40: 3.1970696 | H40: 2.8773627 | I40: 1.5985348
A41: ng | B41: VAR_FOut | C41: CCK-ALL | D41: CCK | E41: CCKNGCR | F41: R7 | G41: 7.3604441 | H41: 6.6243996 | I41: 3.680222
A42: ng | B42: VAR_FOut | C42: CCK-ALL | D42: CCK | E42: CCKNGCR | F42: R8 | G42: 3.4187182 | H42: 3.0768463 | I42: 1.7093591
A43: ng | B43: VAR_FOut | C43: CCK-ALL | D43: CCK | E43: CCKNGCR | F43: R9 | G43: 9.6078787 | H43: 8.6470909 | I43: 4.8039394
A44: ng | B44: VAR_FOut | C44: CCK-ALL | D44: CCK | E44: CCKNGRR | F44: R1 | G44: 4.035875
A45: ng | B45: VAR_FOut | C45: CCK-ALL | D45: CCK | E45: CCKNGRR | F45: R2 | G45: 10.117042 | I45: 4.2906751
A46: ng | B46: VAR_FOut | C46: CCK-ALL | D46: CCK | E46: CCKNGRR | F46: R3 | G46: 11.15808 | I46: 4.3848971
A47: ng | B47: VAR_FOut | C47: CCK-ALL | D47: CCK | E47: CCKNGRR | F47: R4 | G47: 4.9760716 | I47: 2.0493948
A48: ng | B48: VAR_FOut | C48: CCK-ALL | D48: CCK | E48: CCKNGRR | F48: R5 | G48: 15.213436 | I48: 6.7679295
A49: ng | B49: VAR_FOut | C49: CCK-ALL | D49: CCK | E49: CCKNGRR | F49: R6 | G49: 4.25943 | I49: 1.781617
A50: ng | B50: VAR_FOut | C50: CCK-ALL | D50: CCK | E50: CCKNGRR | F50: R7 | G50: 9.8700887 | I50: 4.7328069
A51: ng | B51: VAR_FOut | C51: CCK-ALL | D51: CCK | E51: CCKNGRR | F51: R8 | G51: 4.3929843 | I51: 2.0149046
A52: ng | B52: VAR_FOut | C52: CCK-ALL | D52: CCK | E52: CCKNGRR | F52: R9 | G52: 14.411818 | I52: 5.7305066
A53: =MID(E53,4,3) -> CFL | B53: VAR_FOut | C53: CLT-ALL | D53: CLT | E53: CLTCFL | F53: R1 | H53: 2.7423792 | I53: 2.7423792 | J53: 4.9350601 | K53: 6.834495 | L53: 6.610351 | M53: 6.4050226 | N53: 6.0423525 | O53: 5.6571563 | P53: 5.1420968
A54: =MID(E54,4,3) -> CFL | B54: VAR_FOut | C54: CLT-ALL | D54: CLT | E54: CLTCFL | F54: R2 | H54: 7.1102435 | I54: 7.1102435 | J54: 12.702505 | K54: 17.518102 | L54: 16.810905 | M54: 16.181513 | N54: 15.184541 | O54: 14.145419 | P54: 12.79641
A55: =MID(E55,4,3) -> CFL | B55: VAR_FOut | C55: CLT-ALL | D55: CLT | E55: CLTCFL | F55: R3 | H55: 7.8754063 | I55: 7.8754063 | J55: 14.233075 | K55: 19.803765 | L55: 19.122507 | M55: 18.521695 | N55: 17.484268 | O55: 16.387419 | P55: 14.860668
A56: =MID(E56,4,3) -> CFL | B56: VAR_FOut | C56: CLT-ALL | D56: CLT | E56: CLTCFL | F56: R4 | H56: 4.0910844 | I56: 4.0910844 | J56: 7.3619228 | K56: 10.192726 | L56: 9.9652595 | M56: 9.7813339 | N56: 9.3679972 | O56: 8.9131817 | P56: 8.2101074
A57: =MID(E57,4,3) -> CFL | B57: VAR_FOut | C57: CLT-ALL | D57: CLT | E57: CLTCFL | F57: R5 | H57: 12.647758 | I57: 12.647758 | J57: 23.077068 | K57: 32.113791 | L57: 32.218468 | M57: 32.426231 | N57: 31.827661 | O57: 31.049574 | P57: 29.289963
A58: =MID(E58,4,3) -> CFL | B58: VAR_FOut | C58: CLT-ALL | D58: CLT | E58: CLTCFL | F58: R6 | H58: 3.1994096 | I58: 3.1994096 | J58: 5.7764852 | K58: 8.0204084 | L58: 7.8390069 | M58: 7.6863183 | N58: 7.3523494 | O58: 6.9904108 | P58: 6.4540166
A59: =MID(E59,4,3) -> CFL | B59: VAR_FOut | C59: CLT-ALL | D59: CLT | E59: CLTCFL | F59: R7 | H59: 8.2451534 | I59: 8.2451534 | J59: 15.062459 | K59: 20.967631 | L59: 21.18267 | M59: 21.455124 | N59: 21.189493 | O59: 20.791316 | P59: 19.758071
A60: =MID(E60,4,3) -> CFL | B60: VAR_FOut | C60: CLT-ALL | D60: CLT | E60: CLTCFL | F60: R8 | H60: 3.4180234 | I60: 3.4180234 | J60: 6.4345012 | K60: 9.0868931 | L60: 9.2634575 | M60: 9.4755022 | N60: 9.4523319 | O60: 9.3707344 | P60: 9.0099696
A61: =MID(E61,4,3) -> CFL | B61: VAR_FOut | C61: CLT-ALL | D61: CLT | E61: CLTCFL | F61: R9 | H61: 9.2452266 | I61: 9.2452266 | J61: 16.81507 | K61: 23.332366 | L61: 23.170841 | M61: 23.072646 | N61: 22.411009 | O61: 21.663092 | P61: 20.289751
A62: =MID(E62,4,3) -> CFL | B62: VAR_FOut | C62: CLT-ALL | D62: CLT | E62: CLTCFLR | F62: R1 | G62: 6.111188 | H62: 3.5728797 | I62: 4.0741253 | J62: 2.0370627
A63: =MID(E63,4,3) -> CFL | B63: VAR_FOut | C63: CLT-ALL | D63: CLT | E63: CLTCFLR | F63: R2 | G63: 15.95557 | H63: 9.3650946 | I63: 10.637047 | J63: 5.3185234
A64: =MID(E64,4,3) -> CFL | B64: VAR_FOut | C64: CLT-ALL | D64: CLT | E64: CLTCFLR | F64: R3 | G64: 18.100594 | H64: 10.764882 | I64: 12.067063 | J64: 6.0335315
A65: =MID(E65,4,3) -> CFL | B65: VAR_FOut | C65: CLT-ALL | D65: CLT | E65: CLTCFLR | F65: R4 | G65: 8.7761319 | H65: 5.0181328 | I65: 5.8507546 | J65: 2.9253773
A66: =MID(E66,4,3) -> CFL | B66: VAR_FOut | C66: CLT-ALL | D66: CLT | E66: CLTCFLR | F66: R5 | G66: 25.542834 | H66: 14.05851 | I66: 17.028556 | J66: 8.5142779
A67: =MID(E67,4,3) -> CFL | B67: VAR_FOut | C67: CLT-ALL | D67: CLT | E67: CLTCFLR | F67: R6 | G67: 6.9663565 | H67: 4.0187657 | I67: 4.6442377 | J67: 2.3221188
A68: =MID(E68,4,3) -> CFL | B68: VAR_FOut | C68: CLT-ALL | D68: CLT | E68: CLTCFLR | F68: R7 | G68: 16.185699 | H68: 8.7381894 | I68: 10.790466 | J68: 5.3952329
A69: =MID(E69,4,3) -> CFL | B69: VAR_FOut | C69: CLT-ALL | D69: CLT | E69: CLTCFLR | F69: R8 | G69: 7.0757386 | H69: 3.957587 | I69: 4.717159 | J69: 2.3585795
A70: =MID(E70,4,3) -> CFL | B70: VAR_FOut | C70: CLT-ALL | D70: CLT | E70: CLTCFLR | F70: R9 | G70: 19.005482 | H70: 10.582578 | I70: 12.670321 | J70: 6.3351607
A71: =MID(E71,4,3) -> HAL | B71: VAR_FOut | C71: CLT-ALL | D71: CLT | E71: CLTHAL | F71: R1 | H71: 0.1621894 | I71: 1.8940999 | J71: 2.059958 | K71: 2.1557339 | L71: 2.2361239 | M71: 2.335937 | N71: 2.3904214 | O71: 2.4452589 | P71: 2.4494275
A72: =MID(E72,4,3) -> HAL | B72: VAR_FOut | C72: CLT-ALL | D72: CLT | E72: CLTHAL | F72: R2 | H72: 2.1100716 | I72: 2.1100716 | J72: 5.3244273 | K72: 5.5255532 | L72: 5.6867277 | M72: 5.9014614 | N72: 6.0071724 | O72: 6.11424 | P72: 6.0955444
A73: =MID(E73,4,3) -> HAL | B73: VAR_FOut | C73: CLT-ALL | D73: CLT | E73: CLTHAL | F73: R3 | H73: 2.3407489 | I73: 2.3407489 | J73: 4.3875685 | K73: 6.2464962 | L73: 6.4686874 | M73: 6.7549353 | N73: 6.9169698 | O73: 7.083326 | P73: 7.0788495
A74: =MID(E74,4,3) -> HAL | B74: VAR_FOut | C74: CLT-ALL | D74: CLT | E74: CLTHAL | F74: R4 | H74: 1.2106859 | I74: 1.2106859 | J74: 2.2635234 | K74: 3.2149857 | L74: 3.3710093 | M74: 3.567291 | N74: 3.7060833 | O74: 3.8526489 | P74: 3.9108683
A75: =MID(E75,4,3) -> HAL | B75: VAR_FOut | C75: CLT-ALL | D75: CLT | E75: CLTHAL | F75: R5 | H75: 3.7295065 | I75: 3.7295065 | J75: 9.3338639 | K75: 10.12932 | L75: 10.898738 | M75: 11.825974 | N75: 12.591374 | O75: 13.420921 | P75: 13.952216
A76: =MID(E76,4,3) -> HAL | B76: VAR_FOut | C76: CLT-ALL | D76: CLT | E76: CLTHAL | F76: R6 | H76: 0.94767767 | I76: 0.94767767 | J76: 1.7768671 | K76: 2.5297942 | L76: 2.6517489 | M76: 2.8032306 | N76: 2.9086707 | O76: 3.0215471 | P76: 3.0743579
A77: =MID(E77,4,3) -> HAL | B77: VAR_FOut | C77: CLT-ALL | D77: CLT | E77: CLTHAL | F77: R7 | H77: 2.4273664 | I77: 2.4273664 | J77: 4.6133278 | K77: 6.6136023 | L77: 7.1655914 | M77: 7.8247685 | N77: 8.3827976 | O77: 8.9868741 | P77: 9.4117179
A78: =MID(E78,4,3) -> HAL | B78: VAR_FOut | C78: CLT-ALL | D78: CLT | E78: CLTHAL | F78: R8 | H78: 1.0093448 | I78: 1.0093448 | J78: 1.9723838 | K78: 2.8661844 | L78: 3.1336065 | M78: 3.455753 | N78: 3.739447 | O78: 4.0504223 | P78: 4.2918811
A79: =MID(E79,4,3) -> HAL | B79: VAR_FOut | C79: CLT-ALL | D79: CLT | E79: CLTHAL | F79: R9 | H79: 0.55417883 | I79: 6.0896661 | J79: 6.8398829 | K79: 7.359486 | L79: 7.8381423 | M79: 8.414685 | N79: 8.8660429 | O79: 9.363692 | P79: 9.6649822
A80: =MID(E80,4,3) -> HAL | B80: VAR_FOut | C80: CLT-ALL | D80: CLT | E80: CLTHALR | F80: R1 | G80: 1.6209268 | H80: 1.512865
A81: =MID(E81,4,3) -> HAL | B81: VAR_FOut | C81: CLT-ALL | D81: CLT | E81: CLTHALR | F81: R2 | G81: 4.2320432 | H81: 2.2598344 | I81: 2.8213621
A82: =MID(E82,4,3) -> HAL | B82: VAR_FOut | C82: CLT-ALL | D82: CLT | E82: CLTHALR | F82: R3 | G82: 4.8009877 | H82: 2.6033868 | I82: 3.2006585 | J82: 1.6003292
A83: =MID(E83,4,3) -> HAL | B83: VAR_FOut | C83: CLT-ALL | D83: CLT | E83: CLTHALR | F83: R4 | G83: 2.3277745 | H83: 1.2054359 | I83: 1.5518496 | J83: 0.77592482
A84: =MID(E84,4,3) -> HAL | B84: VAR_FOut | C84: CLT-ALL | D84: CLT | E84: CLTHALR | F84: R5 | G84: 6.7749616 | H84: 3.3540436 | I84: 4.516641
A85: =MID(E85,4,3) -> HAL | B85: VAR_FOut | C85: CLT-ALL | D85: CLT | E85: CLTHALR | F85: R6 | G85: 1.847751 | H85: 0.96686562 | I85: 1.231834 | J85: 0.61591702
A86: =MID(E86,4,3) -> HAL | B86: VAR_FOut | C86: CLT-ALL | D86: CLT | E86: CLTHALR | F86: R7 | G86: 4.2930823 | H86: 2.0772824 | I86: 2.8620548 | J86: 1.4310274
A87: =MID(E87,4,3) -> HAL | B87: VAR_FOut | C87: CLT-ALL | D87: CLT | E87: CLTHALR | F87: R8 | G87: 1.8767635 | H87: 0.94695641 | I87: 1.2511756 | J87: 0.62558782
A88: =MID(E88,4,3) -> HAL | B88: VAR_FOut | C88: CLT-ALL | D88: CLT | E88: CLTHALR | F88: R9 | G88: 5.0409994 | H88: 4.7049328
A89: =MID(E89,4,3) -> HID | B89: VAR_FOut | C89: CLT-ALL | D89: CLT | E89: CLTHID | F89: R1 | H89: 3.4532541 | I89: 3.9048332 | J89: 4.2467626 | K89: 4.444212 | L89: 4.6099422 | M89: 4.8157146 | N89: 4.9280385 | O89: 5.0410902 | P89: 5.0496842
A90: =MID(E90,4,3) -> HID | B90: VAR_FOut | C90: CLT-ALL | D90: CLT | E90: CLTHID | F90: R2 | H90: 9.008899 | I90: 10.166532 | J90: 10.976718 | K90: 11.391355 | L90: 11.723629 | M90: 12.166319 | N90: 12.38425 | O90: 12.604978 | P90: 12.566436
A91: =MID(E91,4,3) -> HID | B91: VAR_FOut | C91: CLT-ALL | D91: CLT | E91: CLTHID | F91: R3 | H91: 10.192718 | I91: 11.42404 | J91: 12.344514 | K91: 12.877635 | L91: 13.335699 | M91: 13.925821 | N91: 14.259868 | O91: 14.602824 | P91: 14.593595
A92: =MID(E92,4,3) -> HID | B92: VAR_FOut | C92: CLT-ALL | D92: CLT | E92: CLTHID | F92: R4 | H92: 4.9810218 | I92: 5.6951805 | J92: 6.2660574 | K92: 6.6279415 | L92: 6.9495962 | M92: 7.3542461 | N92: 7.6403771 | O92: 7.9425334 | P92: 8.0625572
A93: =MID(E93,4,3) -> HID | B93: VAR_FOut | C93: CLT-ALL | D93: CLT | E93: CLTHID | F93: R5 | H93: 14.603286 | I93: 17.000071 | J93: 19.242482 | K93: 20.882376 | L93: 22.468592 | M93: 24.38016 | N93: 25.958091 | O93: 27.668266 | P93: 28.763571
A94: =MID(E94,4,3) -> HID | B94: VAR_FOut | C94: CLT-ALL | D94: CLT | E94: CLTHID | F94: R6 | H94: 3.9469789 | I94: 4.4932318 | J94: 4.9329093 | K94: 5.2153663 | L94: 5.4667852 | M94: 5.7790765 | N94: 5.9964495 | O94: 6.2291529 | P94: 6.3380265
A95: =MID(E95,4,3) -> HID | B95: VAR_FOut | C95: CLT-ALL | D95: CLT | E95: CLTHID | F95: R7 | H95: 9.2866816 | I95: 10.904551 | J95: 12.460906 | K95: 13.634452 | L95: 14.772421 | M95: 16.131365 | N95: 17.281785 | O95: 18.527135 | P95: 19.402984
A96: =MID(E96,4,3) -> HID | B96: VAR_FOut | C96: CLT-ALL | D96: CLT | E96: CLTHID | F96: R8 | H96: 4.0330662 | I96: 4.6602376 | J96: 5.3559193 | K96: 5.9088607 | L96: 6.4601719 | M96: 7.1243019 | N96: 7.709159 | O96: 8.3502585 | P96: 8.8480445
A97: =MID(E97,4,3) -> HID | B97: VAR_FOut | C97: CLT-ALL | D97: CLT | E97: CLTHID | F97: R9 | H97: 10.842065 | I97: 12.554317 | J97: 14.100947 | K97: 15.172149 | L97: 16.158936 | M97: 17.347523 | N97: 18.278033 | O97: 19.303975 | P97: 19.925108
A98: =MID(E98,4,3) -> HID | B98: VAR_FOut | C98: CLT-ALL | D98: CLT | E98: CLTHIDR | F98: R1 | G98: 3.3416659
A99: =MID(E99,4,3) -> HID | B99: VAR_FOut | C99: CLT-ALL | D99: CLT | E99: CLTHIDR | F99: R2 | G99: 8.7246841
A100: =MID(E100,4,3) -> HID | B100: VAR_FOut | C100: CLT-ALL | D100: CLT | E100: CLTHIDR | F100: R3 | G100: 9.8976073
A101: =MID(E101,4,3) -> HID | B101: VAR_FOut | C101: CLT-ALL | D101: CLT | E101: CLTHIDR | F101: R4 | G101: 4.798887
A102: =MID(E102,4,3) -> HID | B102: VAR_FOut | C102: CLT-ALL | D102: CLT | E102: CLTHIDR | F102: R5 | G102: 13.967107
A103: =MID(E103,4,3) -> HID | B103: VAR_FOut | C103: CLT-ALL | D103: CLT | E103: CLTHIDR | F103: R6 | G103: 3.8092816
A104: =MID(E104,4,3) -> HID | B104: VAR_FOut | C104: CLT-ALL | D104: CLT | E104: CLTHIDR | F104: R7 | G104: 8.8505209
A105: =MID(E105,4,3) -> HID | B105: VAR_FOut | C105: CLT-ALL | D105: CLT | E105: CLTHIDR | F105: R8 | G105: 3.8690929
A106: =MID(E106,4,3) -> HID | B106: VAR_FOut | C106: CLT-ALL | D106: CLT | E106: CLTHIDR | F106: R9 | G106: 10.39241
A107: =MID(E107,5,3) -> LED | B107: VAR_FOut | C107: CLT-ALL | D107: CLT | E107: CLTHLEDHE | F107: R1 | H107: 0.21650054 | J107: 6.4378739 | K107: 6.4378739 | N107: 14.50203 | O107: 27.077966 | P107: 30.959722
A108: =MID(E108,5,3) -> LED | B108: VAR_FOut | C108: CLT-ALL | D108: CLT | E108: CLTHLEDHE | F108: R2 | H108: 0.56480972 | J108: 16.635526 | K108: 16.635526 | M108: 20.552709 | N108: 57.11467 | O108: 67.707018 | P108: 77.045089
...

Sheet RESConstr
C1: =C16+C17+C18+C19 -> 1.4664522 | D1: =D16+D17+D18+D19 -> 1.4664522 | E1: =E16+E17+E18+E19 -> 1.4664522 | F1: =F16+F17+F18+F19 -> 1.4664522 | G1: =G16+G17+G18+G19 -> 1.4664522 | H1: =H16+H17+H18+H19 -> 1.4756205 | I1: =I16+I17+I18+I19 -> 1.4664522 | J1: =J16+J17+J18+J19 -> 1.4756205 | K1: =K16+K17+K18+K19 -> 1.4664522
A2: UC_N | B2: PSET_SET | C2: R1 | D2: R2 | E2: R3 | F2: R4 | G2: R5 | H2: R6 | I2: R7 | J2: R8 | K2: R9 | N2: R1 | O2: R2 | P2: R3 | Q2: R4 | R2: R5 | S2: R6 | T2: R7 | U2: R8 | V2: R9
A3: S_RSHDSL | B3: RSH-DSL | C3: =(SUMIFS('RES results'!$H:$H,'RES results'!$C:$C,"VAR_Fout",'RES results'!$G:$G,C$2,'RES results'!$E:$E,"RSH",'RES results'!$B:$B,"DFR")+SUMIFS('RES results'!$H:$H,'RES results'!$C:$C,"VAR_Fout",'RES results'!$G:$G,C$2,'RES results'!$E:$E,"RSH",'RES results'!$B:$B,"DRD"))/N4*0.99 -> 0.48938212 | D3: =(SUMIFS('RES results'!$H:$H,'RES results'!$C:$C,"VAR_Fout",'RES results'!$G:$G,D$2,'RES results'!$E:$E,"RSH",'RES results'!$B:$B,"DFR")+SUMIFS('RES results'!$H:$H,'RES results'!$C:$C,"VAR_Fout",'RES results'!$G:$G,D$2,'RES results'!$E:$E,"RSH",'RES results'!$B:$B,"DRD"))/O4*0.99 -> 0.27005864 | E3: =(SUMIFS('RES results'!$H:$H,'RES results'!$C:$C,"VAR_Fout",'RES results'!$G:$G,E$2,'RES results'!$E:$E,"RSH",'RES results'!$B:$B,"DFR")+SUMIFS('RES results'!$H:$H,'RES results'!$C:$C,"VAR_Fout",'RES results'!$G:$G,E$2,'RES results'!$E:$E,"RSH",'RES results'!$B:$B,"DRD"))/P4*0.99 -> 0.016713489 | F3: =(SUMIFS('RES results'!$H:$H,'RES results'!$C:$C,"VAR_Fout",'RES results'!$G:$G,F$2,'RES results'!$E:$E,"RSH",'RES results'!$B:$B,"DFR")+SUMIFS('RES results'!$H:$H,'RES results'!$C:$C,"VAR_Fout",'RES results'!$G:$G,F$2,'RES results'!$E:$E,"RSH",'RES results'!$B:$B,"DRD"))/Q4*0.99 -> 0.025199893 | G3: =(SUMIFS('RES results'!$H:$H,'RES results'!$C:$C,"VAR_Fout",'RES results'!$G:$G,G$2,'RES results'!$E:$E,"RSH",'RES results'!$B:$B,"DFR")+SUMIFS('RES results'!$H:$H,'RES results'!$C:$C,"VAR_Fout",'RES results'!$G:$G,G$2,'RES results'!$E:$E,"RSH",'RES results'!$B:$B,"DRD"))/R4*0.99 -> 0.069677474 | H3: =(SUMIFS('RES results'!$H:$H,'RES results'!$C:$C,"VAR_Fout",'RES results'!$G:$G,H$2,'RES results'!$E:$E,"RSH",'RES results'!$B:$B,"DFR")+SUMIFS('RES results'!$H:$H,'RES results'!$C:$C,"VAR_Fout",'RES results'!$G:$G,H$2,'RES results'!$E:$E,"RSH",'RES results'!$B:$B,"DRD"))/S4*0.99 -> 0 | I3: =(SUMIFS('RES results'!$H:$H,'RES results'!$C:$C,"VAR_Fout",'RES results'!$G:$G,I$2,'RES results'!$E:$E,"RSH",'RES results'!$B:$B,"DFR")+SUMIFS('RES results'!$H:$H,'RES results'!$C:$C,"VAR_Fout",'RES results'!$G:$G,I$2,'RES results'!$E:$E,"RSH",'RES results'!$B:$B,"DRD"))/T4*0.99 -> 0 | J3: =(SUMIFS('RES results'!$H:$H,'RES results'!$C:$C,"VAR_Fout",'RES results'!$G:$G,J$2,'RES results'!$E:$E,"RSH",'RES results'!$B:$B,"DFR")+SUMIFS('RES results'!$H:$H,'RES results'!$C:$C,"VAR_Fout",'RES results'!$G:$G,J$2,'RES results'!$E:$E,"RSH",'RES results'!$B:$B,"DRD"))/U4*0.99 -> 0.0040554175 | K3: =(SUMIFS('RES results'!$H:$H,'RES results'!$C:$C,"VAR_Fout",'RES results'!$G:$G,K$2,'RES results'!$E:$E,"RSH",'RES results'!$B:$B,"DFR")+SUMIFS('RES results'!$H:$H,'RES results'!$C:$C,"VAR_Fout",'RES results'!$G:$G,K$2,'RES results'!$E:$E,"RSH",'RES results'!$B:$B,"DRD"))/V4*0.99 -> 0.015978381 | M3: RSC | N3: =SUMIFS('RES results'!$H:$H,'RES results'!$E:$E,$M3,'RES results'!$G:$G,N$2,'RES results'!$C:$C,"VAR_Fout") -> 46.858732 | O3: =SUMIFS('RES results'!$H:$H,'RES results'!$E:$E,$M3,'RES results'!$G:$G,O$2,'RES results'!$C:$C,"VAR_Fout") -> 185.6021 | P3: =SUMIFS('RES results'!$H:$H,'RES results'!$E:$E,$M3,'RES results'!$G:$G,P$2,'RES results'!$C:$C,"VAR_Fout") -> 229.02619 | Q3: =SUMIFS('RES results'!$H:$H,'RES results'!$E:$E,$M3,'RES results'!$G:$G,Q$2,'RES results'!$C:$C,"VAR_Fout") -> 125.75665 | R3: =SUMIFS('RES results'!$H:$H,'RES results'!$E:$E,$M3,'RES results'!$G:$G,R$2,'RES results'!$C:$C,"VAR_Fout") -> 885.8551 | S3: =SUMIFS('RES results'!$H:$H,'RES results'!$E:$E,$M3,'RES results'!$G:$G,S$2,'RES results'!$C:$C,"VAR_Fout") -> 202.33687 | T3: =SUMIFS('RES results'!$H:$H,'RES results'!$E:$E,$M3,'RES results'!$G:$G,T$2,'RES results'!$C:$C,"VAR_Fout") -> 649.84225 | U3: =SUMIFS('RES results'!$H:$H,'RES results'!$E:$E,$M3,'RES results'!$G:$G,U$2,'RES results'!$C:$C,"VAR_Fout") -> 216.76129 | V3: =SUMIFS('RES results'!$H:$H,'RES results'!$E:$E,$M3,'RES results'!$G:$G,V$2,'RES results'!$C:$C,"VAR_Fout") -> 240.62819
A4: S_RSHELC | B4: RSH-ELC | C4: =(SUMIFS('RES results'!$H:$H,'RES results'!$C:$C,"VAR_Fout",'RES results'!$G:$G,C$2,'RES results'!$E:$E,"RSH",'RES results'!$B:$B,"EHP")+SUMIFS('RES results'!$H:$H,'RES results'!$C:$C,"VAR_Fout",'RES results'!$G:$G,C$2,'RES results'!$E:$E,"RSH",'RES results'!$B:$B,"ERD")+SUMIFS('RES results'!$H:$H,'RES results'!$C:$C,"VAR_Fout",'RES results'!$G:$G,C$2,'RES results'!$E:$E,"RSH",'RES results'!$B:$B,"GHP"))/N4*0.99 -> 0.014977096 | D4: =(SUMIFS('RES results'!$H:$H,'RES results'!$C:$C,"VAR_Fout",'RES results'!$G:$G,D$2,'RES results'!$E:$E,"RSH",'RES results'!$B:$B,"EHP")+SUMIFS('RES results'!$H:$H,'RES results'!$C:$C,"VAR_Fout",'RES results'!$G:$G,D$2,'RES results'!$E:$E,"RSH",'RES results'!$B:$B,"ERD")+SUMIFS('RES results'!$H:$H,'RES results'!$C:$C,"VAR_Fout",'RES results'!$G:$G,D$2,'RES results'!$E:$E,"RSH",'RES results'!$B:$B,"GHP"))/O4*0.99 -> 0.036391141 | E4: =(SUMIFS('RES results'!$H:$H,'RES results'!$C:$C,"VAR_Fout",'RES results'!$G:$G,E$2,'RES results'!$E:$E,"RSH",'RES results'!$B:$B,"EHP")+SUMIFS('RES results'!$H:$H,'RES results'!$C:$C,"VAR_Fout",'RES results'!$G:$G,E$2,'RES results'!$E:$E,"RSH",'RES results'!$B:$B,"ERD")+SUMIFS('RES results'!$H:$H,'RES results'!$C:$C,"VAR_Fout",'RES results'!$G:$G,E$2,'RES results'!$E:$E,"RSH",'RES results'!$B:$B,"GHP"))/P4*0.99 -> 0.044163923 | F4: =(SUMIFS('RES results'!$H:$H,'RES results'!$C:$C,"VAR_Fout",'RES results'!$G:$G,F$2,'RES results'!$E:$E,"RSH",'RES results'!$B:$B,"EHP")+SUMIFS('RES results'!$H:$H,'RES results'!$C:$C,"VAR_Fout",'RES results'!$G:$G,F$2,'RES results'!$E:$E,"RSH",'RES results'!$B:$B,"ERD")+SUMIFS('RES results'!$H:$H,'RES results'!$C:$C,"VAR_Fout",'RES results'!$G:$G,F$2,'RES results'!$E:$E,"RSH",'RES results'!$B:$B,"GHP"))/Q4*0.99 -> 0.076761408 | G4: =(SUMIFS('RES results'!$H:$H,'RES results'!$C:$C,"VAR_Fout",'RES results'!$G:$G,G$2,'RES results'!$E:$E,"RSH",'RES results'!$B:$B,"EHP")+SUMIFS('RES results'!$H:$H,'RES results'!$C:$C,"VAR_Fout",'RES results'!$G:$G,G$2,'RES results'!$E:$E,"RSH",'RES results'!$B:$B,"ERD")+SUMIFS('RES results'!$H:$H,'RES results'!$C:$C,"VAR_Fout",'RES results'!$G:$G,G$2,'RES results'!$E:$E,"RSH",'RES results'!$B:$B,"GHP"))/R4*0.99 -> 0.31606002 | H4: =(SUMIFS('RES results'!$H:$H,'RES results'!$C:$C,"VAR_Fout",'RES results'!$G:$G,H$2,'RES results'!$E:$E,"RSH",'RES results'!$B:$B,"EHP")+SUMIFS('RES results'!$H:$H,'RES results'!$C:$C,"VAR_Fout",'RES results'!$G:$G,H$2,'RES results'!$E:$E,"RSH",'RES results'!$B:$B,"ERD")+SUMIFS('RES results'!$H:$H,'RES results'!$C:$C,"VAR_Fout",'RES results'!$G:$G,H$2,'RES results'!$E:$E,"RSH",'RES results'!$B:$B,"GHP"))/S4*0.99 -> 0.29062585 | I4: =(SUMIFS('RES results'!$H:$H,'RES results'!$C:$C,"VAR_Fout",'RES results'!$G:$G,I$2,'RES results'!$E:$E,"RSH",'RES results'!$B:$B,"EHP")+SUMIFS('RES results'!$H:$H,'RES results'!$C:$C,"VAR_Fout",'RES results'!$G:$G,I$2,'RES results'!$E:$E,"RSH",'RES results'!$B:$B,"ERD")+SUMIFS('RES results'!$H:$H,'RES results'!$C:$C,"VAR_Fout",'RES results'!$G:$G,I$2,'RES results'!$E:$E,"RSH",'RES results'!$B:$B,"GHP"))/T4*0.99 -> 0.22892473 | J4: =(SUMIFS('RES results'!$H:$H,'RES results'!$C:$C,"VAR_Fout",'RES results'!$G:$G,J$2,'RES results'!$E:$E,"RSH",'RES results'!$B:$B,"EHP")+SUMIFS('RES results'!$H:$H,'RES results'!$C:$C,"VAR_Fout",'RES results'!$G:$G,J$2,'RES results'!$E:$E,"RSH",'RES results'!$B:$B,"ERD")+SUMIFS('RES results'!$H:$H,'RES results'!$C:$C,"VAR_Fout",'RES results'!$G:$G,J$2,'RES results'!$E:$E,"RSH",'RES results'!$B:$B,"GHP"))/U4*0.99 -> 0.085880902 | K4: =(SUMIFS('RES results'!$H:$H,'RES results'!$C:$C,"VAR_Fout",'RES results'!$G:$G,K$2,'RES results'!$E:$E,"RSH",'RES results'!$B:$B,"EHP")+SUMIFS('RES results'!$H:$H,'RES results'!$C:$C,"VAR_Fout",'RES results'!$G:$G,K$2,'RES results'!$E:$E,"RSH",'RES results'!$B:$B,"ERD")+SUMIFS('RES results'!$H:$H,'RES results'!$C:$C,"VAR_Fout",'RES results'!$G:$G,K$2,'RES results'!$E:$E,"RSH",'RES results'!$B:$B,"GHP"))/V4*0.99 -> 0.14538277 | M4: RSH | N4: =SUMIFS('RES results'!$H:$H,'RES results'!$E:$E,$M4,'RES results'!$G:$G,N$2,'RES results'!$C:$C,"VAR_Fout") -> 355.65042 | O4: =SUMIFS('RES results'!$H:$H,'RES results'!$E:$E,$M4,'RES results'!$G:$G,O$2,'RES results'!$C:$C,"VAR_Fout") -> 908.83277 | P4: =SUMIFS('RES results'!$H:$H,'RES results'!$E:$E,$M4,'RES results'!$G:$G,P$2,'RES results'!$C:$C,"VAR_Fout") -> 1145.2606 | Q4: =SUMIFS('RES results'!$H:$H,'RES results'!$E:$E,$M4,'RES results'!$G:$G,Q$2,'RES results'!$C:$C,"VAR_Fout") -> 518.55933 | R4: =SUMIFS('RES results'!$H:$H,'RES results'!$E:$E,$M4,'RES results'!$G:$G,R$2,'RES results'!$C:$C,"VAR_Fout") -> 615.88745 | S4: =SUMIFS('RES results'!$H:$H,'RES results'!$E:$E,$M4,'RES results'!$G:$G,S$2,'RES results'!$C:$C,"VAR_Fout") -> 247.69437 | T4: =SUMIFS('RES results'!$H:$H,'RES results'!$E:$E,$M4,'RES results'!$G:$G,T$2,'RES results'!$C:$C,"VAR_Fout") -> 303.19131 | U4: =SUMIFS('RES results'!$H:$H,'RES results'!$E:$E,$M4,'RES results'!$G:$G,U$2,'RES results'!$C:$C,"VAR_Fout") -> 434.71471 | V4: =SUMIFS('RES results'!$H:$H,'RES results'!$E:$E,$M4,'RES results'!$G:$G,V$2,'RES results'!$C:$C,"VAR_Fout") -> 563.88998
A5: S_RSHLPG | B5: RSH-LPG | C5: =SUMIFS('RES results'!$H:$H,'RES results'!$C:$C,"VAR_Fout",'RES results'!$G:$G,C$2,'RES results'!$E:$E,"RSH",'RES results'!$B:$B,"LFR")/N4*0.99 -> 0.022046068 | D5: =SUMIFS('RES results'!$H:$H,'RES results'!$C:$C,"VAR_Fout",'RES results'!$G:$G,D$2,'RES results'!$E:$E,"RSH",'RES results'!$B:$B,"LFR")/O4*0.99 -> 0.036976222 | E5: =SUMIFS('RES results'!$H:$H,'RES results'!$C:$C,"VAR_Fout",'RES results'!$G:$G,E$2,'RES results'!$E:$E,"RSH",'RES results'!$B:$B,"LFR")/P4*0.99 -> 0.064563071 | F5: =SUMIFS('RES results'!$H:$H,'RES results'!$C:$C,"VAR_Fout",'RES results'!$G:$G,F$2,'RES results'!$E:$E,"RSH",'RES results'!$B:$B,"LFR")/Q4*0.99 -> 0.16309903 | G5: =SUMIFS('RES results'!$H:$H,'RES results'!$C:$C,"VAR_Fout",'RES results'!$G:$G,G$2,'RES results'!$E:$E,"RSH",'RES results'!$B:$B,"LFR")/R4*0.99 -> 0.047478874 | H5: =SUMIFS('RES results'!$H:$H,'RES results'!$C:$C,"VAR_Fout",'RES results'!$G:$G,H$2,'RES results'!$E:$E,"RSH",'RES results'!$B:$B,"LFR")/S4*0.99 -> 0.1230115 | I5: =SUMIFS('RES results'!$H:$H,'RES results'!$C:$C,"VAR_Fout",'RES results'!$G:$G,I$2,'RES results'!$E:$E,"RSH",'RES results'!$B:$B,"LFR")/T4*0.99 -> 0.064242112 | J5: =SUMIFS('RES results'!$H:$H,'RES results'!$C:$C,"VAR_Fout",'RES results'!$G:$G,J$2,'RES results'!$E:$E,"RSH",'RES results'!$B:$B,"LFR")/U4*0.99 -> 0.099734116 | K5: =SUMIFS('RES results'!$H:$H,'RES results'!$C:$C,"VAR_Fout",'RES results'!$G:$G,K$2,'RES results'!$E:$E,"RSH",'RES results'!$B:$B,"LFR")/V4*0.99 -> 0.030497672 | M5: RWH | N5: =SUMIFS('RES results'!$H:$H,'RES results'!$E:$E,$M5,'RES results'!$G:$G,N$2,'RES results'!$C:$C,"VAR_Fout") -> 55.266381 | O5: =SUMIFS('RES results'!$H:$H,'RES results'!$E:$E,$M5,'RES results'!$G:$G,O$2,'RES results'!$C:$C,"VAR_Fout") -> 156.35989 | P5: =SUMIFS('RES results'!$H:$H,'RES results'!$E:$E,$M5,'RES results'!$G:$G,P$2,'RES results'!$C:$C,"VAR_Fout") -> 177.71008 | Q5: =SUMIFS('RES results'!$H:$H,'RES results'!$E:$E,$M5,'RES results'!$G:$G,Q$2,'RES results'!$C:$C,"VAR_Fout") -> 78.063474 | R5: =SUMIFS('RES results'!$H:$H,'RES results'!$E:$E,$M5,'RES results'!$G:$G,R$2,'RES results'!$C:$C,"VAR_Fout") -> 228.22194 | S5: =SUMIFS('RES results'!$H:$H,'RES results'!$E:$E,$M5,'RES results'!$G:$G,S$2,'RES results'!$C:$C,"VAR_Fout") -> 70.188605 | T5: =SUMIFS('RES results'!$H:$H,'RES results'!$E:$E,$M5,'RES results'!$G:$G,T$2,'RES results'!$C:$C,"VAR_Fout") -> 139.09991 | U5: =SUMIFS('RES results'!$H:$H,'RES results'!$E:$E,$M5,'RES results'!$G:$G,U$2,'RES results'!$C:$C,"VAR_Fout") -> 85.789859 | V5: =SUMIFS('RES results'!$H:$H,'RES results'!$E:$E,$M5,'RES results'!$G:$G,V$2,'RES results'!$C:$C,"VAR_Fout") -> 190.79195
A6: S_RSHNG | B6: RSH-NG | C6: =(SUMIFS('RES results'!$H:$H,'RES results'!$C:$C,"VAR_Fout",'RES results'!$G:$G,C$2,'RES results'!$E:$E,"RSH",'RES results'!$B:$B,"NHP")+SUMIFS('RES results'!$H:$H,'RES results'!$C:$C,"VAR_Fout",'RES results'!$G:$G,C$2,'RES results'!$E:$E,"RSH",'RES results'!$B:$B,"NRD")+SUMIFS('RES results'!$H:$H,'RES results'!$C:$C,"VAR_Fout",'RES results'!$G:$G,C$2,'RES results'!$E:$E,"RSH",'RES results'!$B:$B,"NFR"))/N4*0.99 -> 0.37718232 | D6: =(SUMIFS('RES results'!$H:$H,'RES results'!$C:$C,"VAR_Fout",'RES results'!$G:$G,D$2,'RES results'!$E:$E,"RSH",'RES results'!$B:$B,"NHP")+SUMIFS('RES results'!$H:$H,'RES results'!$C:$C,"VAR_Fout",'RES results'!$G:$G,D$2,'RES results'!$E:$E,"RSH",'RES results'!$B:$B,"NRD")+SUMIFS('RES results'!$H:$H,'RES results'!$C:$C,"VAR_Fout",'RES results'!$G:$G,D$2,'RES results'!$E:$E,"RSH",'RES results'!$B:$B,"NFR"))/O4*0.99 -> 0.59596287 | E6: =(SUMIFS('RES results'!$H:$H,'RES results'!$C:$C,"VAR_Fout",'RES results'!$G:$G,E$2,'RES results'!$E:$E,"RSH",'RES results'!$B:$B,"NHP")+SUMIFS('RES results'!$H:$H,'RES results'!$C:$C,"VAR_Fout",'RES results'!$G:$G,E$2,'RES results'!$E:$E,"RSH",'RES results'!$B:$B,"NRD")+SUMIFS('RES results'!$H:$H,'RES results'!$C:$C,"VAR_Fout",'RES results'!$G:$G,E$2,'RES results'!$E:$E,"RSH",'RES results'!$B:$B,"NFR"))/P4*0.99 -> 0.8155786 | F6: =(SUMIFS('RES results'!$H:$H,'RES results'!$C:$C,"VAR_Fout",'RES results'!$G:$G,F$2,'RES results'!$E:$E,"RSH",'RES results'!$B:$B,"NHP")+SUMIFS('RES results'!$H:$H,'RES results'!$C:$C,"VAR_Fout",'RES results'!$G:$G,F$2,'RES results'!$E:$E,"RSH",'RES results'!$B:$B,"NRD")+SUMIFS('RES results'!$H:$H,'RES results'!$C:$C,"VAR_Fout",'RES results'!$G:$G,F$2,'RES results'!$E:$E,"RSH",'RES results'!$B:$B,"NFR"))/Q4*0.99 -> 0.64713798 | G6: =(SUMIFS('RES results'!$H:$H,'RES results'!$C:$C,"VAR_Fout",'RES results'!$G:$G,G$2,'RES results'!$E:$E,"RSH",'RES results'!$B:$B,"NHP")+SUMIFS('RES results'!$H:$H,'RES results'!$C:$C,"VAR_Fout",'RES results'!$G:$G,G$2,'RES results'!$E:$E,"RSH",'RES results'!$B:$B,"NRD")+SUMIFS('RES results'!$H:$H,'RES results'!$C:$C,"VAR_Fout",'RES results'!$G:$G,G$2,'RES results'!$E:$E,"RSH",'RES results'!$B:$B,"NFR"))/R4*0.99 -> 0.44816644 | H6: =(SUMIFS('RES results'!$H:$H,'RES results'!$C:$C,"VAR_Fout",'RES results'!$G:$G,H$2,'RES results'!$E:$E,"RSH",'RES results'!$B:$B,"NHP")+SUMIFS('RES results'!$H:$H,'RES results'!$C:$C,"VAR_Fout",'RES results'!$G:$G,H$2,'RES results'!$E:$E,"RSH",'RES results'!$B:$B,"NRD")+SUMIFS('RES results'!$H:$H,'RES results'!$C:$C,"VAR_Fout",'RES results'!$G:$G,H$2,'RES results'!$E:$E,"RSH",'RES results'!$B:$B,"NFR"))/S4*0.99 -> 0.45385229 | I6: =(SUMIFS('RES results'!$H:$H,'RES results'!$C:$C,"VAR_Fout",'RES results'!$G:$G,I$2,'RES results'!$E:$E,"RSH",'RES results'!$B:$B,"NHP")+SUMIFS('RES results'!$H:$H,'RES results'!$C:$C,"VAR_Fout",'RES results'!$G:$G,I$2,'RES results'!$E:$E,"RSH",'RES results'!$B:$B,"NRD")+SUMIFS('RES results'!$H:$H,'RES results'!$C:$C,"VAR_Fout",'RES results'!$G:$G,I$2,'RES results'!$E:$E,"RSH",'RES results'!$B:$B,"NFR"))/T4*0.99 -> 0.63161688 | J6: =(SUMIFS('RES results'!$H:$H,'RES results'!$C:$C,"VAR_Fout",'RES results'!$G:$G,J$2,'RES results'!$E:$E,"RSH",'RES results'!$B:$B,"NHP")+SUMIFS('RES results'!$H:$H,'RES results'!$C:$C,"VAR_Fout",'RES results'!$G:$G,J$2,'RES results'!$E:$E,"RSH",'RES results'!$B:$B,"NRD")+SUMIFS('RES results'!$H:$H,'RES results'!$C:$C,"VAR_Fout",'RES results'!$G:$G,J$2,'RES results'!$E:$E,"RSH",'RES results'!$B:$B,"NFR"))/U4*0.99 -> 0.74141232 | K6: =(SUMIFS('RES results'!$H:$H,'RES results'!$C:$C,"VAR_Fout",'RES results'!$G:$G,K$2,'RES results'!$E:$E,"RSH",'RES results'!$B:$B,"NHP")+SUMIFS('RES results'!$H:$H,'RES results'!$C:$C,"VAR_Fout",'RES results'!$G:$G,K$2,'RES results'!$E:$E,"RSH",'RES results'!$B:$B,"NRD")+SUMIFS('RES results'!$H:$H,'RES results'!$C:$C,"VAR_Fout",'RES results'!$G:$G,K$2,'RES results'!$E:$E,"RSH",'RES results'!$B:$B,"NFR"))/V4*0.99 -> 0.66906489 | M6: RLT | N6: =SUMIFS('RES results'!$H:$H,'RES results'!$E:$E,$M6,'RES results'!$G:$G,N$2,'RES results'!$C:$C,"VAR_Fout") -> 23.191046 | O6: =SUMIFS('RES results'!$H:$H,'RES results'!$E:$E,$M6,'RES results'!$G:$G,O$2,'RES results'!$C:$C,"VAR_Fout") -> 65.612208 | P6: =SUMIFS('RES results'!$H:$H,'RES results'!$E:$E,$M6,'RES results'!$G:$G,P$2,'RES results'!$C:$C,"VAR_Fout") -> 74.571243 | Q6: =SUMIFS('RES results'!$H:$H,'RES results'!$E:$E,$M6,'RES results'!$G:$G,Q$2,'RES results'!$C:$C,"VAR_Fout") -> 32.757231 | R6: =SUMIFS('RES results'!$H:$H,'RES results'!$E:$E,$M6,'RES results'!$G:$G,R$2,'RES results'!$C:$C,"VAR_Fout") -> 95.767183 | S6: =SUMIFS('RES results'!$H:$H,'RES results'!$E:$E,$M6,'RES results'!$G:$G,S$2,'RES results'!$C:$C,"VAR_Fout") -> 29.988129 | T6: =SUMIFS('RES results'!$H:$H,'RES results'!$E:$E,$M6,'RES results'!$G:$G,T$2,'RES results'!$C:$C,"VAR_Fout") -> 58.369525 | U6: =SUMIFS('RES results'!$H:$H,'RES results'!$E:$E,$M6,'RES results'!$G:$G,U$2,'RES results'!$C:$C,"VAR_Fout") -> 36.653775 | V6: =SUMIFS('RES results'!$H:$H,'RES results'!$E:$E,$M6,'RES results'!$G:$G,V$2,'RES results'!$C:$C,"VAR_Fout") -> 80.060694
A7: S_RSHBIO | B7: RSH-BIO | C7: =SUMIFS('RES results'!$H:$H,'RES results'!$C:$C,"VAR_Fout",'RES results'!$G:$G,C$2,'RES results'!$E:$E,"RSH",'RES results'!$B:$B,"WDH")/N4*0.99 -> 0.078060784 | D7: =SUMIFS('RES results'!$H:$H,'RES results'!$C:$C,"VAR_Fout",'RES results'!$G:$G,D$2,'RES results'!$E:$E,"RSH",'RES results'!$B:$B,"WDH")/O4*0.99 -> 0.039987524 | E7: =SUMIFS('RES results'!$H:$H,'RES results'!$C:$C,"VAR_Fout",'RES results'!$G:$G,E$2,'RES results'!$E:$E,"RSH",'RES results'!$B:$B,"WDH")/P4*0.99 -> 0.048980915 | F7: =SUMIFS('RES results'!$H:$H,'RES results'!$C:$C,"VAR_Fout",'RES results'!$G:$G,F$2,'RES results'!$E:$E,"RSH",'RES results'!$B:$B,"WDH")/Q4*0.99 -> 0.077801686 | G7: =SUMIFS('RES results'!$H:$H,'RES results'!$C:$C,"VAR_Fout",'RES results'!$G:$G,G$2,'RES results'!$E:$E,"RSH",'RES results'!$B:$B,"WDH")/R4*0.99 -> 0.10109408 | H7: =SUMIFS('RES results'!$H:$H,'RES results'!$C:$C,"VAR_Fout",'RES results'!$G:$G,H$2,'RES results'!$E:$E,"RSH",'RES results'!$B:$B,"WDH")/S4*0.99 -> 0.12105731 | I7: =SUMIFS('RES results'!$H:$H,'RES results'!$C:$C,"VAR_Fout",'RES results'!$G:$G,I$2,'RES results'!$E:$E,"RSH",'RES results'!$B:$B,"WDH")/T4*0.99 -> 0.065216273 | J7: =SUMIFS('RES results'!$H:$H,'RES results'!$C:$C,"VAR_Fout",'RES results'!$G:$G,J$2,'RES results'!$E:$E,"RSH",'RES results'!$B:$B,"WDH")/U4*0.99 -> 0.058917244 | K7: =SUMIFS('RES results'!$H:$H,'RES results'!$C:$C,"VAR_Fout",'RES results'!$G:$G,K$2,'RES results'!$E:$E,"RSH",'RES results'!$B:$B,"WDH")/V4*0.99 -> 0.1272148
A8: S_RSHKER | B8: RSH-KER | C8: =SUMIFS('RES results'!$H:$H,'RES results'!$C:$C,"VAR_Fout",'RES results'!$G:$G,C$2,'RES results'!$E:$E,"RSH",'RES results'!$B:$B,"KFR")/N4*0.99 -> 0.0083516074 | D8: =SUMIFS('RES results'!$H:$H,'RES results'!$C:$C,"VAR_Fout",'RES results'!$G:$G,D$2,'RES results'!$E:$E,"RSH",'RES results'!$B:$B,"KFR")/O4*0.99 -> 0.010623597 | E8: =SUMIFS('RES results'!$H:$H,'RES results'!$C:$C,"VAR_Fout",'RES results'!$G:$G,E$2,'RES results'!$E:$E,"RSH",'RES results'!$B:$B,"KFR")/P4*0.99 -> 0 | F8: =SUMIFS('RES results'!$H:$H,'RES results'!$C:$C,"VAR_Fout",'RES results'!$G:$G,F$2,'RES results'!$E:$E,"RSH",'RES results'!$B:$B,"KFR")/Q4*0.99 -> 0 | G8: =SUMIFS('RES results'!$H:$H,'RES results'!$C:$C,"VAR_Fout",'RES results'!$G:$G,G$2,'RES results'!$E:$E,"RSH",'RES results'!$B:$B,"KFR")/R4*0.99 -> 0.0075231096 | H8: =SUMIFS('RES results'!$H:$H,'RES results'!$C:$C,"VAR_Fout",'RES results'!$G:$G,H$2,'RES results'!$E:$E,"RSH",'RES results'!$B:$B,"KFR")/S4*0.99 -> 0.0014530569 | I8: =SUMIFS('RES results'!$H:$H,'RES results'!$C:$C,"VAR_Fout",'RES results'!$G:$G,I$2,'RES results'!$E:$E,"RSH",'RES results'!$B:$B,"KFR")/T4*0.99 -> 0 | J8: =SUMIFS('RES results'!$H:$H,'RES results'!$C:$C,"VAR_Fout",'RES results'!$G:$G,J$2,'RES results'!$E:$E,"RSH",'RES results'!$B:$B,"KFR")/U4*0.99 -> 0 | K8: =SUMIFS('RES results'!$H:$H,'RES results'!$C:$C,"VAR_Fout",'RES results'!$G:$G,K$2,'RES results'!$E:$E,"RSH",'RES results'!$B:$B,"KFR")/V4*0.99 -> 0.0018614874
A9: S_RSHFUR | B9: RSH-FUR | C9: =(SUMIFS('RES results'!$H:$H,'RES results'!$C:$C,"VAR_Fout",'RES results'!$G:$G,C$2,'RES results'!$E:$E,"RSH",'RES results'!$B:$B,"DFR")+SUMIFS('RES results'!$H:$H,'RES results'!$C:$C,"VAR_Fout",'RES results'!$G:$G,C$2,'RES results'!$E:$E,"RSH",'RES results'!$B:$B,"KFR")+SUMIFS('RES results'!$H:$H,'RES results'!$C:$C,"VAR_Fout",'RES results'!$G:$G,C$2,'RES results'!$E:$E,"RSH",'RES results'!$B:$B,"NFR")+SUMIFS('RES results'!$H:$H,'RES results'!$C:$C,"VAR_Fout",'RES results'!$G:$G,C$2,'RES results'!$E:$E,"RSH",'RES results'!$B:$B,"LFR"))/N4*0.99 -> 0.36530913 | D9: =(SUMIFS('RES results'!$H:$H,'RES results'!$C:$C,"VAR_Fout",'RES results'!$G:$G,D$2,'RES results'!$E:$E,"RSH",'RES results'!$B:$B,"DFR")+SUMIFS('RES results'!$H:$H,'RES results'!$C:$C,"VAR_Fout",'RES results'!$G:$G,D$2,'RES results'!$E:$E,"RSH",'RES results'!$B:$B,"KFR")+SUMIFS('RES results'!$H:$H,'RES results'!$C:$C,"VAR_Fout",'RES results'!$G:$G,D$2,'RES results'!$E:$E,"RSH",'RES results'!$B:$B,"NFR")+SUMIFS('RES results'!$H:$H,'RES results'!$C:$C,"VAR_Fout",'RES results'!$G:$G,D$2,'RES results'!$E:$E,"RSH",'RES results'!$B:$B,"LFR"))/O4*0.99 -> 0.50564972 | E9: =(SUMIFS('RES results'!$H:$H,'RES results'!$C:$C,"VAR_Fout",'RES results'!$G:$G,E$2,'RES results'!$E:$E,"RSH",'RES results'!$B:$B,"DFR")+SUMIFS('RES results'!$H:$H,'RES results'!$C:$C,"VAR_Fout",'RES results'!$G:$G,E$2,'RES results'!$E:$E,"RSH",'RES results'!$B:$B,"KFR")+SUMIFS('RES results'!$H:$H,'RES results'!$C:$C,"VAR_Fout",'RES results'!$G:$G,E$2,'RES results'!$E:$E,"RSH",'RES results'!$B:$B,"NFR")+SUMIFS('RES results'!$H:$H,'RES results'!$C:$C,"VAR_Fout",'RES results'!$G:$G,E$2,'RES results'!$E:$E,"RSH",'RES results'!$B:$B,"LFR"))/P4*0.99 -> 0.81154808 | F9: =(SUMIFS('RES results'!$H:$H,'RES results'!$C:$C,"VAR_Fout",'RES results'!$G:$G,F$2,'RES results'!$E:$E,"RSH",'RES results'!$B:$B,"DFR")+SUMIFS('RES results'!$H:$H,'RES results'!$C:$C,"VAR_Fout",'RES results'!$G:$G,F$2,'RES results'!$E:$E,"RSH",'RES results'!$B:$B,"KFR")+SUMIFS('RES results'!$H:$H,'RES results'!$C:$C,"VAR_Fout",'RES results'!$G:$G,F$2,'RES results'!$E:$E,"RSH",'RES results'!$B:$B,"NFR")+SUMIFS('RES results'!$H:$H,'RES results'!$C:$C,"VAR_Fout",'RES results'!$G:$G,F$2,'RES results'!$E:$E,"RSH",'RES results'!$B:$B,"LFR"))/Q4*0.99 -> 0.75368652 | G9: =(SUMIFS('RES results'!$H:$H,'RES results'!$C:$C,"VAR_Fout",'RES results'!$G:$G,G$2,'RES results'!$E:$E,"RSH",'RES results'!$B:$B,"DFR")+SUMIFS('RES results'!$H:$H,'RES results'!$C:$C,"VAR_Fout",'RES results'!$G:$G,G$2,'RES results'!$E:$E,"RSH",'RES results'!$B:$B,"KFR")+SUMIFS('RES results'!$H:$H,'RES results'!$C:$C,"VAR_Fout",'RES results'!$G:$G,G$2,'RES results'!$E:$E,"RSH",'RES results'!$B:$B,"NFR")+SUMIFS('RES results'!$H:$H,'RES results'!$C:$C,"VAR_Fout",'RES results'!$G:$G,G$2,'RES results'!$E:$E,"RSH",'RES results'!$B:$B,"LFR"))/R4*0.99 -> 0.4889401 | H9: =(SUMIFS('RES results'!$H:$H,'RES results'!$C:$C,"VAR_Fout",'RES results'!$G:$G,H$2,'RES results'!$E:$E,"RSH",'RES results'!$B:$B,"DFR")+SUMIFS('RES results'!$H:$H,'RES results'!$C:$C,"VAR_Fout",'RES results'!$G:$G,H$2,'RES results'!$E:$E,"RSH",'RES results'!$B:$B,"KFR")+SUMIFS('RES results'!$H:$H,'RES results'!$C:$C,"VAR_Fout",'RES results'!$G:$G,H$2,'RES results'!$E:$E,"RSH",'RES results'!$B:$B,"NFR")+SUMIFS('RES results'!$H:$H,'RES results'!$C:$C,"VAR_Fout",'RES results'!$G:$G,H$2,'RES results'!$E:$E,"RSH",'RES results'!$B:$B,"LFR"))/S4*0.99 -> 0.53390747 | I9: =(SUMIFS('RES results'!$H:$H,'RES results'!$C:$C,"VAR_Fout",'RES results'!$G:$G,I$2,'RES results'!$E:$E,"RSH",'RES results'!$B:$B,"DFR")+SUMIFS('RES results'!$H:$H,'RES results'!$C:$C,"VAR_Fout",'RES results'!$G:$G,I$2,'RES results'!$E:$E,"RSH",'RES results'!$B:$B,"KFR")+SUMIFS('RES results'!$H:$H,'RES results'!$C:$C,"VAR_Fout",'RES results'!$G:$G,I$2,'RES results'!$E:$E,"RSH",'RES results'!$B:$B,"NFR")+SUMIFS('RES results'!$H:$H,'RES results'!$C:$C,"VAR_Fout",'RES results'!$G:$G,I$2,'RES results'!$E:$E,"RSH",'RES results'!$B:$B,"LFR"))/T4*0.99 -> 0.58708 | J9: =(SUMIFS('RES results'!$H:$H,'RES results'!$C:$C,"VAR_Fout",'RES results'!$G:$G,J$2,'RES results'!$E:$E,"RSH",'RES results'!$B:$B,"DFR")+SUMIFS('RES results'!$H:$H,'RES results'!$C:$C,"VAR_Fout",'RES results'!$G:$G,J$2,'RES results'!$E:$E,"RSH",'RES results'!$B:$B,"KFR")+SUMIFS('RES results'!$H:$H,'RES results'!$C:$C,"VAR_Fout",'RES results'!$G:$G,J$2,'RES results'!$E:$E,"RSH",'RES results'!$B:$B,"NFR")+SUMIFS('RES results'!$H:$H,'RES results'!$C:$C,"VAR_Fout",'RES results'!$G:$G,J$2,'RES results'!$E:$E,"RSH",'RES results'!$B:$B,"LFR"))/U4*0.99 -> 0.76964129 | K9: =(SUMIFS('RES results'!$H:$H,'RES results'!$C:$C,"VAR_Fout",'RES results'!$G:$G,K$2,'RES results'!$E:$E,"RSH",'RES results'!$B:$B,"DFR")+SUMIFS('RES results'!$H:$H,'RES results'!$C:$C,"VAR_Fout",'RES results'!$G:$G,K$2,'RES results'!$E:$E,"RSH",'RES results'!$B:$B,"KFR")+SUMIFS('RES results'!$H:$H,'RES results'!$C:$C,"VAR_Fout",'RES results'!$G:$G,K$2,'RES results'!$E:$E,"RSH",'RES results'!$B:$B,"NFR")+SUMIFS('RES results'!$H:$H,'RES results'!$C:$C,"VAR_Fout",'RES results'!$G:$G,K$2,'RES results'!$E:$E,"RSH",'RES results'!$B:$B,"LFR"))/V4*0.99 -> 0.56132535
A10: S_RSHRD | B10: RSH-RD | C10: =(SUMIFS('RES results'!$H:$H,'RES results'!$C:$C,"VAR_Fout",'RES results'!$G:$G,C$2,'RES results'!$E:$E,"RSH",'RES results'!$B:$B,"DRD")+SUMIFS('RES results'!$H:$H,'RES results'!$C:$C,"VAR_Fout",'RES results'!$G:$G,C$2,'RES results'!$E:$E,"RSH",'RES results'!$B:$B,"NRD")+SUMIFS('RES results'!$H:$H,'RES results'!$C:$C,"VAR_Fout",'RES results'!$G:$G,C$2,'RES results'!$E:$E,"RSH",'RES results'!$B:$B,"ERD"))/N4*0.99 -> 0.54604148 | D10: =(SUMIFS('RES results'!$H:$H,'RES results'!$C:$C,"VAR_Fout",'RES results'!$G:$G,D$2,'RES results'!$E:$E,"RSH",'RES results'!$B:$B,"DRD")+SUMIFS('RES results'!$H:$H,'RES results'!$C:$C,"VAR_Fout",'RES results'!$G:$G,D$2,'RES results'!$E:$E,"RSH",'RES results'!$B:$B,"NRD")+SUMIFS('RES results'!$H:$H,'RES results'!$C:$C,"VAR_Fout",'RES results'!$G:$G,D$2,'RES results'!$E:$E,"RSH",'RES results'!$B:$B,"ERD"))/O4*0.99 -> 0.43482038 | E10: =(SUMIFS('RES results'!$H:$H,'RES results'!$C:$C,"VAR_Fout",'RES results'!$G:$G,E$2,'RES results'!$E:$E,"RSH",'RES results'!$B:$B,"DRD")+SUMIFS('RES results'!$H:$H,'RES results'!$C:$C,"VAR_Fout",'RES results'!$G:$G,E$2,'RES results'!$E:$E,"RSH",'RES results'!$B:$B,"NRD")+SUMIFS('RES results'!$H:$H,'RES results'!$C:$C,"VAR_Fout",'RES results'!$G:$G,E$2,'RES results'!$E:$E,"RSH",'RES results'!$B:$B,"ERD"))/P4*0.99 -> 0.12197827 | F10: =(SUMIFS('RES results'!$H:$H,'RES results'!$C:$C,"VAR_Fout",'RES results'!$G:$G,F$2,'RES results'!$E:$E,"RSH",'RES results'!$B:$B,"DRD")+SUMIFS('RES results'!$H:$H,'RES results'!$C:$C,"VAR_Fout",'RES results'!$G:$G,F$2,'RES results'!$E:$E,"RSH",'RES results'!$B:$B,"NRD")+SUMIFS('RES results'!$H:$H,'RES results'!$C:$C,"VAR_Fout",'RES results'!$G:$G,F$2,'RES results'!$E:$E,"RSH",'RES results'!$B:$B,"ERD"))/Q4*0.99 -> 0.14103066 | G10: =(SUMIFS('RES results'!$H:$H,'RES results'!$C:$C,"VAR_Fout",'RES results'!$G:$G,G$2,'RES results'!$E:$E,"RSH",'RES results'!$B:$B,"DRD")+SUMIFS('RES results'!$H:$H,'RES results'!$C:$C,"VAR_Fout",'RES results'!$G:$G,G$2,'RES results'!$E:$E,"RSH",'RES results'!$B:$B,"NRD")+SUMIFS('RES results'!$H:$H,'RES results'!$C:$C,"VAR_Fout",'RES results'!$G:$G,G$2,'RES results'!$E:$E,"RSH",'RES results'!$B:$B,"ERD"))/R4*0.99 -> 0.26012515 | H10: =(SUMIFS('RES results'!$H:$H,'RES results'!$C:$C,"VAR_Fout",'RES results'!$G:$G,H$2,'RES results'!$E:$E,"RSH",'RES results'!$B:$B,"DRD")+SUMIFS('RES results'!$H:$H,'RES results'!$C:$C,"VAR_Fout",'RES results'!$G:$G,H$2,'RES results'!$E:$E,"RSH",'RES results'!$B:$B,"NRD")+SUMIFS('RES results'!$H:$H,'RES results'!$C:$C,"VAR_Fout",'RES results'!$G:$G,H$2,'RES results'!$E:$E,"RSH",'RES results'!$B:$B,"ERD"))/S4*0.99 -> 0.22113991 | I10: =(SUMIFS('RES results'!$H:$H,'RES results'!$C:$C,"VAR_Fout",'RES results'!$G:$G,I$2,'RES results'!$E:$E,"RSH",'RES results'!$B:$B,"DRD")+SUMIFS('RES results'!$H:$H,'RES results'!$C:$C,"VAR_Fout",'RES results'!$G:$G,I$2,'RES results'!$E:$E,"RSH",'RES results'!$B:$B,"NRD")+SUMIFS('RES results'!$H:$H,'RES results'!$C:$C,"VAR_Fout",'RES results'!$G:$G,I$2,'RES results'!$E:$E,"RSH",'RES results'!$B:$B,"ERD"))/T4*0.99 -> 0.31464617 | J10: =(SUMIFS('RES results'!$H:$H,'RES results'!$C:$C,"VAR_Fout",'RES results'!$G:$G,J$2,'RES results'!$E:$E,"RSH",'RES results'!$B:$B,"DRD")+SUMIFS('RES results'!$H:$H,'RES results'!$C:$C,"VAR_Fout",'RES results'!$G:$G,J$2,'RES results'!$E:$E,"RSH",'RES results'!$B:$B,"NRD")+SUMIFS('RES results'!$H:$H,'RES results'!$C:$C,"VAR_Fout",'RES results'!$G:$G,J$2,'RES results'!$E:$E,"RSH",'RES results'!$B:$B,"ERD"))/U4*0.99 -> 0.12385182 | K10: =(SUMIFS('RES results'!$H:$H,'RES results'!$C:$C,"VAR_Fout",'RES results'!$G:$G,K$2,'RES results'!$E:$E,"RSH",'RES results'!$B:$B,"DRD")+SUMIFS('RES results'!$H:$H,'RES results'!$C:$C,"VAR_Fout",'RES results'!$G:$G,K$2,'RES results'!$E:$E,"RSH",'RES results'!$B:$B,"NRD")+SUMIFS('RES results'!$H:$H,'RES results'!$C:$C,"VAR_Fout",'RES results'!$G:$G,K$2,'RES results'!$E:$E,"RSH",'RES results'!$B:$B,"ERD"))/V4*0.99 -> 0.28017295
A11: S_RWHDSL | B11: RWH-DSL | C11: =SUMIFS('RES results'!$H:$H,'RES results'!$C:$C,"VAR_Fout",'RES results'!$G:$G,C$2,'RES results'!$E:$E,"RWH",'RES results'!$B:$B,"DWH")/N5*0.99 -> 0.30311846 | D11: =SUMIFS('RES results'!$H:$H,'RES results'!$C:$C,"VAR_Fout",'RES results'!$G:$G,D$2,'RES results'!$E:$E,"RWH",'RES results'!$B:$B,"DWH")/O5*0.99 -> 0.11475783 | E11: =SUMIFS('RES results'!$H:$H,'RES results'!$C:$C,"VAR_Fout",'RES results'!$G:$G,E$2,'RES results'!$E:$E,"RWH",'RES results'!$B:$B,"DWH")/P5*0.99 -> 6.9534891e-05 | F11: =SUMIFS('RES results'!$H:$H,'RES results'!$C:$C,"VAR_Fout",'RES results'!$G:$G,F$2,'RES results'!$E:$E,"RWH",'RES results'!$B:$B,"DWH")/Q5*0.99 -> 0 | G11: =SUMIFS('RES results'!$H:$H,'RES results'!$C:$C,"VAR_Fout",'RES results'!$G:$G,G$2,'RES results'!$E:$E,"RWH",'RES results'!$B:$B,"DWH")/R5*0.99 -> 0.0024580681 | H11: =SUMIFS('RES results'!$H:$H,'RES results'!$C:$C,"VAR_Fout",'RES results'!$G:$G,H$2,'RES results'!$E:$E,"RWH",'RES results'!$B:$B,"DWH")/S5*0.99 -> 0 | I11: =SUMIFS('RES results'!$H:$H,'RES results'!$C:$C,"VAR_Fout",'RES results'!$G:$G,I$2,'RES results'!$E:$E,"RWH",'RES results'!$B:$B,"DWH")/T5*0.99 -> 0 | J11: =SUMIFS('RES results'!$H:$H,'RES results'!$C:$C,"VAR_Fout",'RES results'!$G:$G,J$2,'RES results'!$E:$E,"RWH",'RES results'!$B:$B,"DWH")/U5*0.99 -> 0 | K11: =SUMIFS('RES results'!$H:$H,'RES results'!$C:$C,"VAR_Fout",'RES results'!$G:$G,K$2,'RES results'!$E:$E,"RWH",'RES results'!$B:$B,"DWH")/V5*0.99 -> 0.00064871525
A12: S_RWHELC | B12: RWH-ELC | C12: =SUMIFS('RES results'!$H:$H,'RES results'!$C:$C,"VAR_Fout",'RES results'!$G:$G,C$2,'RES results'!$E:$E,"RWH",'RES results'!$B:$B,"EWH")/N5*0.99 -> 0.1662047 | D12: =SUMIFS('RES results'!$H:$H,'RES results'!$C:$C,"VAR_Fout",'RES results'!$G:$G,D$2,'RES results'!$E:$E,"RWH",'RES results'!$B:$B,"EWH")/O5*0.99 -> 0.16433846 | E12: =SUMIFS('RES results'!$H:$H,'RES results'!$C:$C,"VAR_Fout",'RES results'!$G:$G,E$2,'RES results'!$E:$E,"RWH",'RES results'!$B:$B,"EWH")/P5*0.99 -> 0.18746171 | F12: =SUMIFS('RES results'!$H:$H,'RES results'!$C:$C,"VAR_Fout",'RES results'!$G:$G,F$2,'RES results'!$E:$E,"RWH",'RES results'!$B:$B,"EWH")/Q5*0.99 -> 0.25469252 | G12: =SUMIFS('RES results'!$H:$H,'RES results'!$C:$C,"VAR_Fout",'RES results'!$G:$G,G$2,'RES results'!$E:$E,"RWH",'RES results'!$B:$B,"EWH")/R5*0.99 -> 0.59706468 | H12: =SUMIFS('RES results'!$H:$H,'RES results'!$C:$C,"VAR_Fout",'RES results'!$G:$G,H$2,'RES results'!$E:$E,"RWH",'RES results'!$B:$B,"EWH")/S5*0.99 -> 0.56509049 | I12: =SUMIFS('RES results'!$H:$H,'RES results'!$C:$C,"VAR_Fout",'RES results'!$G:$G,I$2,'RES results'!$E:$E,"RWH",'RES results'!$B:$B,"EWH")/T5*0.99 -> 0.38033939 | J12: =SUMIFS('RES results'!$H:$H,'RES results'!$C:$C,"VAR_Fout",'RES results'!$G:$G,J$2,'RES results'!$E:$E,"RWH",'RES results'!$B:$B,"EWH")/U5*0.99 -> 0.2275952 | K12: =SUMIFS('RES results'!$H:$H,'RES results'!$C:$C,"VAR_Fout",'RES results'!$G:$G,K$2,'RES results'!$E:$E,"RWH",'RES results'!$B:$B,"EWH")/V5*0.99 -> 0.2195901
A13: S_RWHLPG | B13: RWH-LPG | C13: =SUMIFS('RES results'!$H:$H,'RES results'!$C:$C,"VAR_Fout",'RES results'!$G:$G,C$2,'RES results'!$E:$E,"RWH",'RES results'!$B:$B,"LWH")/N5*0.99 -> 0.028805013 | D13: =SUMIFS('RES results'!$H:$H,'RES results'!$C:$C,"VAR_Fout",'RES results'!$G:$G,D$2,'RES results'!$E:$E,"RWH",'RES results'!$B:$B,"LWH")/O5*0.99 -> 0.031368537 | E13: =SUMIFS('RES results'!$H:$H,'RES results'!$C:$C,"VAR_Fout",'RES results'!$G:$G,E$2,'RES results'!$E:$E,"RWH",'RES results'!$B:$B,"LWH")/P5*0.99 -> 0.045619348 | F13: =SUMIFS('RES results'!$H:$H,'RES results'!$C:$C,"VAR_Fout",'RES results'!$G:$G,F$2,'RES results'!$E:$E,"RWH",'RES results'!$B:$B,"LWH")/Q5*0.99 -> 0.070545183 | G13: =SUMIFS('RES results'!$H:$H,'RES results'!$C:$C,"VAR_Fout",'RES results'!$G:$G,G$2,'RES results'!$E:$E,"RWH",'RES results'!$B:$B,"LWH")/R5*0.99 -> 0.025599286 | H13: =SUMIFS('RES results'!$H:$H,'RES results'!$C:$C,"VAR_Fout",'RES results'!$G:$G,H$2,'RES results'!$E:$E,"RWH",'RES results'!$B:$B,"LWH")/S5*0.99 -> 0.040465055 | I13: =SUMIFS('RES results'!$H:$H,'RES results'!$C:$C,"VAR_Fout",'RES results'!$G:$G,I$2,'RES results'!$E:$E,"RWH",'RES results'!$B:$B,"LWH")/T5*0.99 -> 0.050284214 | J13: =SUMIFS('RES results'!$H:$H,'RES results'!$C:$C,"VAR_Fout",'RES results'!$G:$G,J$2,'RES results'!$E:$E,"RWH",'RES results'!$B:$B,"LWH")/U5*0.99 -> 0.069712741 | K13: =SUMIFS('RES results'!$H:$H,'RES results'!$C:$C,"VAR_Fout",'RES results'!$G:$G,K$2,'RES results'!$E:$E,"RWH",'RES results'!$B:$B,"LWH")/V5*0.99 -> 0.040715534
A14: S_RWHNG | B14: RWH-NG | C14: =SUMIFS('RES results'!$H:$H,'RES results'!$C:$C,"VAR_Fout",'RES results'!$G:$G,C$2,'RES results'!$E:$E,"RWH",'RES results'!$B:$B,"NWH")/N5*0.99 -> 0.49159491 | D14: =SUMIFS('RES results'!$H:$H,'RES results'!$C:$C,"VAR_Fout",'RES results'!$G:$G,D$2,'RES results'!$E:$E,"RWH",'RES results'!$B:$B,"NWH")/O5*0.99 -> 0.67953517 | E14: =SUMIFS('RES results'!$H:$H,'RES results'!$C:$C,"VAR_Fout",'RES results'!$G:$G,E$2,'RES results'!$E:$E,"RWH",'RES results'!$B:$B,"NWH")/P5*0.99 -> 0.75616753 | F14: =SUMIFS('RES results'!$H:$H,'RES results'!$C:$C,"VAR_Fout",'RES results'!$G:$G,F$2,'RES results'!$E:$E,"RWH",'RES results'!$B:$B,"NWH")/Q5*0.99 -> 0.6647623 | G14: =SUMIFS('RES results'!$H:$H,'RES results'!$C:$C,"VAR_Fout",'RES results'!$G:$G,G$2,'RES results'!$E:$E,"RWH",'RES results'!$B:$B,"NWH")/R5*0.99 -> 0.36426822 | H14: =SUMIFS('RES results'!$H:$H,'RES results'!$C:$C,"VAR_Fout",'RES results'!$G:$G,H$2,'RES results'!$E:$E,"RWH",'RES results'!$B:$B,"NWH")/S5*0.99 -> 0.38444446 | I14: =SUMIFS('RES results'!$H:$H,'RES results'!$C:$C,"VAR_Fout",'RES results'!$G:$G,I$2,'RES results'!$E:$E,"RWH",'RES results'!$B:$B,"NWH")/T5*0.99 -> 0.55937639 | J14: =SUMIFS('RES results'!$H:$H,'RES results'!$C:$C,"VAR_Fout",'RES results'!$G:$G,J$2,'RES results'!$E:$E,"RWH",'RES results'!$B:$B,"NWH")/U5*0.99 -> 0.69089321 | K14: =SUMIFS('RES results'!$H:$H,'RES results'!$C:$C,"VAR_Fout",'RES results'!$G:$G,K$2,'RES results'!$E:$E,"RWH",'RES results'!$B:$B,"NWH")/V5*0.99 -> 0.72705418
A15: S_RSCNG | B15: RSC-NG | C15: =SUMIFS('RES results'!$H:$H,'RES results'!$C:$C,"VAR_Fout",'RES results'!$G:$G,C$2,'RES results'!$E:$E,"RSC",'RES results'!$B:$B,"NHP")/N3*0.99 -> 0 | D15: =SUMIFS('RES results'!$H:$H,'RES results'!$C:$C,"VAR_Fout",'RES results'!$G:$G,D$2,'RES results'!$E:$E,"RSC",'RES results'!$B:$B,"NHP")/O3*0.99 -> 0.002326857 | E15: =SUMIFS('RES results'!$H:$H,'RES results'!$C:$C,"VAR_Fout",'RES results'!$G:$G,E$2,'RES results'!$E:$E,"RSC",'RES results'!$B:$B,"NHP")/P3*0.99 -> 0.00081225798 | F15: =SUMIFS('RES results'!$H:$H,'RES results'!$C:$C,"VAR_Fout",'RES results'!$G:$G,F$2,'RES results'!$E:$E,"RSC",'RES results'!$B:$B,"NHP")/Q3*0.99 -> 0.0052529978 | G15: =SUMIFS('RES results'!$H:$H,'RES results'!$C:$C,"VAR_Fout",'RES results'!$G:$G,G$2,'RES results'!$E:$E,"RSC",'RES results'!$B:$B,"NHP")/R3*0.99 -> 0.0070087172 | H15: =SUMIFS('RES results'!$H:$H,'RES results'!$C:$C,"VAR_Fout",'RES results'!$G:$G,H$2,'RES results'!$E:$E,"RSC",'RES results'!$B:$B,"NHP")/S3*0.99 -> 0.0073160695 | I15: =SUMIFS('RES results'!$H:$H,'RES results'!$C:$C,"VAR_Fout",'RES results'!$G:$G,I$2,'RES results'!$E:$E,"RSC",'RES results'!$B:$B,"NHP")/T3*0.99 -> 0.0019779756 | J15: =SUMIFS('RES results'!$H:$H,'RES results'!$C:$C,"VAR_Fout",'RES results'!$G:$G,J$2,'RES results'!$E:$E,"RSC",'RES results'!$B:$B,"NHP")/U3*0.99 -> 0.01098997 | K15: =SUMIFS('RES results'!$H:$H,'RES results'!$C:$C,"VAR_Fout",'RES results'!$G:$G,K$2,'RES results'!$E:$E,"RSC",'RES results'!$B:$B,"NHP")/V3*0.99 -> 0.0041688596
A16: S_RSCHP | B16: RSC-HP | C16: =(SUMIFS('RES results'!$H:$H,'RES results'!$C:$C,"VAR_Fout",'RES results'!$G:$G,C$2,'RES results'!$E:$E,"RSC",'RES results'!$B:$B,"NHP")+SUMIFS('RES results'!$H:$H,'RES results'!$C:$C,"VAR_Fout",'RES results'!$G:$G,C$2,'RES results'!$E:$E,"RSC",'RES results'!$B:$B,"GHP")+SUMIFS('RES results'!$H:$H,'RES results'!$C:$C,"VAR_Fout",'RES results'!$G:$G,C$2,'RES results'!$E:$E,"RSC",'RES results'!$B:$B,"EHP"))/N3*0.99 -> 0.0055541784 | D16: =(SUMIFS('RES results'!$H:$H,'RES results'!$C:$C,"VAR_Fout",'RES results'!$G:$G,D$2,'RES results'!$E:$E,"RSC",'RES results'!$B:$B,"NHP")+SUMIFS('RES results'!$H:$H,'RES results'!$C:$C,"VAR_Fout",'RES results'!$G:$G,D$2,'RES results'!$E:$E,"RSC",'RES results'!$B:$B,"GHP")+SUMIFS('RES results'!$H:$H,'RES results'!$C:$C,"VAR_Fout",'RES results'!$G:$G,D$2,'RES results'!$E:$E,"RSC",'RES results'!$B:$B,"EHP"))/O3*0.99 -> 0.040672972 | E16: =(SUMIFS('RES results'!$H:$H,'RES results'!$C:$C,"VAR_Fout",'RES results'!$G:$G,E$2,'RES results'!$E:$E,"RSC",'RES results'!$B:$B,"NHP")+SUMIFS('RES results'!$H:$H,'RES results'!$C:$C,"VAR_Fout",'RES results'!$G:$G,E$2,'RES results'!$E:$E,"RSC",'RES results'!$B:$B,"GHP")+SUMIFS('RES results'!$H:$H,'RES results'!$C:$C,"VAR_Fout",'RES results'!$G:$G,E$2,'RES results'!$E:$E,"RSC",'RES results'!$B:$B,"EHP"))/P3*0.99 -> 0.025794814 | F16: =(SUMIFS('RES results'!$H:$H,'RES results'!$C:$C,"VAR_Fout",'RES results'!$G:$G,F$2,'RES results'!$E:$E,"RSC",'RES results'!$B:$B,"NHP")+SUMIFS('RES results'!$H:$H,'RES results'!$C:$C,"VAR_Fout",'RES results'!$G:$G,F$2,'RES results'!$E:$E,"RSC",'RES results'!$B:$B,"GHP")+SUMIFS('RES results'!$H:$H,'RES results'!$C:$C,"VAR_Fout",'RES results'!$G:$G,F$2,'RES results'!$E:$E,"RSC",'RES results'!$B:$B,"EHP"))/Q3*0.99 -> 0.047629429 | G16: =(SUMIFS('RES results'!$H:$H,'RES results'!$C:$C,"VAR_Fout",'RES results'!$G:$G,G$2,'RES results'!$E:$E,"RSC",'RES results'!$B:$B,"NHP")+SUMIFS('RES results'!$H:$H,'RES results'!$C:$C,"VAR_Fout",'RES results'!$G:$G,G$2,'RES results'!$E:$E,"RSC",'RES results'!$B:$B,"GHP")+SUMIFS('RES results'!$H:$H,'RES results'!$C:$C,"VAR_Fout",'RES results'!$G:$G,G$2,'RES results'!$E:$E,"RSC",'RES results'!$B:$B,"EHP"))/R3*0.99 -> 0.29253456 | H16: =(SUMIFS('RES results'!$H:$H,'RES results'!$C:$C,"VAR_Fout",'RES results'!$G:$G,H$2,'RES results'!$E:$E,"RSC",'RES results'!$B:$B,"NHP")+SUMIFS('RES results'!$H:$H,'RES results'!$C:$C,"VAR_Fout",'RES results'!$G:$G,H$2,'RES results'!$E:$E,"RSC",'RES results'!$B:$B,"GHP")+SUMIFS('RES results'!$H:$H,'RES results'!$C:$C,"VAR_Fout",'RES results'!$G:$G,H$2,'RES results'!$E:$E,"RSC",'RES results'!$B:$B,"EHP"))/S3*0.99 -> 0.22485513 | I16: =(SUMIFS('RES results'!$H:$H,'RES results'!$C:$C,"VAR_Fout",'RES results'!$G:$G,I$2,'RES results'!$E:$E,"RSC",'RES results'!$B:$B,"NHP")+SUMIFS('RES results'!$H:$H,'RES results'!$C:$C,"VAR_Fout",'RES results'!$G:$G,I$2,'RES results'!$E:$E,"RSC",'RES results'!$B:$B,"GHP")+SUMIFS('RES results'!$H:$H,'RES results'!$C:$C,"VAR_Fout",'RES results'!$G:$G,I$2,'RES results'!$E:$E,"RSC",'RES results'!$B:$B,"EHP"))/T3*0.99 -> 0.048595815 | J16: =(SUMIFS('RES results'!$H:$H,'RES results'!$C:$C,"VAR_Fout",'RES results'!$G:$G,J$2,'RES results'!$E:$E,"RSC",'RES results'!$B:$B,"NHP")+SUMIFS('RES results'!$H:$H,'RES results'!$C:$C,"VAR_Fout",'RES results'!$G:$G,J$2,'RES results'!$E:$E,"RSC",'RES results'!$B:$B,"GHP")+SUMIFS('RES results'!$H:$H,'RES results'!$C:$C,"VAR_Fout",'RES results'!$G:$G,J$2,'RES results'!$E:$E,"RSC",'RES results'!$B:$B,"EHP"))/U3*0.99 -> 0.15745136 | K16: =(SUMIFS('RES results'!$H:$H,'RES results'!$C:$C,"VAR_Fout",'RES results'!$G:$G,K$2,'RES results'!$E:$E,"RSC",'RES results'!$B:$B,"NHP")+SUMIFS('RES results'!$H:$H,'RES results'!$C:$C,"VAR_Fout",'RES results'!$G:$G,K$2,'RES results'!$E:$E,"RSC",'RES results'!$B:$B,"GHP")+SUMIFS('RES results'!$H:$H,'RES results'!$C:$C,"VAR_Fout",'RES results'!$G:$G,K$2,'RES results'!$E:$E,"RSC",'RES results'!$B:$B,"EHP"))/V3*0.99 -> 0.075614673
A17: S_RSCCAC | B17: RSC-CEN | C17: =SUMIFS('RES results'!$H:$H,'RES results'!$C:$C,"VAR_Fout",'RES results'!$G:$G,C$2,'RES results'!$E:$E,"RSC",'RES results'!$B:$B,"CAC")/N3*0.99 -> 0.48237921 | D17: =SUMIFS('RES results'!$H:$H,'RES results'!$C:$C,"VAR_Fout",'RES results'!$G:$G,D$2,'RES results'!$E:$E,"RSC",'RES results'!$B:$B,"CAC")/O3*0.99 -> 0.63444652 | E17: =SUMIFS('RES results'!$H:$H,'RES results'!$C:$C,"VAR_Fout",'RES results'!$G:$G,E$2,'RES results'!$E:$E,"RSC",'RES results'!$B:$B,"CAC")/P3*0.99 -> 0.82326596 | F17: =SUMIFS('RES results'!$H:$H,'RES results'!$C:$C,"VAR_Fout",'RES results'!$G:$G,F$2,'RES results'!$E:$E,"RSC",'RES results'!$B:$B,"CAC")/Q3*0.99 -> 0.88356571 | G17: =SUMIFS('RES results'!$H:$H,'RES results'!$C:$C,"VAR_Fout",'RES results'!$G:$G,G$2,'RES results'!$E:$E,"RSC",'RES results'!$B:$B,"CAC")/R3*0.99 -> 0.63497835 | H17: =SUMIFS('RES results'!$H:$H,'RES results'!$C:$C,"VAR_Fout",'RES results'!$G:$G,H$2,'RES results'!$E:$E,"RSC",'RES results'!$B:$B,"CAC")/S3*0.99 -> 0.70512029 | I17: =SUMIFS('RES results'!$H:$H,'RES results'!$C:$C,"VAR_Fout",'RES results'!$G:$G,I$2,'RES results'!$E:$E,"RSC",'RES results'!$B:$B,"CAC")/T3*0.99 -> 0.8368815 | J17: =SUMIFS('RES results'!$H:$H,'RES results'!$C:$C,"VAR_Fout",'RES results'!$G:$G,J$2,'RES results'!$E:$E,"RSC",'RES results'!$B:$B,"CAC")/U3*0.99 -> 0.7989206 | K17: =SUMIFS('RES results'!$H:$H,'RES results'!$C:$C,"VAR_Fout",'RES results'!$G:$G,K$2,'RES results'!$E:$E,"RSC",'RES results'!$B:$B,"CAC")/V3*0.99 -> 0.78474759
A18: S_RSCRAC | B18: RSC-RAC | C18: =SUMIFS('RES results'!$H:$H,'RES results'!$C:$C,"VAR_Fout",'RES results'!$G:$G,C$2,'RES results'!$E:$E,"RSC",'RES results'!$B:$B,"RAC")/N3*0.99 -> 0.50206661 | D18: =SUMIFS('RES results'!$H:$H,'RES results'!$C:$C,"VAR_Fout",'RES results'!$G:$G,D$2,'RES results'!$E:$E,"RSC",'RES results'!$B:$B,"RAC")/O3*0.99 -> 0.31488051 | E18: =SUMIFS('RES results'!$H:$H,'RES results'!$C:$C,"VAR_Fout",'RES results'!$G:$G,E$2,'RES results'!$E:$E,"RSC",'RES results'!$B:$B,"RAC")/P3*0.99 -> 0.14093922 | F18: =SUMIFS('RES results'!$H:$H,'RES results'!$C:$C,"VAR_Fout",'RES results'!$G:$G,F$2,'RES results'!$E:$E,"RSC",'RES results'!$B:$B,"RAC")/Q3*0.99 -> 0.058804858 | G18: =SUMIFS('RES results'!$H:$H,'RES results'!$C:$C,"VAR_Fout",'RES results'!$G:$G,G$2,'RES results'!$E:$E,"RSC",'RES results'!$B:$B,"RAC")/R3*0.99 -> 0.062487089 | H18: =SUMIFS('RES results'!$H:$H,'RES results'!$C:$C,"VAR_Fout",'RES results'!$G:$G,H$2,'RES results'!$E:$E,"RSC",'RES results'!$B:$B,"RAC")/S3*0.99 -> 0.060024572 | I18: =SUMIFS('RES results'!$H:$H,'RES results'!$C:$C,"VAR_Fout",'RES results'!$G:$G,I$2,'RES results'!$E:$E,"RSC",'RES results'!$B:$B,"RAC")/T3*0.99 -> 0.10452269 | J18: =SUMIFS('RES results'!$H:$H,'RES results'!$C:$C,"VAR_Fout",'RES results'!$G:$G,J$2,'RES results'!$E:$E,"RSC",'RES results'!$B:$B,"RAC")/U3*0.99 -> 0.033628039 | K18: =SUMIFS('RES results'!$H:$H,'RES results'!$C:$C,"VAR_Fout",'RES results'!$G:$G,K$2,'RES results'!$E:$E,"RSC",'RES results'!$B:$B,"RAC")/V3*0.99 -> 0.12963773
A19: S_RLTINC | B19: RLT-INC | C19: =SUMIFS('RES results'!$H:$H,'RES results'!$C:$C,"VAR_Fout",'RES results'!$G:$G,C$2,'RES results'!$E:$E,"RLT",'RES results'!$B:$B,"INC")/N6*0.99 -> 0.47645219 | D19: =SUMIFS('RES results'!$H:$H,'RES results'!$C:$C,"VAR_Fout",'RES results'!$G:$G,D$2,'RES results'!$E:$E,"RLT",'RES results'!$B:$B,"INC")/O6*0.99 -> 0.47645219 | E19: =SUMIFS('RES results'!$H:$H,'RES results'!$C:$C,"VAR_Fout",'RES results'!$G:$G,E$2,'RES results'!$E:$E,"RLT",'RES results'!$B:$B,"INC")/P6*0.99 -> 0.47645219 | F19: =SUMIFS('RES results'!$H:$H,'RES results'!$C:$C,"VAR_Fout",'RES results'!$G:$G,F$2,'RES results'!$E:$E,"RLT",'RES results'!$B:$B,"INC")/Q6*0.99 -> 0.47645219 | G19: =SUMIFS('RES results'!$H:$H,'RES results'!$C:$C,"VAR_Fout",'RES results'!$G:$G,G$2,'RES results'!$E:$E,"RLT",'RES results'!$B:$B,"INC")/R6*0.99 -> 0.47645219 | H19: =SUMIFS('RES results'!$H:$H,'RES results'!$C:$C,"VAR_Fout",'RES results'!$G:$G,H$2,'RES results'!$E:$E,"RLT",'RES results'!$B:$B,"INC")/S6*0.99 -> 0.4856205 | I19: =SUMIFS('RES results'!$H:$H,'RES results'!$C:$C,"VAR_Fout",'RES results'!$G:$G,I$2,'RES results'!$E:$E,"RLT",'RES results'!$B:$B,"INC")/T6*0.99 -> 0.47645219 | J19: =SUMIFS('RES results'!$H:$H,'RES results'!$C:$C,"VAR_Fout",'RES results'!$G:$G,J$2,'RES results'!$E:$E,"RLT",'RES results'!$B:$B,"INC")/U6*0.99 -> 0.4856205 | K19: =SUMIFS('RES results'!$H:$H,'RES results'!$C:$C,"VAR_Fout",'RES results'!$G:$G,K$2,'RES results'!$E:$E,"RLT",'RES results'!$B:$B,"INC")/V6*0.99 -> 0.47645219
A20: S_RLTCFL | B20: RLT-CFL | C20: =SUMIFS('RES results'!$H:$H,'RES results'!$C:$C,"VAR_Fout",'RES results'!$G:$G,C$2,'RES results'!$E:$E,"RLT",'RES results'!$B:$B,"CFL")/N6*0.99 -> 0.25233517 | D20: =SUMIFS('RES results'!$H:$H,'RES results'!$C:$C,"VAR_Fout",'RES results'!$G:$G,D$2,'RES results'!$E:$E,"RLT",'RES results'!$B:$B,"CFL")/O6*0.99 -> 0.25233517 | E20: =SUMIFS('RES results'!$H:$H,'RES results'!$C:$C,"VAR_Fout",'RES results'!$G:$G,E$2,'RES results'!$E:$E,"RLT",'RES results'!$B:$B,"CFL")/P6*0.99 -> 0.25233517 | F20: =SUMIFS('RES results'!$H:$H,'RES results'!$C:$C,"VAR_Fout",'RES results'!$G:$G,F$2,'RES results'!$E:$E,"RLT",'RES results'!$B:$B,"CFL")/Q6*0.99 -> 0.25233517 | G20: =SUMIFS('RES results'!$H:$H,'RES results'!$C:$C,"VAR_Fout",'RES results'!$G:$G,G$2,'RES results'!$E:$E,"RLT",'RES results'!$B:$B,"CFL")/R6*0.99 -> 0.25233517 | H20: =SUMIFS('RES results'!$H:$H,'RES results'!$C:$C,"VAR_Fout",'RES results'!$G:$G,H$2,'RES results'!$E:$E,"RLT",'RES results'!$B:$B,"CFL")/S6*0.99 -> 0.24783026 | I20: =SUMIFS('RES results'!$H:$H,'RES results'!$C:$C,"VAR_Fout",'RES results'!$G:$G,I$2,'RES results'!$E:$E,"RLT",'RES results'!$B:$B,"CFL")/T6*0.99 -> 0.25233517 | J20: =SUMIFS('RES results'!$H:$H,'RES results'!$C:$C,"VAR_Fout",'RES results'!$G:$G,J$2,'RES results'!$E:$E,"RLT",'RES results'!$B:$B,"CFL")/U6*0.99 -> 0.24783026 | K20: =SUMIFS('RES results'!$H:$H,'RES results'!$C:$C,"VAR_Fout",'RES results'!$G:$G,K$2,'RES results'!$E:$E,"RLT",'RES results'!$B:$B,"CFL")/V6*0.99 -> 0.25233517
A21: S_RLTLFL | B21: RLT-LFL | C21: =SUMIFS('RES results'!$H:$H,'RES results'!$C:$C,"VAR_Fout",'RES results'!$G:$G,C$2,'RES results'!$E:$E,"RLT",'RES results'!$A:$A,"L")/N6*0.99 -> 0.1993394 | D21: =SUMIFS('RES results'!$H:$H,'RES results'!$C:$C,"VAR_Fout",'RES results'!$G:$G,D$2,'RES results'!$E:$E,"RLT",'RES results'!$A:$A,"L")/O6*0.99 -> 0.1993394 | E21: =SUMIFS('RES results'!$H:$H,'RES results'!$C:$C,"VAR_Fout",'RES results'!$G:$G,E$2,'RES results'!$E:$E,"RLT",'RES results'!$A:$A,"L")/P6*0.99 -> 0.1993394 | F21: =SUMIFS('RES results'!$H:$H,'RES results'!$C:$C,"VAR_Fout",'RES results'!$G:$G,F$2,'RES results'!$E:$E,"RLT",'RES results'!$A:$A,"L")/Q6*0.99 -> 0.1993394 | G21: =SUMIFS('RES results'!$H:$H,'RES results'!$C:$C,"VAR_Fout",'RES results'!$G:$G,G$2,'RES results'!$E:$E,"RLT",'RES results'!$A:$A,"L")/R6*0.99 -> 0.1993394 | H21: =SUMIFS('RES results'!$H:$H,'RES results'!$C:$C,"VAR_Fout",'RES results'!$G:$G,H$2,'RES results'!$E:$E,"RLT",'RES results'!$A:$A,"L")/S6*0.99 -> 0.19578062 | I21: =SUMIFS('RES results'!$H:$H,'RES results'!$C:$C,"VAR_Fout",'RES results'!$G:$G,I$2,'RES results'!$E:$E,"RLT",'RES results'!$A:$A,"L")/T6*0.99 -> 0.1993394 | J21: =SUMIFS('RES results'!$H:$H,'RES results'!$C:$C,"VAR_Fout",'RES results'!$G:$G,J$2,'RES results'!$E:$E,"RLT",'RES results'!$A:$A,"L")/U6*0.99 -> 0.19578062 | K21: =SUMIFS('RES results'!$H:$H,'RES results'!$C:$C,"VAR_Fout",'RES results'!$G:$G,K$2,'RES results'!$E:$E,"RLT",'RES results'!$A:$A,"L")/V6*0.99 -> 0.1993394
A22: S_RLTREF | B22: RLT-REF | C22: =SUMIFS('RES results'!$H:$H,'RES results'!$C:$C,"VAR_Fout",'RES results'!$G:$G,C$2,'RES results'!$E:$E,"RLT",'RES results'!$A:$A,"R")/N6*0.99 -> 0.077235356 | D22: =SUMIFS('RES results'!$H:$H,'RES results'!$C:$C,"VAR_Fout",'RES results'!$G:$G,D$2,'RES results'!$E:$E,"RLT",'RES results'!$A:$A,"R")/O6*0.99 -> 0.077235356 | E22: =SUMIFS('RES results'!$H:$H,'RES results'!$C:$C,"VAR_Fout",'RES results'!$G:$G,E$2,'RES results'!$E:$E,"RLT",'RES results'!$A:$A,"R")/P6*0.99 -> 0.077235356 | F22: =SUMIFS('RES results'!$H:$H,'RES results'!$C:$C,"VAR_Fout",'RES results'!$G:$G,F$2,'RES results'!$E:$E,"RLT",'RES results'!$A:$A,"R")/Q6*0.99 -> 0.077235356 | G22: =SUMIFS('RES results'!$H:$H,'RES results'!$C:$C,"VAR_Fout",'RES results'!$G:$G,G$2,'RES results'!$E:$E,"RLT",'RES results'!$A:$A,"R")/R6*0.99 -> 0.077235356 | H22: =SUMIFS('RES results'!$H:$H,'RES results'!$C:$C,"VAR_Fout",'RES results'!$G:$G,H$2,'RES results'!$E:$E,"RLT",'RES results'!$A:$A,"R")/S6*0.99 -> 0.093530825 | I22: =SUMIFS('RES results'!$H:$H,'RES results'!$C:$C,"VAR_Fout",'RES results'!$G:$G,I$2,'RES results'!$E:$E,"RLT",'RES results'!$A:$A,"R")/T6*0.99 -> 0.077235356 | J22: =SUMIFS('RES results'!$H:$H,'RES results'!$C:$C,"VAR_Fout",'RES results'!$G:$G,J$2,'RES results'!$E:$E,"RLT",'RES results'!$A:$A,"R")/U6*0.99 -> 0.093530825 | K22: =SUMIFS('RES results'!$H:$H,'RES results'!$C:$C,"VAR_Fout",'RES results'!$G:$G,K$2,'RES results'!$E:$E,"RLT",'RES results'!$A:$A,"R")/V6*0.99 -> 0.077235356
A23: S_RLTEXT | B23: RLT-EXT | C23: =SUMIFS('RES results'!$H:$H,'RES results'!$C:$C,"VAR_Fout",'RES results'!$G:$G,C$2,'RES results'!$E:$E,"RLT",'RES results'!$A:$A,"E")/N6*0.99 -> 0.05326478 | D23: =SUMIFS('RES results'!$H:$H,'RES results'!$C:$C,"VAR_Fout",'RES results'!$G:$G,D$2,'RES results'!$E:$E,"RLT",'RES results'!$A:$A,"E")/O6*0.99 -> 0.05326478 | E23: =SUMIFS('RES results'!$H:$H,'RES results'!$C:$C,"VAR_Fout",'RES results'!$G:$G,E$2,'RES results'!$E:$E,"RLT",'RES results'!$A:$A,"E")/P6*0.99 -> 0.05326478 | F23: =SUMIFS('RES results'!$H:$H,'RES results'!$C:$C,"VAR_Fout",'RES results'!$G:$G,F$2,'RES results'!$E:$E,"RLT",'RES results'!$A:$A,"E")/Q6*0.99 -> 0.05326478 | G23: =SUMIFS('RES results'!$H:$H,'RES results'!$C:$C,"VAR_Fout",'RES results'!$G:$G,G$2,'RES results'!$E:$E,"RLT",'RES results'!$A:$A,"E")/R6*0.99 -> 0.05326478 | H23: =SUMIFS('RES results'!$H:$H,'RES results'!$C:$C,"VAR_Fout",'RES results'!$G:$G,H$2,'RES results'!$E:$E,"RLT",'RES results'!$A:$A,"E")/S6*0.99 -> 0.052313851 | I23: =SUMIFS('RES results'!$H:$H,'RES results'!$C:$C,"VAR_Fout",'RES results'!$G:$G,I$2,'RES results'!$E:$E,"RLT",'RES results'!$A:$A,"E")/T6*0.99 -> 0.05326478 | J23: =SUMIFS('RES results'!$H:$H,'RES results'!$C:$C,"VAR_Fout",'RES results'!$G:$G,J$2,'RES results'!$E:$E,"RLT",'RES results'!$A:$A,"E")/U6*0.99 -> 0.052313851 | K23: =SUMIFS('RES results'!$H:$H,'RES results'!$C:$C,"VAR_Fout",'RES results'!$G:$G,K$2,'RES results'!$E:$E,"RLT",'RES results'!$A:$A,"E")/V6*0.99 -> 0.05326478
A24: S_RLTGSL | B24: RLT-GSL | C24: =SUMIFS('RES results'!$H:$H,'RES results'!$C:$C,"VAR_Fout",'RES results'!$G:$G,C$2,'RES results'!$E:$E,"RLT",'RES results'!$A:$A,"G")/N6*0.99 -> 0.66016046 | D24: =SUMIFS('RES results'!$H:$H,'RES results'!$C:$C,"VAR_Fout",'RES results'!$G:$G,D$2,'RES results'!$E:$E,"RLT",'RES results'!$A:$A,"G")/O6*0.99 -> 0.66016046 | E24: =SUMIFS('RES results'!$H:$H,'RES results'!$C:$C,"VAR_Fout",'RES results'!$G:$G,E$2,'RES results'!$E:$E,"RLT",'RES results'!$A:$A,"G")/P6*0.99 -> 0.66016046 | F24: =SUMIFS('RES results'!$H:$H,'RES results'!$C:$C,"VAR_Fout",'RES results'!$G:$G,F$2,'RES results'!$E:$E,"RLT",'RES results'!$A:$A,"G")/Q6*0.99 -> 0.66016046 | G24: =SUMIFS('RES results'!$H:$H,'RES results'!$C:$C,"VAR_Fout",'RES results'!$G:$G,G$2,'RES results'!$E:$E,"RLT",'RES results'!$A:$A,"G")/R6*0.99 -> 0.66016046 | H24: =SUMIFS('RES results'!$H:$H,'RES results'!$C:$C,"VAR_Fout",'RES results'!$G:$G,H$2,'RES results'!$E:$E,"RLT",'RES results'!$A:$A,"G")/S6*0.99 -> 0.6483747 | I24: =SUMIFS('RES results'!$H:$H,'RES results'!$C:$C,"VAR_Fout",'RES results'!$G:$G,I$2,'RES results'!$E:$E,"RLT",'RES results'!$A:$A,"G")/T6*0.99 -> 0.66016046 | J24: =SUMIFS('RES results'!$H:$H,'RES results'!$C:$C,"VAR_Fout",'RES results'!$G:$G,J$2,'RES results'!$E:$E,"RLT",'RES results'!$A:$A,"G")/U6*0.99 -> 0.6483747 | K24: =SUMIFS('RES results'!$H:$H,'RES results'!$C:$C,"VAR_Fout",'RES results'!$G:$G,K$2,'RES results'!$E:$E,"RLT",'RES results'!$A:$A,"G")/V6*0.99 -> 0.66016046
A25: S_RLTLED | B25: RLT-LED | C25: =SUMIFS('RES results'!$H:$H,'RES results'!$C:$C,"VAR_Fout",'RES results'!$G:$G,C$2,'RES results'!$E:$E,"RLT",'RES results'!$B:$B,"LED")/N6*0.99 -> 0.014526758 | D25: =SUMIFS('RES results'!$H:$H,'RES results'!$C:$C,"VAR_Fout",'RES results'!$G:$G,D$2,'RES results'!$E:$E,"RLT",'RES results'!$B:$B,"LED")/O6*0.99 -> 0.014526758 | E25: =SUMIFS('RES results'!$H:$H,'RES results'!$C:$C,"VAR_Fout",'RES results'!$G:$G,E$2,'RES results'!$E:$E,"RLT",'RES results'!$B:$B,"LED")/P6*0.99 -> 0.014526758 | F25: =SUMIFS('RES results'!$H:$H,'RES results'!$C:$C,"VAR_Fout",'RES results'!$G:$G,F$2,'RES results'!$E:$E,"RLT",'RES results'!$B:$B,"LED")/Q6*0.99 -> 0.014526758 | G25: =SUMIFS('RES results'!$H:$H,'RES results'!$C:$C,"VAR_Fout",'RES results'!$G:$G,G$2,'RES results'!$E:$E,"RLT",'RES results'!$B:$B,"LED")/R6*0.99 -> 0.014526758 | H25: =SUMIFS('RES results'!$H:$H,'RES results'!$C:$C,"VAR_Fout",'RES results'!$G:$G,H$2,'RES results'!$E:$E,"RLT",'RES results'!$B:$B,"LED")/S6*0.99 -> 0.014267414 | I25: =SUMIFS('RES results'!$H:$H,'RES results'!$C:$C,"VAR_Fout",'RES results'!$G:$G,I$2,'RES results'!$E:$E,"RLT",'RES results'!$B:$B,"LED")/T6*0.99 -> 0.014526758 | J25: =SUMIFS('RES results'!$H:$H,'RES results'!$C:$C,"VAR_Fout",'RES results'!$G:$G,J$2,'RES results'!$E:$E,"RLT",'RES results'!$B:$B,"LED")/U6*0.99 -> 0.014267414 | K25: =SUMIFS('RES results'!$H:$H,'RES results'!$C:$C,"VAR_Fout",'RES results'!$G:$G,K$2,'RES results'!$E:$E,"RLT",'RES results'!$B:$B,"LED")/V6*0.99 -> 0.014526758

Sheet RES results
C4: Page Fields:
C5: Table Name: Residential Summary
C6: Active Unit:
C7: Attribute | D7: ProcessSet | E7: Commodity | F7: Process | G7: Region\Period | H7: 2010 | I7: 2011 | J7: 2015 | K7: 2020 | L7: 2025 | M7: 2030 | N7: 2035 | O7: 2040 | P7: 2045 | Q7: 2050
C8: VAR_FIn | D8: RES-PV | E8: SOL | F8: ESOLPVRES | G8: R1 | H8: 0.048109383 | I8: 0.72131544 | J8: 0.9016443 | K8: 43.261256 | L8: 43.261256 | M8: 43.261256 | N8: 43.261256 | O8: 43.261256 | P8: 43.261256 | Q8: 43.261256
C9: VAR_FIn | D9: RES-PV | E9: SOL | F9: ESOLPVRES | G9: R2 | H9: 2.1294222 | I9: 2.6258939 | J9: 3.2823674 | K9: 69.925816 | L9: 81.296734 | M9: 103.39798 | N9: 103.39798 | O9: 103.39798 | P9: 103.39798 | Q9: 103.39798
C10: VAR_FIn | D10: RES-PV | E10: SOL | F10: ESOLPVRES | G10: R3 | H10: 0.13395446 | I10: 0.92778573 | J10: 1.1597322 | K10: 13.695616 | L10: 16.918605 | M10: 22.701459 | N10: 90.16052 | O10: 90.16052 | P10: 90.16052 | Q10: 90.16052
C11: VAR_FIn | D11: RES-PV | E11: SOL | F11: ESOLPVRES | G11: R4 | I11: 1.4278216 | J11: 1.784777 | K11: 7.5340608 | L11: 13.283345 | M11: 19.032629 | N11: 73.506228 | O11: 73.506228 | P11: 73.506228 | Q11: 73.506228
C12: VAR_FIn | D12: RES-PV | E12: SOL | F12: ESOLPVRES | G12: R5 | H12: 3.6635834 | I12: 2.995486 | J12: 3.7443575 | K12: 117.23947 | L12: 137.52043 | M12: 137.58832 | N12: 298.10001 | O12: 298.10001 | P12: 298.10001 | Q12: 298.10001
C13: VAR_FIn | D13: RES-PV | E13: SOL | F13: ESOLPVRES | G13: R6 | I13: 0.1871529 | J13: 0.23394113 | K13: 4.5781028 | L13: 8.9222644 | M13: 13.266426 | N13: 53.826514 | O13: 53.826514 | P13: 53.826514 | Q13: 53.826514
C14: VAR_FIn | D14: RES-PV | E14: SOL | F14: ESOLPVRES | G14: R7 | H14: 0.72831305 | I14: 3.3413071 | J14: 4.1766339 | K14: 22.297875 | L14: 40.419116 | M14: 58.540357 | N14: 229.45625 | O14: 229.45625 | P14: 229.45625 | Q14: 229.45625
C15: VAR_FIn | D15: RES-PV | E15: SOL | F15: ESOLPVRES | G15: R8 | H15: 3.6118829 | I15: 12.608961 | J15: 15.761201 | K15: 28.961501 | L15: 42.161801 | M15: 55.362101 | N15: 186.71323 | O15: 186.71323 | P15: 186.71323 | Q15: 186.71323
C16: VAR_FIn | D16: RES-PV | E16: SOL | F16: ESOLPVRES | G16: R9 | H16: 26.700592 | I16: 27.887735 | J16: 34.859669 | K16: 163.36189 | L16: 192.95227 | M16: 257.35567 | N16: 257.35567 | O16: 257.35567 | P16: 257.35567 | Q16: 257.35567
C17: VAR_FIn | D17: RFZ | E17: ELC | F17: RFZCV1 | G17: R1 | I17: 0.35347923 | J17: 0.66131923 | K17: 1.6442877 | L17: 2.7036808 | M17: 2.7086292 | N17: 2.7784834 | O17: 2.7826574 | P17: 2.7473109 | Q17: 2.9030316
C18: VAR_FIn | D18: RFZ | E18: ELC | F18: RFZCV1 | G18: R2 | J18: 0.65585285 | K18: 3.833642 | L18: 7.3247335 | M18: 7.4643802 | N18: 7.6064827 | O18: 7.5776229 | P18: 7.4439435 | Q18: 7.8284772
C19: VAR_FIn | D19: RFZ | E19: ELC | F19: RFZCV1 | G19: R3 | K19: 3.6817665 | L19: 8.1795677 | M19: 8.5065548 | N19: 8.7227158 | O19: 8.7414805 | P19: 8.6398068 | Q19: 9.1082237
C20: VAR_FIn | D20: RFZ | E20: ELC | F20: RFZCV1 | G20: R4 | K20: 1.1577652 | L20: 3.8141556 | M20: 4.0162708 | N20: 4.1734438 | O20: 4.2433591 | P20: 4.2574714 | Q20: 4.5590011
C21: VAR_FIn | D21: RFZ | E21: ELC | F21: RFZCV1 | G21: R5 | I21: 0.67948134 | J21: 2.6298261 | K21: 7.3669545 | L21: 12.482543 | M21: 13.043161 | N21: 13.897496 | O21: 14.481426 | P21: 14.897665 | Q21: 16.337413
C22: VAR_FIn | D22: RFZ | E22: ELC | F22: RFZCV1 | G22: R6 | K22: 1.2252623 | L22: 3.3995446 | M22: 3.5785873 | N22: 3.7147623 | O22: 3.7722924 | P22: 3.7821422 | Q22: 4.0594493
C23: VAR_FIn | D23: RFZ | E23: ELC | F23: RFZCV1 | G23: R7 | I23: 0.11279514 | J23: 1.4729962 | K23: 4.5163226 | L23: 7.8111893 | M23: 8.2483246 | N23: 8.8445998 | O23: 9.2732987 | P23: 9.5951468 | Q23: 10.600249
C24: VAR_FIn | D24: RFZ | E24: ELC | F24: RFZCV1 | G24: R8 | J24: 0.59180998 | K24: 2.5615868 | L24: 4.7275403 | M24: 5.0889354 | N24: 5.5108447 | O24: 5.8360827 | P24: 6.1011549 | Q24: 6.8196743
C25: VAR_FIn | D25: RFZ | E25: ELC | F25: RFZCV1 | G25: R9 | I25: 0.20056272 | J25: 3.6504381 | K25: 6.9595891 | L25: 10.425049 | M25: 10.53932 | N25: 11.110416 | O25: 11.456735 | P25: 11.678198 | Q25: 12.715516
C26: VAR_FIn | D26: RFZ | E26: ELC | F26: RFZR | G26: R1 | H26: 3.5531633 | I26: 3.5904464 | J26: 2.5646046 | K26: 1.2823023
C27: VAR_FIn | D27: RFZ | E27: ELC | F27: RFZR | G27: R2 | H27: 11.169583 | I27: 11.151848 | J27: 8.4454184 | K27: 4.2227092
C28: VAR_FIn | D28: RFZ | E28: ELC | F28: RFZR | G28: R3 | H28: 12.694737 | I28: 12.650304 | J28: 10.246019 | K28: 5.3617436
C29: VAR_FIn | D29: RFZ | E29: ELC | F29: RFZR | G29: R4 | H29: 5.5764717 | I29: 5.5883972 | J29: 4.6277346 | K29: 3.1784998
C30: VAR_FIn | D30: RFZ | E30: ELC | F30: RFZR | G30: R5 | H30: 16.303056 | I30: 15.74424 | J30: 11.245886 | K30: 5.6229429
C31: VAR_FIn | D31: RFZ | E31: ELC | F31: RFZR | G31: R6 | H31: 5.0139297 | I31: 5.0183785 | J31: 4.1355756 | K31: 2.5775641
C32: VAR_FIn | D32: RFZ | E32: ELC | F32: RFZR | G32: R7 | H32: 9.9366152 | I32: 9.9230644 | J32: 7.0879032 | K32: 3.5439516
C33: VAR_FIn | D33: RFZ | E33: ELC | F33: RFZR | G33: R8 | H33: 6.1284068 | I33: 6.1603115 | J33: 4.569839 | K33: 2.2849195
C34: VAR_FIn | D34: RFZ | E34: ELC | F34: RFZR | G34: R9 | H34: 10.903393 | I34: 11.00766 | J34: 7.8626141 | K34: 3.931307
C35: VAR_FIn | D35: RLT-ALL | E35: ELC | F35: RLTECFLR | G35: R1 | H35: 0.19872328
C36: VAR_FIn | D36: RLT-ALL | E36: ELC | F36: RLTECFLR | G36: R2 | H36: 0.56222875
C37: VAR_FIn | D37: RLT-ALL | E37: ELC | F37: RLTECFLR | G37: R3 | H37: 0.63899841
C38: VAR_FIn | D38: RLT-ALL | E38: ELC | F38: RLTECFLR | G38: R4 | H38: 0.28069558
C39: VAR_FIn | D39: RLT-ALL | E39: ELC | F39: RLTECFLR | G39: R5 | H39: 0.82062569
C40: VAR_FIn | D40: RLT-ALL | E40: ELC | F40: RLTECFLR | G40: R6 | H40: 0.25237964
C41: VAR_FIn | D41: RLT-ALL | E41: ELC | F41: RLTECFLR | G41: R7 | H41: 0.50016644
C42: VAR_FIn | D42: RLT-ALL | E42: ELC | F42: RLTECFLR | G42: R8 | H42: 0.30847762
C43: VAR_FIn | D43: RLT-ALL | E43: ELC | F43: RLTECFLR | G43: R9 | H43: 0.68603732
C44: VAR_FIn | D44: RLT-ALL | E44: ELC | F44: RLTEHPSR | G44: R1 | H44: 0.12607176 | I44: 0.1222514 | J44: 0.10696997 | K44: 0.087868193
C45: VAR_FIn | D45: RLT-ALL | E45: ELC | F45: RLTEHPSR | G45: R2 | H45: 0.35668275 | I45: 0.34587419 | J45: 0.30263991 | K45: 0.24859707
C46: VAR_FIn | D46: RLT-ALL | E46: ELC | F46: RLTEHPSR | G46: R3 | H46: 0.40538609 | I46: 0.39310166 | J46: 0.34396395 | K46: 0.28254182
C47: VAR_FIn | D47: RLT-ALL | E47: ELC | F47: RLTEHPSR | G47: R4 | H47: 0.17807569 | I47: 0.17267946 | J47: 0.15109453 | K47: 0.12411336
C48: VAR_FIn | D48: RLT-ALL | E48: ELC | F48: RLTEHPSR | G48: R5 | H48: 0.520612 | I48: 0.50483587 | J48: 0.44173139 | K48: 0.36285078
C49: VAR_FIn | D49: RLT-ALL | E49: ELC | F49: RLTEHPSR | G49: R6 | H49: 0.16011182 | I49: 0.15525994 | J49: 0.13585245 | K49: 0.11159308
C50: VAR_FIn | D50: RLT-ALL | E50: ELC | F50: RLTEHPSR | G50: R7 | H50: 0.31730989 | I50: 0.30769444 | J50: 0.26923264 | K50: 0.22115538
C51: VAR_FIn | D51: RLT-ALL | E51: ELC | F51: RLTEHPSR | G51: R8 | H51: 0.19570086 | I51: 0.18977053 | J51: 0.16604921 | K51: 0.13639757
C52: VAR_FIn | D52: RLT-ALL | E52: ELC | F52: RLTEHPSR | G52: R9 | H52: 0.43522798 | I52: 0.42203925 | J52: 0.36928435 | K52: 0.30334071
C53: VAR_FIn | D53: RLT-ALL | E53: ELC | F53: RLTEINCR | G53: R1 | H53: 0.99361638
C54: VAR_FIn | D54: RLT-ALL | E54: ELC | F54: RLTEINCR | G54: R2 | H54: 2.8111437
C55: VAR_FIn | D55: RLT-ALL | E55: ELC | F55: RLTEINCR | G55: R3 | H55: 3.194992
C56: VAR_FIn | D56: RLT-ALL | E56: ELC | F56: RLTEINCR | G56: R4 | H56: 1.4034779
C57: VAR_FIn | D57: RLT-ALL | E57: ELC | F57: RLTEINCR | G57: R5 | H57: 4.1031284
C58: VAR_FIn | D58: RLT-ALL | E58: ELC | F58: RLTEINCR | G58: R6 | H58: 1.2618982
C59: VAR_FIn | D59: RLT-ALL | E59: ELC | F59: RLTEINCR | G59: R7 | H59: 2.5008322
C60: VAR_FIn | D60: RLT-ALL | E60: ELC | F60: RLTEINCR | G60: R8 | H60: 1.5423881
C61: VAR_FIn | D61: RLT-ALL | E61: ELC | F61: RLTEINCR | G61: R9 | H61: 3.4301866
C62: VAR_FIn | D62: RLT-ALL | E62: ELC | F62: RLTGCFLR | G62: R1 | H62: 2.5834026
C63: VAR_FIn | D63: RLT-ALL | E63: ELC | F63: RLTGCFLR | G63: R2 | H63: 7.3089737
C64: VAR_FIn | D64: RLT-ALL | E64: ELC | F64: RLTGCFLR | G64: R3 | H64: 8.3069793
... C79: VAR_FIn | D79: RLT-ALL | E79: ELC | F79: RLTGINCR | G79: R9 | H79: 76.83618
C80: VAR_FIn | D80: RLT-ALL | E80: ELC | F80: RLTGLED | G80: R1 | L80: 6.4874484 | M80: 6.6814402 | N80: 6.8593311 | O80: 7.0119016 | P80: 7.1460378 | Q80: 7.2968655
C81: VAR_FIn | D81: RLT-ALL | E81: ELC | F81: RLTGLED | G81: R2 | L81: 18.019061 | M81: 18.415257 | N81: 18.783306 | O81: 19.101265 | P81: 19.370879 | Q81: 19.687148
C82: VAR_FIn | D82: RLT-ALL | E82: ELC | F82: RLTGLED | G82: R3 | L82: 20.407937 | M82: 20.983967 | N82: 21.534838 | O82: 22.027827 | P82: 22.473141 | Q82: 22.894844
C83: VAR_FIn | D83: RLT-ALL | E83: ELC | F83: RLTGLED | G83: R4 | L83: 9.5162789 | M83: 9.9050633 | N83: 10.298759 | O83: 10.685475 | P83: 11.063868 | Q83: 11.446379
C84: VAR_FIn | D84: RLT-ALL | E84: ELC | F84: RLTGLED | G84: R5 | L84: 30.11702 | M84: 32.152451 | N84: 34.264689 | O84: 36.421582 | P84: 38.653754 | Q84: 40.942632
C85: VAR_FIn | D85: RLT-ALL | E85: ELC | F85: RLTGLED | G85: R6 | L85: 8.4818287 | M85: 8.825683 | N85: 9.167094 | O85: 9.499671 | P85: 9.829167 | Q85: 10.192302
C86: VAR_FIn | D86: RLT-ALL | E86: ELC | F86: RLTGLED | G86: R7 | L86: 18.913716 | M86: 20.330272 | N86: 21.80179 | O86: 23.315756 | P86: 24.88651 | Q86: 26.552953
C87: VAR_FIn | D87: RLT-ALL | E87: ELC | F87: RLTGLED | G87: R8 | L87: 11.564096 | M87: 12.541082 | N87: 13.579931 | O87: 14.667129 | P87: 15.815474 | Q87: 17.071325
C88: VAR_FIn | D88: RLT-ALL | E88: ELC | F88: RLTGLED | G88: R9 | L88: 24.585102 | M88: 25.985041 | N88: 27.402753 | O88: 28.828792 | P88: 30.319102 | Q88: 31.887768
C89: VAR_FIn | D89: RLT-ALL | E89: ELC | F89: RLTGLEDR | G89: R1 | H89: 0.19872328
C90: VAR_FIn | D90: RLT-ALL | E90: ELC | F90: RLTGLEDR | G90: R2 | H90: 0.56222875
C91: VAR_FIn | D91: RLT-ALL | E91: ELC | F91: RLTGLEDR | G91: R3 | H91: 0.63899841
C92: VAR_FIn | D92: RLT-ALL | E92: ELC | F92: RLTGLEDR | G92: R4 | H92: 0.28069558
C93: VAR_FIn | D93: RLT-ALL | E93: ELC | F93: RLTGLEDR | G93: R5 | H93: 0.82062569
C94: VAR_FIn | D94: RLT-ALL | E94: ELC | F94: RLTGLEDR | G94: R6 | H94: 0.25237964
C95: VAR_FIn | D95: RLT-ALL | E95: ELC | F95: RLTGLEDR | G95: R7 | H95: 0.50016644
C96: VAR_FIn | D96: RLT-ALL | E96: ELC | F96: RLTGLEDR | G96: R8 | H96: 0.30847762
C97: VAR_FIn | D97: RLT-ALL | E97: ELC | F97: RLTGLEDR | G97: R9 | H97: 0.68603732
C98: VAR_FIn | D98: RLT-ALL | E98: ELC | F98: RLTLT12R | G98: R1 | H98: 1.3910629
C99: VAR_FIn | D99: RLT-ALL | E99: ELC | F99: RLTLT12R | G99: R2 | H99: 3.9356012
C100: VAR_FIn | D100: RLT-ALL | E100: ELC | F100: RLTLT12R | G100: R3 | H100: 4.4729889
C101: VAR_FIn | D101: RLT-ALL | E101: ELC | F101: RLTLT12R | G101: R4 | H101: 1.9648691 | K101: 1.0292171
C102: VAR_FIn | D102: RLT-ALL | E102: ELC | F102: RLTLT12R | G102: R5 | H102: 5.7443798
C103: VAR_FIn | D103: RLT-ALL | E103: ELC | F103: RLTLT12R | G103: R6 | H103: 1.7666575 | K103: 0.92539202
C104: VAR_FIn | D104: RLT-ALL | E104: ELC | F104: RLTLT12R | G104: R7 | H104: 3.5011651 | K104: 1.8339436
C105: VAR_FIn | D105: RLT-ALL | E105: ELC | F105: RLTLT12R | G105: R8 | H105: 2.1593433 | K105: 1.1310846
C106: VAR_FIn | D106: RLT-ALL | E106: ELC | F106: RLTLT12R | G106: R9 | H106: 4.8022613
C107: VAR_FIn | D107: RLT-ALL | E107: ELC | F107: RLTLT8 | G107: R1 | I107: 8.6098459 | J107: 8.6962563 | K107: 9.7125901
C108: VAR_FIn | D108: RLT-ALL | E108: ELC | F108: RLTLT8 | G108: R2 | I108: 24.344056 | J108: 24.529833 | K108: 27.190084
C109: VAR_FIn | D109: RLT-ALL | E109: ELC | F109: RLTLT8 | G109: R3 | I109: 27.610707 | J109: 27.596536 | K109: 30.621686
C110: VAR_FIn | D110: RLT-ALL | E110: ELC | F110: RLTLT8 | G110: R4 | I110: 12.203042 | J110: 12.488664 | K110: 13.176051
C111: VAR_FIn | D111: RLT-ALL | E111: ELC | F111: RLTLT8 | G111: R5 | I111: 35.879051 | J111: 37.510435 | K111: 43.646393
C112: VAR_FIn | D112: RLT-ALL | E112: ELC | F112: RLTLT8 | G112: R6 | I112: 10.957189 | J112: 11.155768 | K112: 11.73729
C113: VAR_FIn | D113: RLT-ALL | E113: ELC | F113: RLTLT8 | G113: R7 | I113: 21.92885 | J113: 23.161701 | K113: 25.540914
C114: VAR_FIn | D114: RLT-ALL | E114: ELC | F114: RLTLT8 | G114: R8 | I114: 13.455309 | J114: 13.943683 | K114: 15.458001
C115: VAR_FIn | D115: RLT-ALL | E115: ELC | F115: RLTLT8 | G115: R9 | I115: 29.94369 | J115: 31.107591 | K115: 35.910874
C116: VAR_FIn | D116: RLT-ALL | E116: ELC | F116: RLTLT8R | G116: R1 | H116: 0.59616983 | I116: 0.57408946 | J116: 0.48576801 | K116: 0.37536619
C117: VAR_FIn | D117: RLT-ALL | E117: ELC | F117: RLTLT8R | G117: R2 | H117: 1.6866862 | I117: 1.6242164 | J117: 1.3743369 | K117: 1.0619876
...
